MD 210,DB 70DBD 4 ΘΕΡΜ ΚΟΛΕΚΤΕΡ ΨΥΓΕΙΩΝ (ΝΕΡΟ ΑΠΟ ΔΕΞΑΜΕΝΗ),DB 30DBW 20 ramposition,DB 20DBW 174 EXTRACTION STEP,DB 10DBW 14 BACKWARD PRESS,DB 20DBD 292,Setpoint position exhaust damper,DB 400DBD 34 z2 energy,T 174,MD 284 C ana kw,MD 70 sinolo ypog-mpanioy,is_low_usage,is_low_usage_next,hour_sin,hour_cos,day_of_week_sin,day_of_week_cos,Energy
350.0,31.25733333333333,1223.4,0.5333333333333333,5.8,327680.0,100.0,16774.16,1032.6666666666667,483.72,2736.063333333333,0,0.0,-0.2588190451025208,-0.9659258262890684,-0.433883739117558,-0.9009688679024191,101.6710000000894
496.6666666666667,28.29866666666667,1215.4666666666667,0.8666666666666667,6.266666666666667,275251.2,100.0,19248.49,1024.6666666666667,305.84,2731.1066666666666,0,0.0,-0.2588190451025208,-0.9659258262890684,-0.433883739117558,-0.9009688679024191,153.85399999842048
146.66666666666666,27.054,803.8666666666667,0.8666666666666667,9.6,275251.2,98.66666666666669,24453.65,1036.0,364.94,2726.7793333333334,0,0.0,-0.2588190451025208,-0.9659258262890684,-0.433883739117558,-0.9009688679024191,134.81300000101328
0.0,28.497333333333334,1031.1333333333334,0.0,9.133333333333333,314572.8,99.0,19891.34,1040.6666666666667,368.8,2726.7673333333337,0,0.0,-0.2588190451025208,-0.9659258262890684,-0.433883739117558,-0.9009688679024191,145.95599999651313
293.3333333333333,27.59733333333333,954.8,1.8,6.6,157286.4,100.0,22821.02,1031.3333333333333,230.77,2725.181333333333,0,0.0,-0.4999999999999997,-0.8660254037844388,-0.433883739117558,-0.9009688679024191,140.812000002712
293.3333333333333,27.672666666666665,1327.3333333333333,0.8666666666666667,15.0,441275.7333333333,99.33333333333331,14161.54,1048.6666666666667,167.01,2726.5226666666663,0,0.0,-0.4999999999999997,-0.8660254037844388,-0.433883739117558,-0.9009688679024191,129.43699999898672
406.6666666666667,27.67933333333333,960.9333333333332,0.0,5.333333333333333,222822.4,100.0,12692.97,1018.6666666666666,78.36,2729.8213333333333,0,0.0,-0.4999999999999997,-0.8660254037844388,-0.433883739117558,-0.9009688679024191,143.14300000295043
0.0,30.672,744.8666666666667,0.0,0.3333333333333333,0.0,99.0,0.0,1010.0,68.1,2744.06,0,0.0,-0.4999999999999997,-0.8660254037844388,-0.433883739117558,-0.9009688679024191,104.36499999836089
146.66666666666666,34.70733333333333,1205.0,0.0,0.0,0.0,95.0,0.0,1010.0,68.1,2771.2926666666667,0,0.0,-0.7071067811865471,-0.7071067811865479,-0.433883739117558,-0.9009688679024191,37.66200000047684
366.6666666666667,34.406666666666666,1205.0,0.0,0.0,0.0,98.33333333333331,16521.93,1026.0,99.58,2762.354,0,0.0,-0.7071067811865471,-0.7071067811865479,-0.433883739117558,-0.9009688679024191,31.199000000953674
0.0,35.467333333333336,728.0666666666667,0.0,0.8,152917.33333333334,100.0,99552.16,1050.0,113.33,2767.142666666666,0,0.0,-0.7071067811865471,-0.7071067811865479,-0.433883739117558,-0.9009688679024191,63.78599999845028
0.0,33.64666666666667,461.53333333333336,0.0666666666666666,0.7333333333333333,144179.2,100.0,81090.98,1044.0,309.82,2763.0133333333333,0,0.0,-0.7071067811865471,-0.7071067811865479,-0.433883739117558,-0.9009688679024191,162.72599999979138
0.0,34.374,671.0666666666667,0.8666666666666667,1.2,214084.26666666663,100.0,66138.27,1036.6666666666667,114.28,2764.1093333333333,0,0.0,-0.8660254037844384,-0.5000000000000004,-0.433883739117558,-0.9009688679024191,148.04199999943376
0.0,34.98066666666667,331.6666666666667,0.4666666666666667,1.3333333333333333,262144.0,100.0,80224.8,1054.0,108.29,2762.6826666666666,0,0.0,-0.8660254037844384,-0.5000000000000004,-0.433883739117558,-0.9009688679024191,140.9400000013411
0.0,34.68333333333333,714.7333333333333,0.3333333333333333,0.7333333333333333,200977.06666666668,100.0,67769.22,1029.3333333333333,101.68,2759.644,0,0.0,-0.8660254037844384,-0.5000000000000004,-0.433883739117558,-0.9009688679024191,119.22700000181794
0.0,33.554,743.5333333333333,0.4666666666666667,0.8666666666666667,205346.13333333333,98.66666666666669,72296.19,1051.3333333333333,103.63,2756.4073333333336,0,0.0,-0.8660254037844384,-0.5000000000000004,-0.433883739117558,-0.9009688679024191,143.6939999982715
0.0,33.91266666666667,575.8,0.8666666666666667,0.2,100488.53333333334,93.33333333333331,72430.2,1035.3333333333333,239.21,2762.603333333333,0,0.0,-0.9659258262890684,-0.2588190451025206,-0.433883739117558,-0.9009688679024191,128.46399999782443
0.0,33.994,603.8,0.4666666666666667,0.9333333333333332,174762.66666666666,98.66666666666669,69787.68000000001,1046.0,229.34,2770.06,0,0.0,-0.9659258262890684,-0.2588190451025206,-0.433883739117558,-0.9009688679024191,141.7010000012815
0.0,33.958666666666666,1098.9333333333334,0.0,0.8666666666666667,170393.6,100.0,71266.57,1036.6666666666667,148.14,2776.8213333333333,0,0.0,-0.9659258262890684,-0.2588190451025206,-0.433883739117558,-0.9009688679024191,131.06700000166893
0.0,34.26933333333333,929.8666666666668,0.8666666666666667,0.6666666666666666,161655.46666666667,98.33333333333331,81669.73,1036.0,220.73,2777.674,0,0.0,-0.9659258262890684,-0.2588190451025206,-0.433883739117558,-0.9009688679024191,132.31450000032785
0.0,34.32866666666666,1212.4666666666667,0.0666666666666666,0.0,104857.6,100.0,69582.18000000001,1029.3333333333333,175.16,2777.095333333333,0,0.0,-1.0,-1.8369701987210292e-16,-0.433883739117558,-0.9009688679024191,133.14249999821186
0.0,34.376,1024.3333333333333,0.5333333333333333,0.4666666666666667,174762.66666666666,100.0,69299.32,1034.6666666666667,107.63,2774.1786666666667,0,0.0,-1.0,-1.8369701987210292e-16,-0.433883739117558,-0.9009688679024191,110.2010000012815
0.0,34.47933333333334,595.2,0.0,1.1333333333333333,100488.53333333334,99.0,64823.27,1043.3333333333333,193.9,2773.662,0,0.0,-1.0,-1.8369701987210292e-16,-0.433883739117558,-0.9009688679024191,131.08900000154972
0.0,34.45,923.3333333333334,0.8,0.4,65536.0,99.66666666666669,12553.09,1150.0,729.0899999999999,2772.0706666666665,0,0.0,-1.0,-1.8369701987210292e-16,-0.433883739117558,-0.9009688679024191,119.95899999886753
0.0,34.42266666666667,1260.0,0.0,0.0,8738.133333333333,100.0,52269.33,1080.6666666666667,442.47,2771.476666666667,0,0.0,-0.9659258262890684,0.2588190451025203,-0.433883739117558,-0.9009688679024191,42.70899999886751
0.0,34.477999999999994,970.3333333333334,0.0,1.8666666666666667,174762.66666666666,100.0,82679.11,1034.0,114.86,2771.2580000000003,0,0.0,-0.9659258262890684,0.2588190451025203,-0.433883739117558,-0.9009688679024191,85.34450000151992
0.0,34.432,1023.5333333333332,0.3333333333333333,14.933333333333334,139810.13333333333,97.33333333333331,83784.95,1053.3333333333333,123.93,2768.7973333333334,0,0.0,-0.9659258262890684,0.2588190451025203,-0.433883739117558,-0.9009688679024191,142.68149999901652
0.0,34.29600000000001,840.0666666666667,0.5333333333333333,1.0666666666666669,209715.2,98.0,80200.79,1056.6666666666667,125.13,2765.373333333333,0,0.0,-0.9659258262890684,0.2588190451025203,-0.433883739117558,-0.9009688679024191,146.48699999973178
0.0,34.263333333333335,875.4,0.3333333333333333,6.8,170393.6,78.0,41803.38,1030.0,86.88,2763.504,0,0.0,-0.8660254037844386,0.5000000000000001,-0.433883739117558,-0.9009688679024191,121.68699999898672
0.0,33.98266666666667,558.5333333333333,0.0,0.8666666666666667,0.0,77.0,0.0,1010.0,80.55,2764.6873333333333,0,0.0,-0.8660254037844386,0.5000000000000001,-0.433883739117558,-0.9009688679024191,95.53400000184774
0.0,31.570666666666668,996.2,0.0,0.0,0.0,75.0,0.0,1010.0,80.55,2764.1273333333334,0,0.0,-0.8660254037844386,0.5000000000000001,-0.433883739117558,-0.9009688679024191,32.109000001102686
0.0,29.794666666666668,1079.1333333333334,0.0,0.4666666666666667,117964.8,93.33333333333331,65102.83,1014.6666666666666,200.18,2727.7653333333337,0,0.0,-0.8660254037844386,0.5000000000000001,-0.433883739117558,-0.9009688679024191,42.98999999836087
0.0,26.662666666666667,591.6666666666666,0.2666666666666666,0.6666666666666666,279620.26666666666,100.0,75191.26,1017.3333333333334,128.65,2746.4166666666665,0,0.0,-0.7071067811865477,0.7071067811865474,-0.433883739117558,-0.9009688679024191,140.8530000001192
0.0,23.628,687.0,0.6,0.8666666666666667,375739.7333333333,100.0,61576.05,1058.0,140.24,2756.8806666666665,0,0.0,-0.7071067811865477,0.7071067811865474,-0.433883739117558,-0.9009688679024191,169.66699999943376
0.0,23.35333333333333,778.8,0.4666666666666667,1.3333333333333333,340787.2,99.0,68769.83,1027.3333333333333,131.56,2755.702,0,0.0,-0.7071067811865477,0.7071067811865474,-0.433883739117558,-0.9009688679024191,159.0460000000894
353.3333333333333,23.830666666666666,299.2,0.8666666666666667,2.466666666666667,332049.06666666665,98.66666666666669,71911.68,1028.0,122.67,2746.9773333333333,0,0.0,-0.7071067811865477,0.7071067811865474,-0.433883739117558,-0.9009688679024191,144.26000000163913
533.3333333333334,24.23,651.7333333333333,0.8666666666666667,5.4,288358.4,100.0,79367.97,1037.3333333333333,230.28,2743.092,0,0.0,-0.5000000000000004,0.8660254037844384,-0.433883739117558,-0.9009688679024191,160.90699999779463
0.0,24.37333333333333,367.6666666666667,0.0666666666666666,0.0,179131.73333333334,92.0,86847.84,1031.3333333333333,335.36,2740.448,0,0.0,-0.5000000000000004,0.8660254037844384,-0.433883739117558,-0.9009688679024191,164.6740000024438
413.3333333333333,24.278,757.5333333333333,0.0,0.6,152917.33333333334,92.0,36575.45,1022.0,237.67,2735.233333333333,0,0.0,-0.5000000000000004,0.8660254037844384,-0.433883739117558,-0.9009688679024191,138.93599999696016
30.0,24.12933333333333,1083.6,0.0,0.0666666666666666,0.0,52.333333333333336,0.0,1020.0,82.64999999999999,2735.5873333333334,0,0.0,-0.5000000000000004,0.8660254037844384,-0.433883739117558,-0.9009688679024191,127.99600000306964
146.66666666666666,24.10933333333333,522.2,0.3333333333333333,0.0,157286.4,80.0,69369.73,1020.6666666666666,118.89,2730.2033333333334,0,0.0,-0.2588190451025215,0.965925826289068,-0.433883739117558,-0.9009688679024191,52.79999999701977
120.0,23.89133333333333,587.9333333333333,0.2,0.3333333333333333,34952.53333333333,100.0,145757.0,1028.0,87.78,2732.962666666667,0,0.0,-0.2588190451025215,0.965925826289068,-0.433883739117558,-0.9009688679024191,127.96300000324844
533.3333333333334,23.382,804.4,0.4666666666666667,0.0666666666666666,192238.9333333333,100.0,90844.84,1029.3333333333333,121.03,2727.714,0,0.0,-0.2588190451025215,0.965925826289068,-0.433883739117558,-0.9009688679024191,95.687999997288
176.66666666666666,23.200666666666667,559.6,1.0666666666666669,0.2,292727.4666666667,100.0,57248.57,1031.3333333333333,201.15,2736.989333333333,0,0.0,-0.2588190451025215,0.965925826289068,-0.433883739117558,-0.9009688679024191,109.88899999856947
146.66666666666666,22.249333333333333,692.2,0.8,1.8666666666666667,310203.73333333334,100.0,67415.42,1033.3333333333333,358.61,2736.762666666667,0,0.0,0.0,1.0,-0.9749279121818236,-0.2225209339563146,131.5000000037253
620.0,21.034,682.9333333333333,0.5333333333333333,1.7333333333333334,279620.26666666666,100.0,76679.91,1016.0,202.43,2735.588666666667,0,0.0,0.0,1.0,-0.9749279121818236,-0.2225209339563146,143.04399999976158
143.33333333333334,21.53533333333333,374.4,1.1333333333333333,1.933333333333333,205346.13333333333,100.0,84990.79000000001,1027.3333333333333,212.71,2737.494,0,0.0,0.0,1.0,-0.9749279121818236,-0.2225209339563146,134.33899999782443
826.6666666666666,21.96733333333333,573.8,0.0,0.3333333333333333,257774.9333333333,100.0,67685.84,1018.6666666666666,280.33,2730.123333333333,0,0.0,0.0,1.0,-0.9749279121818236,-0.2225209339563146,102.14099999889731
506.6666666666667,22.410666666666664,468.9333333333333,0.1333333333333333,1.1333333333333333,310203.73333333334,100.0,70814.17,1028.0,264.75,2732.0693333333334,0,0.0,0.2588190451025207,0.9659258262890684,-0.9749279121818236,-0.2225209339563146,144.7090000025928
350.0,22.165333333333333,433.73333333333335,0.3333333333333333,1.0,122333.86666666668,43.0,15564.2,1020.0,84.08,2730.142,0,0.0,0.2588190451025207,0.9659258262890684,-0.9749279121818236,-0.2225209339563146,136.08800000324845
266.6666666666667,21.60533333333333,1.0,0.0,0.0,0.0,4.666666666666667,0.0,1020.0,83.25,2714.974666666667,0,0.0,0.2588190451025207,0.9659258262890684,-0.9749279121818236,-0.2225209339563146,85.04199999570847
413.3333333333333,20.738,1144.3333333333333,0.0,0.0,0.0,5.0,0.0,1020.0,83.25,2763.161333333333,0,0.0,0.2588190451025207,0.9659258262890684,-0.9749279121818236,-0.2225209339563146,52.90799999982119
293.3333333333333,20.192,1226.0,0.0,0.0,0.0,5.0,0.0,1020.0,83.25,2776.309333333333,0,0.0,0.4999999999999999,0.8660254037844387,-0.9749279121818236,-0.2225209339563146,52.38800000026822
56.66666666666666,20.832,1226.0,0.0,0.0,0.0,5.0,0.0,1020.0,83.25,2777.4953333333333,0,0.0,0.4999999999999999,0.8660254037844387,-0.9749279121818236,-0.2225209339563146,54.23200000077486
440.0,22.102,1226.0,0.0,0.0,0.0,5.0,0.0,1020.0,83.25,2777.4333333333334,0,0.0,0.4999999999999999,0.8660254037844387,-0.9749279121818236,-0.2225209339563146,53.62799999862909
406.6666666666667,22.91733333333333,1226.0,0.0,0.0,0.0,5.0,0.0,1020.0,83.25,2776.9826666666663,0,0.0,0.4999999999999999,0.8660254037844387,-0.9749279121818236,-0.2225209339563146,53.54600000008941
0.0,23.366666666666667,1226.0,0.0,0.0,0.0,5.0,0.0,1020.0,83.25,2776.3126666666667,0,0.0,0.7071067811865475,0.7071067811865476,-0.9749279121818236,-0.2225209339563146,47.53500000014901
0.0,23.540666666666667,1226.0,0.0,0.0,0.0,5.0,0.0,1020.0,83.25,2775.1006666666667,0,0.0,0.7071067811865475,0.7071067811865476,-0.9749279121818236,-0.2225209339563146,43.028999999165535
0.0,23.53533333333333,1226.0,0.0,0.0,0.0,5.0,0.0,1020.0,83.25,2773.3173333333334,0,0.0,0.7071067811865475,0.7071067811865476,-0.9749279121818236,-0.2225209339563146,33.217000000178814
293.3333333333333,23.485333333333333,1226.0,0.0,0.0,0.0,5.0,0.0,1020.0,83.25,2771.351333333333,0,0.0,0.7071067811865475,0.7071067811865476,-0.9749279121818236,-0.2225209339563146,30.51800000295043
310.0,23.346666666666668,1226.0,0.0,0.0,0.0,5.0,0.0,1020.0,83.25,2769.862666666667,0,0.0,0.8660254037844386,0.5000000000000001,-0.9749279121818236,-0.2225209339563146,34.88799999654293
293.3333333333333,23.226666666666667,1226.0,0.0,0.0,0.0,5.0,0.0,1020.0,83.25,2769.202,0,0.0,0.8660254037844386,0.5000000000000001,-0.9749279121818236,-0.2225209339563146,48.9130000025034
163.33333333333334,23.07133333333333,1226.0,0.0,0.0,0.0,5.0,0.0,1020.0,83.25,2768.3013333333333,0,0.0,0.8660254037844386,0.5000000000000001,-0.9749279121818236,-0.2225209339563146,43.70499999821186
163.33333333333334,22.868,1226.0,0.0,0.0,0.0,5.0,0.0,1020.0,83.25,2768.3973333333333,0,0.0,0.8660254037844386,0.5000000000000001,-0.9749279121818236,-0.2225209339563146,37.18300000205636
0.0,22.422,1226.0,0.0,0.0,0.0,5.0,0.0,1020.0,83.25,2765.7613333333334,0,0.0,0.9659258262890684,0.2588190451025207,-0.9749279121818236,-0.2225209339563146,33.22699999809265
0.0,20.898666666666667,1226.0,0.0,0.0,0.0,100.0,0.0,1020.0,83.25,2764.7406666666666,0,0.0,0.9659258262890684,0.2588190451025207,-0.9749279121818236,-0.2225209339563146,24.077999997884035
0.0,20.996666666666663,1226.0,0.0,0.0,0.0,100.0,0.0,1020.0,83.25,2766.748,0,0.0,0.9659258262890684,0.2588190451025207,-0.9749279121818236,-0.2225209339563146,41.91600000113249
0.0,21.334,1226.0,0.0,0.0,0.0,87.66666666666667,0.0,1020.0,83.25,2747.8706666666667,0,0.0,0.9659258262890684,0.2588190451025207,-0.9749279121818236,-0.2225209339563146,47.43900000303984
0.0,21.249333333333333,1226.0,0.0,0.0,0.0,100.0,0.0,1020.0,83.25,2707.2026666666666,0,0.0,1.0,6.123233995736766e-17,-0.9749279121818236,-0.2225209339563146,43.85699999704957
0.0,20.324666666666666,1226.0,0.0,0.0,0.0,100.0,0.0,1020.0,83.25,2710.904666666667,0,0.0,1.0,6.123233995736766e-17,-0.9749279121818236,-0.2225209339563146,62.50200000032783
0.0,19.32733333333333,1226.0,0.0,0.0,0.0,100.0,0.0,1020.0,83.25,2719.606,0,0.0,1.0,6.123233995736766e-17,-0.9749279121818236,-0.2225209339563146,51.10099999979138
0.0,18.66933333333333,1226.0,0.0,0.0,0.0,63.333333333333336,0.0,1020.0,83.25,2727.4773333333337,0,0.0,1.0,6.123233995736766e-17,-0.9749279121818236,-0.2225209339563146,47.18800000101328
0.0,18.328666666666667,1062.6666666666667,0.6,1.7333333333333334,21845.33333333333,100.0,75060.15,1028.0,191.13,2734.7973333333334,0,0.0,0.9659258262890684,-0.2588190451025206,-0.9749279121818236,-0.2225209339563146,48.83399999886751
120.0,18.17,542.5333333333333,0.6666666666666666,1.5333333333333334,96119.46666666666,100.0,35217.72,1044.0,291.8,2746.007333333333,0,0.0,0.9659258262890684,-0.2588190451025206,-0.9749279121818236,-0.2225209339563146,124.13700000196695
0.0,18.732666666666667,920.1333333333332,1.2666666666666666,14.533333333333331,139810.13333333333,100.0,24720.15,1048.0,226.64,2752.554,0,0.0,0.9659258262890684,-0.2588190451025206,-0.9749279121818236,-0.2225209339563146,152.2880000025034
0.0,17.946,885.8,1.8,2.8666666666666667,96119.46666666666,98.0,29298.31,1035.3333333333333,447.54,2721.538,0,0.0,0.9659258262890684,-0.2588190451025206,-0.9749279121818236,-0.2225209339563146,172.47399999573827
226.66666666666663,17.002666666666666,976.5333333333332,1.1333333333333333,6.466666666666667,235929.6,98.0,29627.27,1058.6666666666667,388.29,2762.9933333333333,0,0.0,0.8660254037844387,-0.4999999999999998,-0.9749279121818236,-0.2225209339563146,164.9670000001788
190.0,18.212,1145.2,1.1333333333333333,4.4,109226.66666666669,100.0,37742.37,1030.0,171.21,2758.5353333333333,0,0.0,0.8660254037844387,-0.4999999999999998,-0.9749279121818236,-0.2225209339563146,159.14600000157952
563.3333333333334,19.31533333333333,871.1333333333333,2.2666666666666666,16.066666666666666,200977.06666666668,100.0,40271.05,1050.6666666666667,209.19,2753.828,0,0.0,0.8660254037844387,-0.4999999999999998,-0.9749279121818236,-0.2225209339563146,170.14600000157952
146.66666666666666,19.884,446.53333333333336,0.8,3.6666666666666665,52428.8,100.0,22331.03,1050.0,243.7,2750.0806666666667,0,0.0,0.8660254037844387,-0.4999999999999998,-0.9749279121818236,-0.2225209339563146,141.4129999987781
513.3333333333334,20.360666666666667,1107.8666666666666,0.7333333333333333,6.266666666666667,235929.6,100.0,29440.99,1035.3333333333333,308.3,2743.156,0,0.0,0.7071067811865476,-0.7071067811865475,-0.9749279121818236,-0.2225209339563146,111.71600000187756
146.66666666666666,21.262666666666668,672.4,1.3333333333333333,4.133333333333334,87381.33333333333,100.0,25555.05,1025.3333333333333,187.09,2743.5626666666667,0,0.0,0.7071067811865476,-0.7071067811865475,-0.9749279121818236,-0.2225209339563146,176.87199999764562
370.0,21.93,906.0,2.066666666666667,3.866666666666666,131072.0,100.0,25969.15,1035.3333333333333,326.06,2733.210666666667,0,0.0,0.7071067811865476,-0.7071067811865475,-0.9749279121818236,-0.2225209339563146,123.8150000013411
56.66666666666666,21.99533333333333,1247.2,1.0,8.733333333333333,148548.26666666666,100.0,25823.53,1050.6666666666667,347.05,2733.0286666666666,0,0.0,0.7071067811865476,-0.7071067811865475,-0.9749279121818236,-0.2225209339563146,158.89799999818206
63.333333333333336,25.50133333333333,1135.8666666666666,0.6666666666666666,3.4,209715.2,100.0,28859.63,1044.0,280.07,2728.514,0,0.0,0.4999999999999999,-0.8660254037844387,-0.9749279121818236,-0.2225209339563146,164.0789999999106
293.3333333333333,26.746,910.9333333333332,0.7333333333333333,7.333333333333333,69905.06666666667,100.0,37737.96,1047.3333333333333,125.14,2736.4353333333333,0,0.0,0.4999999999999999,-0.8660254037844387,-0.9749279121818236,-0.2225209339563146,170.8830000013113
190.0,29.240666666666662,734.8,0.3333333333333333,2.466666666666667,179131.73333333334,100.0,21871.47,1037.3333333333333,179.69,2729.672,0,0.0,0.4999999999999999,-0.8660254037844387,-0.9749279121818236,-0.2225209339563146,135.18599999696016
483.3333333333333,29.00133333333333,1171.4,1.2,3.933333333333333,235929.6,100.0,20229.6,1035.3333333333333,326.48,2731.6566666666668,0,0.0,0.4999999999999999,-0.8660254037844387,-0.9749279121818236,-0.2225209339563146,156.83200000226498
140.66666666666666,29.057333333333336,1377.5333333333333,2.2666666666666666,8.2,235929.6,100.0,20080.77,1044.6666666666667,291.57,2730.864666666667,0,0.0,0.258819045102521,-0.9659258262890682,-0.9749279121818236,-0.2225209339563146,183.99300000071528
307.3333333333333,30.292666666666666,1094.4666666666667,1.4666666666666666,9.933333333333334,131072.0,100.0,30853.0,1052.0,287.51,2732.052,0,0.0,0.258819045102521,-0.9659258262890682,-0.9749279121818236,-0.2225209339563146,177.3339999988675
124.0,30.365333333333336,773.4666666666667,0.8666666666666667,5.933333333333334,144179.2,100.0,31305.26,1041.3333333333333,176.97,2737.504,0,0.0,0.258819045102521,-0.9659258262890682,-0.9749279121818236,-0.2225209339563146,156.64299999922514
54.0,31.188666666666663,1070.4,0.8,6.733333333333333,183500.8,100.0,32326.99,1046.6666666666667,200.25,2736.7726666666663,0,0.0,0.258819045102521,-0.9659258262890682,-0.9749279121818236,-0.2225209339563146,136.81100000068545
146.66666666666666,30.9,271.0,0.0,1.1333333333333333,0.0,100.0,24030.2,1017.3333333333334,161.04,2735.467333333333,0,0.0,1.2246467991473532e-16,-1.0,-0.9749279121818236,-0.2225209339563146,149.78099999949336
0.0,30.474,134.4,0.0,0.0666666666666666,61166.93333333333,100.0,27835.17,1025.3333333333333,376.52,2729.1853333333333,0,0.0,1.2246467991473532e-16,-1.0,-0.9749279121818236,-0.2225209339563146,62.797000002115965
186.66666666666663,28.87,1291.9333333333334,1.4666666666666666,17.666666666666668,196608.0,100.0,19174.2,1046.0,315.13,2726.413333333333,0,0.0,1.2246467991473532e-16,-1.0,-0.9749279121818236,-0.2225209339563146,149.94500000029802
404.0,25.758666666666667,1315.0,1.2,6.6,166024.53333333333,100.0,19823.68,1019.3333333333334,165.74,2731.413333333333,0,0.0,1.2246467991473532e-16,-1.0,-0.9749279121818236,-0.2225209339563146,175.29699999839067
363.3333333333333,27.950666666666667,1220.6666666666667,0.0666666666666666,3.2,170393.6,100.0,26809.61,1027.3333333333333,219.86,2732.1053333333334,0,0.0,-0.2588190451025208,-0.9659258262890684,-0.9749279121818236,-0.2225209339563146,190.98999999836087
197.3333333333333,30.063333333333333,1237.2666666666669,1.5333333333333334,4.8,209715.2,100.0,28630.05,1041.3333333333333,274.96,2732.536,0,0.0,-0.2588190451025208,-0.9659258262890684,-0.9749279121818236,-0.2225209339563146,151.0870000012219
140.66666666666666,31.267333333333333,366.73333333333335,0.6666666666666666,1.0,39321.6,100.0,33118.24,1026.0,221.11,2732.966,0,0.0,-0.2588190451025208,-0.9659258262890684,-0.9749279121818236,-0.2225209339563146,161.8559999987483
134.0,31.116,817.3333333333334,1.0,9.666666666666666,166024.53333333333,100.0,40531.17,1031.3333333333333,183.78,2725.852,0,0.0,-0.2588190451025208,-0.9659258262890684,-0.9749279121818236,-0.2225209339563146,121.089999999851
257.3333333333333,30.67,684.1333333333333,0.8,4.0,157286.4,100.0,23806.43,1032.6666666666667,254.92,2730.9726666666666,0,0.0,-0.4999999999999997,-0.8660254037844388,-0.9749279121818236,-0.2225209339563146,133.62400000169873
340.0,29.922666666666668,1399.0666666666666,1.4,12.733333333333333,209715.2,100.0,22617.99,1056.6666666666667,401.74,2731.9573333333333,0,0.0,-0.4999999999999997,-0.8660254037844388,-0.9749279121818236,-0.2225209339563146,175.0679999999702
200.66666666666663,30.898000000000003,1091.7333333333331,1.2666666666666666,6.533333333333333,222822.4,100.0,21128.5,1048.0,276.46,2732.4773333333333,0,0.0,-0.4999999999999997,-0.8660254037844388,-0.9749279121818236,-0.2225209339563146,178.92599999904633
178.0,31.816,1162.6666666666667,1.4666666666666666,6.066666666666666,52428.8,100.0,36136.37,1043.3333333333333,131.97,2730.734,0,0.0,-0.4999999999999997,-0.8660254037844388,-0.9749279121818236,-0.2225209339563146,182.4000000022352
30.0,31.730666666666664,968.2,0.0,0.0,0.0,100.0,26500.08,1029.3333333333333,262.24,2724.712,0,0.0,-0.7071067811865471,-0.7071067811865479,-0.9749279121818236,-0.2225209339563146,83.74899999797344
74.0,29.486,1174.1333333333334,1.8,7.266666666666667,235929.6,100.0,29534.49,1037.3333333333333,207.9,2726.718,0,0.0,-0.7071067811865471,-0.7071067811865479,-0.9749279121818236,-0.2225209339563146,128.9039999991655
413.3333333333333,30.602,792.1333333333333,0.6666666666666666,2.7333333333333334,78643.2,100.0,45509.29,1034.0,276.71,2732.772,0,0.0,-0.7071067811865471,-0.7071067811865479,-0.9749279121818236,-0.2225209339563146,167.38199999928474
124.0,30.232000000000003,934.1333333333332,0.8,4.533333333333333,235929.6,100.0,22426.56,1049.3333333333333,306.14,2730.383333333333,0,0.0,-0.7071067811865471,-0.7071067811865479,-0.9749279121818236,-0.2225209339563146,132.0950000025332
336.6666666666667,29.816666666666663,1363.0,2.066666666666667,7.933333333333334,214084.26666666663,100.0,24639.9,1044.6666666666667,445.55,2733.230666666667,0,0.0,-0.8660254037844384,-0.5000000000000004,-0.9749279121818236,-0.2225209339563146,176.41699999943376
100.0,30.64,1356.9333333333334,2.2666666666666666,7.333333333333333,183500.8,100.0,26008.97,1056.6666666666667,226.91,2736.0546666666664,0,0.0,-0.8660254037844384,-0.5000000000000004,-0.9749279121818236,-0.2225209339563146,185.2960000000894
43.333333333333336,30.93533333333333,712.4666666666667,0.8666666666666667,3.8,100488.53333333334,100.0,34328.67,1044.6666666666667,316.61,2744.076666666667,0,0.0,-0.8660254037844384,-0.5000000000000004,-0.9749279121818236,-0.2225209339563146,148.78399999812245
297.3333333333333,31.645333333333333,992.0,1.0,6.8,131072.0,100.0,20640.12,1047.3333333333333,278.32,2742.126,0,0.0,-0.8660254037844384,-0.5000000000000004,-0.9749279121818236,-0.2225209339563146,132.2090000025928
108.0,31.70133333333333,922.2,1.6,6.866666666666666,83012.26666666666,100.0,42189.43,1034.6666666666667,140.47,2737.429333333333,0,0.0,-0.9659258262890684,-0.2588190451025206,-0.9749279121818236,-0.2225209339563146,171.99799999967215
43.333333333333336,31.718666666666664,337.53333333333336,1.0666666666666669,1.8,113595.73333333334,100.0,30319.49,1041.3333333333333,220.13,2733.922,0,0.0,-0.9659258262890684,-0.2588190451025206,-0.9749279121818236,-0.2225209339563146,111.285000000149
214.0,30.645333333333333,1259.4666666666667,1.1333333333333333,3.533333333333333,209715.2,100.0,22108.5,1046.6666666666667,315.71,2727.036,0,0.0,-0.9659258262890684,-0.2588190451025206,-0.9749279121818236,-0.2225209339563146,141.23999999836087
184.0,30.5,1058.2666666666669,1.0666666666666669,2.533333333333333,161655.46666666667,100.0,26163.99,1048.6666666666667,213.22,2731.6106666666665,0,0.0,-0.9659258262890684,-0.2588190451025206,-0.9749279121818236,-0.2225209339563146,187.17500000074503
190.0,30.93533333333333,1175.1333333333334,1.0,16.0,179131.73333333334,100.0,39641.53,1047.3333333333333,252.13,2731.5533333333337,0,0.0,-1.0,-1.8369701987210292e-16,-0.9749279121818236,-0.2225209339563146,145.03900000080466
146.66666666666666,30.858,1081.4666666666667,1.6,5.333333333333333,183500.8,49.333333333333336,29590.51,1025.3333333333333,167.7,2731.3086666666663,0,0.0,-1.0,-1.8369701987210292e-16,-0.9749279121818236,-0.2225209339563146,157.59299999848008
0.0,31.314,394.53333333333336,0.0,1.7333333333333334,0.0,26.0,0.0,1000.0,94.5,2737.32,0,0.0,-1.0,-1.8369701987210292e-16,-0.9749279121818236,-0.2225209339563146,143.4670000001788
0.0,30.07933333333333,2.0,0.0,0.0,0.0,50.0,0.0,1000.0,94.5,2760.822,0,1.0,-1.0,-1.8369701987210292e-16,-0.9749279121818236,-0.2225209339563146,28.73300000280142
0.0,25.70266666666667,2.0,0.0,0.0,0.0,50.0,0.0,1000.0,94.5,2768.643333333333,1,1.0,-0.9659258262890684,0.2588190451025203,-0.9749279121818236,-0.2225209339563146,26.78999999910593
0.0,22.71466666666667,2.0,0.0,0.0,0.0,50.0,0.0,1000.0,94.5,2783.038,1,1.0,-0.9659258262890684,0.2588190451025203,-0.9749279121818236,-0.2225209339563146,29.62900000065565
0.0,22.028,2.0,0.0,0.0,0.0,50.0,0.0,1000.0,94.5,2785.99,1,1.0,-0.9659258262890684,0.2588190451025203,-0.9749279121818236,-0.2225209339563146,28.04800000041724
0.0,22.07,2.0,0.0,0.0,0.0,50.0,0.0,1000.0,94.5,2787.186,1,1.0,-0.9659258262890684,0.2588190451025203,-0.9749279121818236,-0.2225209339563146,27.66399999707937
0.0,22.146,2.0,0.0,0.0,0.0,50.0,0.0,1000.0,94.5,2787.6706666666664,1,1.0,-0.8660254037844386,0.5000000000000001,-0.9749279121818236,-0.2225209339563146,29.113000001758337
0.0,22.266666666666666,2.0,0.0,0.0,0.0,50.0,0.0,1000.0,94.5,2788.3106666666667,1,1.0,-0.8660254037844386,0.5000000000000001,-0.9749279121818236,-0.2225209339563146,27.54149999842048
0.0,22.286,2.0,0.0,0.0,0.0,50.0,0.0,1000.0,94.5,2788.3146666666667,1,1.0,-0.8660254037844386,0.5000000000000001,-0.9749279121818236,-0.2225209339563146,22.121500000357628
0.0,22.336,2.0,0.0,0.0,0.0,50.0,0.0,1000.0,94.5,2789.409333333333,1,1.0,-0.8660254037844386,0.5000000000000001,-0.9749279121818236,-0.2225209339563146,18.100999999791384
0.0,22.318,2.0,0.0,0.0,0.0,50.0,0.0,1000.0,94.5,2789.4226666666664,1,1.0,-0.7071067811865477,0.7071067811865474,-0.9749279121818236,-0.2225209339563146,20.278000000864267
0.0,22.274,2.0,0.0,0.0,0.0,50.0,0.0,1000.0,94.5,2789.595333333333,1,1.0,-0.7071067811865477,0.7071067811865474,-0.9749279121818236,-0.2225209339563146,22.43100000172853
0.0,22.23866666666667,2.0,0.0,0.0,0.0,50.0,0.0,1000.0,94.5,2788.9733333333334,1,1.0,-0.7071067811865477,0.7071067811865474,-0.9749279121818236,-0.2225209339563146,28.502999998629093
0.0,22.160000000000004,2.0,0.0,0.0,0.0,50.0,0.0,1000.0,94.5,2788.776,1,1.0,-0.7071067811865477,0.7071067811865474,-0.9749279121818236,-0.2225209339563146,13.523000001907349
0.0,21.966666666666665,2.0,0.0,0.0,0.0,50.0,0.0,1000.0,94.5,2788.565333333333,1,1.0,-0.5000000000000004,0.8660254037844384,-0.9749279121818236,-0.2225209339563146,9.978999998420475
0.0,21.676,2.0,0.0,0.0,0.0,50.0,0.0,1000.0,94.5,2788.309333333333,1,1.0,-0.5000000000000004,0.8660254037844384,-0.9749279121818236,-0.2225209339563146,11.769999999552963
0.0,21.566,2.0,0.0,0.0,0.0,50.0,0.0,1000.0,94.5,2787.994,1,1.0,-0.5000000000000004,0.8660254037844384,-0.9749279121818236,-0.2225209339563146,26.122000001370907
0.0,21.44,2.0,0.0,0.0,0.0,50.0,0.0,1000.0,94.5,2787.8326666666667,1,1.0,-0.5000000000000004,0.8660254037844384,-0.9749279121818236,-0.2225209339563146,24.82099999859929
0.0,21.324,2.0,0.0,0.0,0.0,46.66666666666666,0.0,1000.0,94.5,2788.339333333333,1,1.0,-0.2588190451025215,0.965925826289068,-0.9749279121818236,-0.2225209339563146,24.2039999999106
0.0,21.33,2.0,0.0,0.0,0.0,50.0,0.0,1000.0,94.5,2788.0326666666665,1,1.0,-0.2588190451025215,0.965925826289068,-0.9749279121818236,-0.2225209339563146,18.59200000017881
0.0,21.087333333333333,2.0,0.0,0.0,0.0,50.0,0.0,1000.0,94.5,2787.864,1,1.0,-0.2588190451025215,0.965925826289068,-0.9749279121818236,-0.2225209339563146,14.434000000357628
0.0,21.0,2.0,0.0,0.0,0.0,50.0,0.0,1000.0,94.5,2787.802666666667,1,1.0,-0.2588190451025215,0.965925826289068,-0.9749279121818236,-0.2225209339563146,9.782000001519918
0.0,20.950666666666667,2.0,0.0,0.0,0.0,50.0,0.0,1000.0,94.5,2787.7433333333333,1,1.0,0.0,1.0,-0.7818314824680299,0.6234898018587334,19.31299999728799
0.0,20.92,2.0,0.0,0.0,0.0,50.0,0.0,1000.0,94.5,2787.800666666667,1,1.0,0.0,1.0,-0.7818314824680299,0.6234898018587334,24.55000000074505
0.0,20.83533333333333,2.0,0.0,0.0,0.0,50.0,0.0,1000.0,94.5,2787.6386666666667,1,1.0,0.0,1.0,-0.7818314824680299,0.6234898018587334,23.820000000298023
0.0,20.746,2.0,0.0,0.0,0.0,50.0,0.0,1000.0,94.5,2787.536666666667,1,1.0,0.0,1.0,-0.7818314824680299,0.6234898018587334,18.864000000059605
0.0,20.614,2.0,0.0,0.0,0.0,50.0,0.0,1000.0,94.5,2787.037333333333,1,1.0,0.2588190451025207,0.9659258262890684,-0.7818314824680299,0.6234898018587334,21.39699999988079
0.0,20.240666666666662,2.0,0.0,0.0,0.0,50.0,0.0,1000.0,94.5,2787.1066666666666,1,1.0,0.2588190451025207,0.9659258262890684,-0.7818314824680299,0.6234898018587334,15.729000002145767
0.0,19.426,2.0,0.0,0.0,0.0,50.0,0.0,1000.0,94.5,2786.512,1,1.0,0.2588190451025207,0.9659258262890684,-0.7818314824680299,0.6234898018587334,16.577999997884035
0.0,18.682,2.0,0.0,0.0,0.0,50.0,0.0,1000.0,94.5,2787.635333333333,1,1.0,0.2588190451025207,0.9659258262890684,-0.7818314824680299,0.6234898018587334,20.144000001251698
0.0,18.456666666666667,2.0,0.0,0.0,0.0,50.0,0.0,1000.0,94.5,2786.648,1,1.0,0.4999999999999999,0.8660254037844387,-0.7818314824680299,0.6234898018587334,23.033999998122454
0.0,18.824,2.0,0.0,0.0,0.0,50.0,0.0,1000.0,94.5,2786.314,1,1.0,0.4999999999999999,0.8660254037844387,-0.7818314824680299,0.6234898018587334,19.679999999701977
0.0,19.090666666666667,2.0,0.0,0.0,0.0,50.0,0.0,1000.0,94.5,2786.7006666666666,1,1.0,0.4999999999999999,0.8660254037844387,-0.7818314824680299,0.6234898018587334,22.70600000023842
0.0,19.158,2.0,0.0,0.0,0.0,50.0,0.0,1000.0,94.5,2786.4333333333334,1,1.0,0.4999999999999999,0.8660254037844387,-0.7818314824680299,0.6234898018587334,23.460999999195337
0.0,19.166,2.0,0.0,0.0,0.0,50.0,0.0,1000.0,94.5,2786.2973333333334,1,1.0,0.7071067811865475,0.7071067811865476,-0.7818314824680299,0.6234898018587334,18.409000001847744
0.0,19.101333333333333,2.0,0.0,0.0,0.0,50.0,0.0,1000.0,94.5,2786.4926666666665,1,1.0,0.7071067811865475,0.7071067811865476,-0.7818314824680299,0.6234898018587334,7.5020000003278255
0.0,19.068,2.0,0.0,0.0,0.0,50.0,0.0,1000.0,94.5,2786.476,1,1.0,0.7071067811865475,0.7071067811865476,-0.7818314824680299,0.6234898018587334,8.260999996215105
0.0,18.499333333333333,2.0,0.0,0.0,0.0,50.0,0.0,1000.0,94.5,2787.088,1,1.0,0.7071067811865475,0.7071067811865476,-0.7818314824680299,0.6234898018587334,15.044000003486872
0.0,18.331333333333337,2.0,0.0,0.0,0.0,50.0,0.0,1000.0,94.5,2786.4053333333336,1,1.0,0.8660254037844386,0.5000000000000001,-0.7818314824680299,0.6234898018587334,24.89699999988079
0.0,18.538,2.0,0.0,0.0,0.0,50.0,0.0,1000.0,94.5,2786.026,1,1.0,0.8660254037844386,0.5000000000000001,-0.7818314824680299,0.6234898018587334,22.29199999943376
0.0,18.644,2.0,0.0,0.0,0.0,50.0,0.0,1000.0,94.5,2785.845333333333,1,1.0,0.8660254037844386,0.5000000000000001,-0.7818314824680299,0.6234898018587334,17.97300000116229
0.0,18.408666666666665,2.0,0.0,0.0,0.0,50.0,0.0,1000.0,94.5,2784.1326666666664,1,1.0,0.8660254037844386,0.5000000000000001,-0.7818314824680299,0.6234898018587334,19.32099999859929
0.0,18.102,2.0,0.0,0.0,0.0,50.0,0.0,1000.0,94.5,2785.401333333333,1,1.0,0.9659258262890684,0.2588190451025207,-0.7818314824680299,0.6234898018587334,12.36199999973178
0.0,18.198,2.0,0.0,0.0,0.0,50.0,0.0,1000.0,94.5,2785.434666666667,1,1.0,0.9659258262890684,0.2588190451025207,-0.7818314824680299,0.6234898018587334,13.328500002622604
0.0,18.290000000000003,2.0,0.0,0.0,0.0,50.0,0.0,1000.0,94.5,2785.373333333333,1,1.0,0.9659258262890684,0.2588190451025207,-0.7818314824680299,0.6234898018587334,15.546499997377396
0.0,18.262666666666668,2.0,0.0,0.0,0.0,50.0,0.0,1000.0,94.5,2785.1953333333336,1,1.0,0.9659258262890684,0.2588190451025207,-0.7818314824680299,0.6234898018587334,22.625
0.0,18.096,2.0,0.0,0.0,0.0,50.0,0.0,1000.0,94.5,2785.056,1,1.0,1.0,6.123233995736766e-17,-0.7818314824680299,0.6234898018587334,17.749000001698732
0.0,18.138,2.0,0.0,0.0,0.0,50.0,0.0,1000.0,94.5,2785.1786666666667,1,1.0,1.0,6.123233995736766e-17,-0.7818314824680299,0.6234898018587334,17.600999999791384
0.0,18.216,2.0,0.0,0.0,0.0,50.0,0.0,1000.0,94.5,2785.3320000000003,1,1.0,1.0,6.123233995736766e-17,-0.7818314824680299,0.6234898018587334,22.38899999856949
0.0,18.192,2.0,0.0,0.0,0.0,50.0,0.0,1000.0,94.5,2785.116,1,1.0,1.0,6.123233995736766e-17,-0.7818314824680299,0.6234898018587334,23.23400000110269
0.0,18.176,2.0,0.0,0.0,0.0,46.66666666666666,0.0,1000.0,94.5,2784.747333333333,1,1.0,0.9659258262890684,-0.2588190451025206,-0.7818314824680299,0.6234898018587334,8.181999996304512
0.0,18.132,2.0,0.0,0.0,0.0,50.0,0.0,1000.0,94.5,2785.0666666666666,1,1.0,0.9659258262890684,-0.2588190451025206,-0.7818314824680299,0.6234898018587334,8.056000001728535
0.0,18.07,2.0,0.0,0.0,0.0,50.0,0.0,1000.0,94.5,2784.7013333333334,1,1.0,0.9659258262890684,-0.2588190451025206,-0.7818314824680299,0.6234898018587334,14.775000002235174
0.0,18.03066666666667,2.0,0.0,0.0,0.0,50.0,0.0,1000.0,94.5,2784.726666666667,1,1.0,0.9659258262890684,-0.2588190451025206,-0.7818314824680299,0.6234898018587334,27.761999998241663
0.0,17.948,2.0,0.0,0.0,0.0,50.0,0.0,1000.0,94.5,2784.472,1,1.0,0.8660254037844387,-0.4999999999999998,-0.7818314824680299,0.6234898018587334,27.62299999967217
0.0,17.918,2.0,0.0,0.0,0.0,50.0,0.0,1000.0,94.5,2784.364,1,1.0,0.8660254037844387,-0.4999999999999998,-0.7818314824680299,0.6234898018587334,17.548000000417233
0.0,17.916,2.0,0.0,0.0,0.0,50.0,0.0,1000.0,94.5,2784.4373333333333,1,1.0,0.8660254037844387,-0.4999999999999998,-0.7818314824680299,0.6234898018587334,17.850999999791384
0.0,17.875999999999998,2.0,0.0,0.0,0.0,50.0,0.0,1000.0,94.5,2784.447333333333,1,1.0,0.8660254037844387,-0.4999999999999998,-0.7818314824680299,0.6234898018587334,8.446000002324581
0.0,17.86,2.0,0.0,0.0,0.0,50.0,0.0,1000.0,94.5,2784.4086666666667,1,1.0,0.7071067811865476,-0.7071067811865475,-0.7818314824680299,0.6234898018587334,10.11649999767542
0.0,17.878,2.0,0.0,0.0,0.0,50.0,0.0,1000.0,94.5,2784.5,1,1.0,0.7071067811865476,-0.7071067811865475,-0.7818314824680299,0.6234898018587334,17.319499999284744
0.0,17.918000000000003,1.7333333333333334,0.0,0.0,0.0,50.0,0.0,1000.0,94.5,2784.528,1,1.0,0.7071067811865476,-0.7071067811865475,-0.7818314824680299,0.6234898018587334,20.771000001579523
0.0,17.979333333333333,1.0,0.0,0.0,0.0,50.0,0.0,1000.0,94.5,2785.007333333333,1,1.0,0.7071067811865476,-0.7071067811865475,-0.7818314824680299,0.6234898018587334,18.184000000357628
0.0,18.09,1.0,0.0,0.0,0.0,50.0,0.0,1000.0,94.5,2785.0673333333334,1,1.0,0.4999999999999999,-0.8660254037844387,-0.7818314824680299,0.6234898018587334,15.362999998033048
0.0,18.204,1.0,0.0,0.0,0.0,50.0,0.0,1000.0,94.5,2785.2346666666667,1,1.0,0.4999999999999999,-0.8660254037844387,-0.7818314824680299,0.6234898018587334,14.779000002890823
0.0,18.334,1.0,0.0,0.0,0.0,50.0,0.0,1000.0,94.5,2784.562,1,1.0,0.4999999999999999,-0.8660254037844387,-0.7818314824680299,0.6234898018587334,11.662999998778105
0.0,18.424,1.0,0.0,0.0,0.0,46.66666666666666,0.0,1000.0,94.5,2784.601333333333,1,1.0,0.4999999999999999,-0.8660254037844387,-0.7818314824680299,0.6234898018587334,16.83500000089407
0.0,18.574666666666666,1.0,0.0,0.0,0.0,46.66666666666666,0.0,1000.0,94.5,2784.3553333333334,1,1.0,0.258819045102521,-0.9659258262890682,-0.7818314824680299,0.6234898018587334,11.552499998360872
0.0,18.706000000000003,1.0,0.0,0.0,0.0,50.0,0.0,1000.0,94.5,2784.3886666666667,1,1.0,0.258819045102521,-0.9659258262890682,-0.7818314824680299,0.6234898018587334,12.065499998629091
0.0,18.793333333333333,1.0,0.0,0.0,0.0,50.0,0.0,1000.0,94.5,2784.288,1,1.0,0.258819045102521,-0.9659258262890682,-0.7818314824680299,0.6234898018587334,20.38100000098348
0.0,18.914,1.0,0.0,0.0,0.0,50.0,0.0,1000.0,94.5,2784.364666666667,1,1.0,0.258819045102521,-0.9659258262890682,-0.7818314824680299,0.6234898018587334,16.12500000372529
0.0,19.031333333333333,1.0,0.0,0.0,0.0,50.0,0.0,1000.0,94.5,2784.353333333333,1,1.0,1.2246467991473532e-16,-1.0,-0.7818314824680299,0.6234898018587334,13.94199999794364
0.0,19.12133333333333,1.0,0.0,0.0,0.0,50.0,0.0,1000.0,94.5,2784.14,1,1.0,1.2246467991473532e-16,-1.0,-0.7818314824680299,0.6234898018587334,17.421000000089407
0.0,19.222,1.0,0.0,0.0,0.0,50.0,0.0,1000.0,94.5,2784.076666666667,1,1.0,1.2246467991473532e-16,-1.0,-0.7818314824680299,0.6234898018587334,18.04500000178814
0.0,19.304666666666662,1.0,0.0,0.0,0.0,50.0,0.0,1000.0,94.5,2783.755333333333,1,1.0,1.2246467991473532e-16,-1.0,-0.7818314824680299,0.6234898018587334,8.332999996840954
0.0,19.388,1.0,0.0,0.0,0.0,50.0,0.0,1000.0,94.5,2784.0840000000003,1,1.0,-0.2588190451025208,-0.9659258262890684,-0.7818314824680299,0.6234898018587334,5.314000003039837
0.0,19.476000000000003,1.0,0.0,0.0,0.0,46.66666666666666,0.0,1000.0,94.5,2783.7686666666664,1,1.0,-0.2588190451025208,-0.9659258262890684,-0.7818314824680299,0.6234898018587334,13.845999997109177
0.0,19.544,1.0,0.0,0.0,0.0,50.0,0.0,1000.0,94.5,2783.902666666667,1,1.0,-0.2588190451025208,-0.9659258262890684,-0.7818314824680299,0.6234898018587334,22.921999998390675
0.0,19.616666666666667,1.0,0.0,0.0,0.0,50.0,0.0,1000.0,94.5,2783.718666666666,1,1.0,-0.2588190451025208,-0.9659258262890684,-0.7818314824680299,0.6234898018587334,26.70200000330805
0.0,19.69,1.0,0.0,0.0,0.0,50.0,0.0,1000.0,94.5,2783.684666666667,1,1.0,-0.4999999999999997,-0.8660254037844388,-0.7818314824680299,0.6234898018587334,15.296999998390676
0.0,19.758,1.0,0.0,0.0,0.0,50.0,0.0,1000.0,94.5,2783.4926666666665,1,1.0,-0.4999999999999997,-0.8660254037844388,-0.7818314824680299,0.6234898018587334,14.155000001192091
0.0,19.784,1.0,0.0,0.0,0.0,50.0,0.0,1000.0,94.5,2783.5826666666667,1,1.0,-0.4999999999999997,-0.8660254037844388,-0.7818314824680299,0.6234898018587334,5.25899999961257
0.0,19.77,1.0,0.0,0.0,0.0,50.0,0.0,1000.0,94.5,2783.5406666666668,1,1.0,-0.4999999999999997,-0.8660254037844388,-0.7818314824680299,0.6234898018587334,6.399000000208616
0.0,19.762,1.0,0.0,0.0,0.0,50.0,0.0,1000.0,94.5,2783.651333333333,1,1.0,-0.7071067811865471,-0.7071067811865479,-0.7818314824680299,0.6234898018587334,15.102000001817942
0.0,19.776,1.0,0.0,0.0,0.0,50.0,0.0,1000.0,94.5,2783.550666666667,1,1.0,-0.7071067811865471,-0.7071067811865479,-0.7818314824680299,0.6234898018587334,23.613999996334314
0.0,19.774,1.0,0.0,0.0,0.0,50.0,0.0,1000.0,94.5,2783.436,1,1.0,-0.7071067811865471,-0.7071067811865479,-0.7818314824680299,0.6234898018587334,18.104000002145767
0.0,19.778,1.0,0.0,0.0,0.0,50.0,0.0,1000.0,94.5,2783.31,1,1.0,-0.7071067811865471,-0.7071067811865479,-0.7818314824680299,0.6234898018587334,16.105999998748302
0.0,19.768,1.0,0.0,0.0,0.0,50.0,0.0,1000.0,94.5,2783.3193333333334,1,1.0,-0.8660254037844384,-0.5000000000000004,-0.7818314824680299,0.6234898018587334,14.166000001132488
0.0,19.718,1.0,0.0,0.0,0.0,50.0,0.0,1000.0,94.5,2783.206,1,1.0,-0.8660254037844384,-0.5000000000000004,-0.7818314824680299,0.6234898018587334,6.346000000834465
0.0,19.716,1.0,0.0,0.0,0.0,47.0,0.0,1000.0,94.5,2783.148,1,1.0,-0.8660254037844384,-0.5000000000000004,-0.7818314824680299,0.6234898018587334,12.12999999895692
0.0,19.692,1.0,0.0,0.0,0.0,50.0,0.0,1000.0,94.5,2783.0906666666665,1,1.0,-0.8660254037844384,-0.5000000000000004,-0.7818314824680299,0.6234898018587334,16.40700000151992
0.0,19.65,1.0,0.0,0.0,0.0,50.0,0.0,1000.0,94.5,2783.0226666666663,1,1.0,-0.9659258262890684,-0.2588190451025206,-0.7818314824680299,0.6234898018587334,20.83299999684096
0.0,19.563333333333333,1.0,0.0,0.0,0.0,50.0,0.0,1000.0,94.5,2783.119333333333,1,1.0,-0.9659258262890684,-0.2588190451025206,-0.7818314824680299,0.6234898018587334,15.79000000283122
0.0,19.52,1.0,0.0,0.0,0.0,50.0,0.0,1000.0,94.5,2782.9753333333333,1,1.0,-0.9659258262890684,-0.2588190451025206,-0.7818314824680299,0.6234898018587334,14.259999997913836
0.0,19.454,1.0,0.0,0.0,0.0,64.0,0.0,1000.0,94.5,2783.0686666666666,1,1.0,-0.9659258262890684,-0.2588190451025206,-0.7818314824680299,0.6234898018587334,18.7989999987185
0.0,19.422000000000004,1.0,0.0,0.0,0.0,80.0,0.0,1000.0,94.5,2782.8906666666667,1,1.0,-1.0,-1.8369701987210292e-16,-0.7818314824680299,0.6234898018587334,20.070000000298023
0.0,19.410000000000004,1.0,0.0,0.0,0.0,80.0,0.0,1000.0,94.5,2782.71,1,1.0,-1.0,-1.8369701987210292e-16,-0.7818314824680299,0.6234898018587334,5.472000002861023
0.0,19.394,1.0,0.0,0.0,0.0,80.0,0.0,1000.0,94.5,2782.44,1,1.0,-1.0,-1.8369701987210292e-16,-0.7818314824680299,0.6234898018587334,5.820000000298023
0.0,19.36733333333333,1.0,0.0,0.0,0.0,80.0,0.0,1000.0,94.5,2782.576,1,1.0,-1.0,-1.8369701987210292e-16,-0.7818314824680299,0.6234898018587334,11.799999997019768
0.0,19.330666666666666,1.0,0.0,0.0,0.0,80.0,0.0,1000.0,94.5,2782.7533333333336,1,1.0,-0.9659258262890684,0.2588190451025203,-0.7818314824680299,0.6234898018587334,22.63100000098348
0.0,19.28,1.0,0.0,0.0,0.0,80.0,0.0,1000.0,94.5,2782.900666666667,1,1.0,-0.9659258262890684,0.2588190451025203,-0.7818314824680299,0.6234898018587334,24.96900000050664
0.0,19.22,1.0,0.0,0.0,0.0,80.0,0.0,1000.0,94.5,2782.9953333333333,1,1.0,-0.9659258262890684,0.2588190451025203,-0.7818314824680299,0.6234898018587334,18.05299999937415
0.0,19.126,1.0,0.0,0.0,0.0,80.0,0.0,1000.0,94.5,2782.792,1,1.0,-0.9659258262890684,0.2588190451025203,-0.7818314824680299,0.6234898018587334,14.984999999403954
0.0,19.076,1.0,0.0,0.0,0.0,80.0,0.0,1000.0,94.5,2782.84,1,1.0,-0.8660254037844386,0.5000000000000001,-0.7818314824680299,0.6234898018587334,5.234000001102686
0.0,19.042,1.0,0.0,0.0,0.0,80.0,0.0,1000.0,94.5,2782.884,1,1.0,-0.8660254037844386,0.5000000000000001,-0.7818314824680299,0.6234898018587334,5.201999999582768
0.0,19.0,1.0,0.0,0.0,0.0,80.0,0.0,1000.0,94.5,2782.69,1,1.0,-0.8660254037844386,0.5000000000000001,-0.7818314824680299,0.6234898018587334,14.357999999076128
0.0,18.976,1.0,0.0,0.0,0.0,80.0,0.0,1000.0,94.5,2782.612,1,1.0,-0.8660254037844386,0.5000000000000001,-0.7818314824680299,0.6234898018587334,22.519000001251698
0.0,18.964,1.0,0.0,0.0,0.0,80.0,0.0,1000.0,94.5,2782.76,1,1.0,-0.7071067811865477,0.7071067811865474,-0.7818314824680299,0.6234898018587334,20.77199999988079
0.0,18.938,1.0,0.0,0.0,0.0,80.0,0.0,1000.0,94.5,2782.4733333333334,1,1.0,-0.7071067811865477,0.7071067811865474,-0.7818314824680299,0.6234898018587334,14.91499999910593
0.0,18.934,1.0,0.0,0.0,0.0,80.0,0.0,1000.0,94.5,2782.436,1,1.0,-0.7071067811865477,0.7071067811865474,-0.7818314824680299,0.6234898018587334,14.510000001639128
0.0,18.892,1.0,0.0,0.0,0.0,80.0,0.0,1000.0,94.5,2782.3340000000003,1,1.0,-0.7071067811865477,0.7071067811865474,-0.7818314824680299,0.6234898018587334,8.10700000077486
0.0,18.846666666666668,1.0,0.0,0.0,0.0,80.0,0.0,1000.0,94.5,2782.345333333333,1,1.0,-0.5000000000000004,0.8660254037844384,-0.7818314824680299,0.6234898018587334,11.40199999883771
0.0,18.813333333333333,1.0,0.0,0.0,0.0,80.0,0.0,1000.0,94.5,2782.3193333333334,1,1.0,-0.5000000000000004,0.8660254037844384,-0.7818314824680299,0.6234898018587334,15.401000000536442
0.0,18.78,1.0,0.0,0.0,0.0,80.0,0.0,1000.0,94.5,2782.114,1,1.0,-0.5000000000000004,0.8660254037844384,-0.7818314824680299,0.6234898018587334,21.25899999961257
0.0,18.722,1.0,0.0,0.0,0.0,80.0,0.0,1000.0,94.5,2782.324,1,1.0,-0.5000000000000004,0.8660254037844384,-0.7818314824680299,0.6234898018587334,16.028999999165535
0.0,18.684,1.0,0.0,0.0,0.0,80.0,0.0,1000.0,94.5,2782.2406666666666,1,1.0,-0.2588190451025215,0.965925826289068,-0.7818314824680299,0.6234898018587334,14.314000003039837
0.0,18.63,1.0,0.0,0.0,0.0,80.0,0.0,1000.0,94.5,2782.249333333333,1,1.0,-0.2588190451025215,0.965925826289068,-0.7818314824680299,0.6234898018587334,14.268999997526407
0.0,18.6,1.0,0.0,0.0,0.0,80.0,0.0,1000.0,94.5,2782.064,1,1.0,-0.2588190451025215,0.965925826289068,-0.7818314824680299,0.6234898018587334,16.118000000715256
0.0,18.56866666666667,1.0,0.0,0.0,0.0,80.0,0.0,1000.0,94.5,2781.996,1,1.0,-0.2588190451025215,0.965925826289068,-0.7818314824680299,0.6234898018587334,9.929999999701977
0.0,18.56733333333333,1.0,0.0,0.0,0.0,80.0,0.0,1000.0,94.5,2781.99,1,1.0,0.0,1.0,0.0,1.0,10.583999998867512
0.0,18.566,1.0,0.0,0.0,0.0,80.0,0.0,1000.0,94.5,2781.246,1,1.0,0.0,1.0,0.0,1.0,7.245000001043081
0.0,18.592666666666663,1.0,0.0,0.0,0.0,80.0,0.0,1000.0,94.5,2781.959333333333,1,1.0,0.0,1.0,0.0,1.0,28.54399999976158
0.0,18.558,1.0,0.0,0.0,0.0,80.0,0.0,1000.0,94.5,2781.74,1,1.0,0.0,1.0,0.0,1.0,22.4539999999106
0.0,18.53333333333333,1.0,0.0,0.0,0.0,80.0,0.0,1000.0,94.5,2781.61,1,1.0,0.2588190451025207,0.9659258262890684,0.0,1.0,17.752000000327826
0.0,18.430666666666664,1.0,0.0,0.0,0.0,80.0,0.0,1000.0,94.5,2781.6960000000004,1,1.0,0.2588190451025207,0.9659258262890684,0.0,1.0,13.752999998629091
0.0,18.14466666666667,1.0,0.0,0.0,0.0,80.0,0.0,1000.0,94.5,2781.4,1,1.0,0.2588190451025207,0.9659258262890684,0.0,1.0,5.8889999985694885
0.0,17.83,1.0,0.0,0.0,0.0,80.0,0.0,1000.0,94.5,2781.3720000000003,1,1.0,0.2588190451025207,0.9659258262890684,0.0,1.0,4.954000003635883
0.0,17.59,1.0,0.0,0.0,0.0,80.0,0.0,1000.0,94.5,2781.228666666667,1,1.0,0.4999999999999999,0.8660254037844387,0.0,1.0,17.149999998509884
0.0,17.401999999999997,1.0,0.0,0.0,0.0,80.0,0.0,1000.0,94.5,2781.1053333333334,1,1.0,0.4999999999999999,0.8660254037844387,0.0,1.0,19.993000000715256
0.0,17.24866666666667,1.0,0.0,0.0,0.0,80.0,0.0,1000.0,94.5,2781.086666666667,1,1.0,0.4999999999999999,0.8660254037844387,0.0,1.0,18.912999998778105
0.0,17.136000000000003,1.0,0.0,0.0,0.0,80.0,0.0,1000.0,94.5,2780.9680000000003,1,1.0,0.4999999999999999,0.8660254037844387,0.0,1.0,14.337000001221895
0.0,17.054,1.0,0.0,0.0,0.0,80.0,0.0,1000.0,94.5,2781.4866666666667,1,1.0,0.7071067811865475,0.7071067811865476,0.0,1.0,17.41099999845028
0.0,17.008666666666667,1.0,0.0,0.0,0.0,80.0,0.0,1000.0,94.5,2781.2993333333334,1,1.0,0.7071067811865475,0.7071067811865476,0.0,1.0,9.032000001519918
0.0,16.944,1.0,0.0,0.0,0.0,80.0,0.0,1000.0,94.5,2781.391333333333,1,1.0,0.7071067811865475,0.7071067811865476,0.0,1.0,14.002000000327826
0.0,16.898,1.0,0.0,0.0,0.0,80.0,0.0,1000.0,94.5,2781.2366666666667,1,1.0,0.7071067811865475,0.7071067811865476,0.0,1.0,12.078999999910591
0.0,16.89,1.0,0.0,0.0,0.0,80.0,0.0,1000.0,94.5,2781.1406666666667,1,1.0,0.8660254037844386,0.5000000000000001,0.0,1.0,16.82200000062585
0.0,16.916,1.0,0.0,0.0,0.0,80.0,0.0,1000.0,94.5,2781.2033333333334,1,1.0,0.8660254037844386,0.5000000000000001,0.0,1.0,15.044999998062847
0.0,16.823999999999998,1.0,0.0,0.0,0.0,80.0,0.0,1000.0,94.5,2781.023333333333,1,1.0,0.8660254037844386,0.5000000000000001,0.0,1.0,21.59300000220537
0.0,16.774,1.0,0.0,0.0,0.0,80.0,0.0,1000.0,94.5,2780.8766666666666,1,1.0,0.8660254037844386,0.5000000000000001,0.0,1.0,20.69700000062585
0.0,16.82,1.0,0.0,0.0,0.0,80.0,0.0,1000.0,94.5,2780.8973333333333,1,1.0,0.9659258262890684,0.2588190451025207,0.0,1.0,8.842999998480082
0.0,16.74266666666667,1.0,0.0,0.0,0.0,80.0,0.0,1000.0,94.5,2780.983333333333,1,1.0,0.9659258262890684,0.2588190451025207,0.0,1.0,5.63399999961257
0.0,16.724,1.0,0.0,0.0,0.0,80.0,0.0,1000.0,94.5,2780.8786666666665,1,1.0,0.9659258262890684,0.2588190451025207,0.0,1.0,9.43800000101328
0.0,16.808,1.0,0.0,0.0,0.0,80.0,0.0,1000.0,94.5,2780.532,1,1.0,0.9659258262890684,0.2588190451025207,0.0,1.0,22.87399999797344
0.0,16.91,1.0,0.0,0.0,0.0,80.0,0.0,1000.0,94.5,2780.4726666666666,1,1.0,1.0,6.123233995736766e-17,0.0,1.0,22.0840000025928
0.0,16.948,1.0,0.0,0.0,0.0,80.0,0.0,1000.0,94.5,2780.1173333333336,1,1.0,1.0,6.123233995736766e-17,0.0,1.0,17.90099999681115
0.0,16.914,1.0,0.0,0.0,0.0,80.0,0.0,1000.0,94.5,2779.626,1,1.0,1.0,6.123233995736766e-17,0.0,1.0,15.19600000232458
0.0,16.822,1.0,0.0,0.0,0.0,80.0,0.0,1000.0,94.5,2779.542,1,1.0,1.0,6.123233995736766e-17,0.0,1.0,9.186000000685452
0.0,16.806,1.0,0.0,0.0,0.0,80.0,0.0,1000.0,94.5,2779.4333333333334,1,1.0,0.9659258262890684,-0.2588190451025206,0.0,1.0,5.058999996632338
0.0,16.812,1.0,0.0,0.0,0.0,80.0,0.0,1000.0,94.5,2779.46,1,1.0,0.9659258262890684,-0.2588190451025206,0.0,1.0,21.78500000014901
0.0,16.88,1.0,0.0,0.0,0.0,80.0,0.0,1000.0,94.5,2779.565333333333,1,1.0,0.9659258262890684,-0.2588190451025206,0.0,1.0,30.23200000077486
0.0,16.826,1.0,0.0,0.0,0.0,80.0,0.0,1000.0,94.5,2779.650666666667,1,1.0,0.9659258262890684,-0.2588190451025206,0.0,1.0,30.14800000190735
0.0,16.762,890.5333333333333,0.0,0.0,0.0,75.0,0.0,1000.0,94.5,2779.813333333333,1,1.0,0.8660254037844387,-0.4999999999999998,0.0,1.0,32.22699999809265
93.33333333333331,16.791999999999998,1214.0,0.0,0.0,0.0,74.0,0.0,1000.0,94.5,2779.4986666666664,1,1.0,0.8660254037844387,-0.4999999999999998,0.0,1.0,35.86100000143051
0.0,16.858,1214.0,0.0,0.0,0.0,60.0,0.0,1000.0,94.5,2779.3573333333334,1,1.0,0.8660254037844387,-0.4999999999999998,0.0,1.0,31.725999999791384
0.0,16.918,1214.0,0.0,0.0,0.0,50.0,0.0,1000.0,94.5,2779.262,1,1.0,0.8660254037844387,-0.4999999999999998,0.0,1.0,28.88899999856949
0.0,16.988,47.6,0.0,0.0,0.0,66.0,0.0,1000.0,94.5,2779.488,1,1.0,0.7071067811865476,-0.7071067811865475,0.0,1.0,32.33100000023842
0.0,17.116,3.0,0.0,0.0,0.0,80.0,0.0,1000.0,94.5,2779.826,1,1.0,0.7071067811865476,-0.7071067811865475,0.0,1.0,31.4539999999106
0.0,17.288,335.26666666666665,0.0,0.6666666666666666,0.0,46.66666666666666,0.0,1000.0,94.5,2776.8340000000003,1,1.0,0.7071067811865476,-0.7071067811865475,0.0,1.0,37.96900000050664
0.0,17.422,1249.0,0.0,0.0,0.0,70.0,10649.14,1003.3333333333334,106.47,2764.2253333333333,1,0.0,0.7071067811865476,-0.7071067811865475,0.0,1.0,30.993000000715256
0.0,17.557333333333336,798.8,0.0,0.2,48059.73333333333,70.0,88919.26,1045.3333333333333,135.75,2748.9706666666666,0,0.0,0.4999999999999999,-0.8660254037844387,0.0,1.0,38.59400000050664
124.0,18.610666666666667,707.2,0.0,2.6,192238.9333333333,80.0,56159.13,1054.6666666666667,302.81,2740.369333333333,0,0.0,0.4999999999999999,-0.8660254037844387,0.0,1.0,148.94499999657273
200.66666666666663,20.889333333333333,267.3333333333333,0.0,1.7333333333333334,91750.4,56.0,110942.16,1058.0,203.88,2729.246,0,0.0,0.4999999999999999,-0.8660254037844387,0.0,1.0,138.75700000301003
166.66666666666666,22.046666666666667,427.8666666666667,0.0,0.8666666666666667,157286.4,62.0,47830.71,1022.0,257.08,2731.593333333333,0,0.0,0.4999999999999999,-0.8660254037844387,0.0,1.0,102.02500000223516
63.333333333333336,22.24,754.3333333333334,0.0,12.333333333333334,161655.46666666667,80.0,44133.99,1044.6666666666667,231.01,2710.1313333333333,0,0.0,0.258819045102521,-0.9659258262890682,0.0,1.0,137.81949999555945
173.33333333333334,22.12133333333333,417.6,0.0,4.8,83012.26666666666,80.0,46861.45,1064.0,217.38,2717.798,0,0.0,0.258819045102521,-0.9659258262890682,0.0,1.0,143.31850000098348
0.0,21.812,679.0666666666667,0.0,1.4,48059.73333333333,78.0,45552.07,1040.0,204.33,2699.6566666666668,0,0.0,0.258819045102521,-0.9659258262890682,0.0,1.0,134.08100000023842
166.66666666666666,21.792,880.0,0.0,1.0666666666666669,61166.93333333333,60.0,44646.53,1036.6666666666667,106.44,2710.6200000000003,0,0.0,0.258819045102521,-0.9659258262890682,0.0,1.0,137.8559999987483
0.0,21.86,681.4666666666667,0.0,0.8666666666666667,0.0,5.0,0.0,990.0,1500.0,2703.677333333333,0,0.0,1.2246467991473532e-16,-1.0,0.0,1.0,83.59800000116229
0.0,21.784,911.8,0.0,0.0,21845.33333333333,4.666666666666667,54265.8,1022.6666666666666,489.13,2695.6386666666667,0,0.0,1.2246467991473532e-16,-1.0,0.0,1.0,59.25000000372529
230.66666666666663,21.82933333333333,741.8,0.0,2.333333333333333,205346.13333333333,5.0,44026.11,1040.0,179.62,2673.3466666666664,0,0.0,1.2246467991473532e-16,-1.0,0.0,1.0,127.10499999672174
200.66666666666663,22.042,673.2666666666667,0.0,4.333333333333333,65536.0,100.0,44015.91,1029.3333333333333,230.63,2670.2580000000003,0,0.0,1.2246467991473532e-16,-1.0,0.0,1.0,156.52800000086427
0.0,22.224,714.3333333333334,0.0,5.466666666666667,78643.2,100.0,47191.15,1059.3333333333333,145.0,2678.7593333333334,0,0.0,-0.2588190451025208,-0.9659258262890684,0.0,1.0,129.79249999672174
216.66666666666663,22.222,762.4,0.0,1.3333333333333333,0.0,100.0,37820.07,1041.3333333333333,137.75,2664.898,0,0.0,-0.2588190451025208,-0.9659258262890684,0.0,1.0,132.93350000306964
0.0,21.915333333333333,770.8666666666667,0.0,5.666666666666667,148548.26666666666,100.0,47092.12,1026.0,408.18,2645.4733333333334,0,0.0,-0.2588190451025208,-0.9659258262890684,0.0,1.0,132.19900000095367
0.0,21.504666666666665,493.3333333333333,0.0,1.8666666666666667,139810.13333333333,100.0,51039.16,1038.0,202.57,2643.824,0,0.0,-0.2588190451025208,-0.9659258262890684,0.0,1.0,158.04399999976158
0.0,21.372,746.6,0.0,1.6666666666666667,65536.0,100.0,33219.21,1038.0,176.7,2644.662,0,0.0,-0.4999999999999997,-0.8660254037844388,0.0,1.0,129.632999997586
43.333333333333336,21.540666666666667,776.1333333333333,0.5333333333333333,3.533333333333333,144179.2,100.0,29951.98,1039.3333333333333,533.29,2635.095333333333,0,0.0,-0.4999999999999997,-0.8660254037844388,0.0,1.0,175.8830000013113
537.3333333333334,21.880666666666663,962.7333333333332,0.6666666666666666,5.066666666666666,131072.0,100.0,25239.19,1016.0,147.22,2625.922666666667,0,0.0,-0.4999999999999997,-0.8660254037844388,0.0,1.0,162.50499999895692
43.333333333333336,21.89733333333333,907.4666666666668,0.0,1.0,0.0,100.0,0.0,1000.0,91.35,2611.757333333333,0,0.0,-0.4999999999999997,-0.8660254037844388,0.0,1.0,118.86500000208616
146.66666666666666,21.608,853.8,0.2666666666666666,1.6666666666666667,61166.93333333333,100.0,37091.05,1038.0,227.92,2597.644,0,0.0,-0.7071067811865471,-0.7071067811865479,0.0,1.0,48.92300000041723
294.0,21.75,1259.3333333333333,1.933333333333333,12.466666666666669,231560.53333333333,100.0,30741.41,1042.0,327.14,2590.219333333333,0,0.0,-0.7071067811865471,-0.7071067811865479,0.0,1.0,156.01199999824166
66.66666666666667,22.008,738.6,1.3333333333333333,6.933333333333334,122333.86666666668,100.0,31057.84,1040.0,129.22,2582.336666666667,0,0.0,-0.7071067811865471,-0.7071067811865479,0.0,1.0,169.24900000169873
226.66666666666663,22.058,1116.6666666666667,1.1333333333333333,8.066666666666666,122333.86666666668,100.0,27533.7,1034.0,252.92,2572.734,0,0.0,-0.7071067811865471,-0.7071067811865479,0.0,1.0,160.92799999937415
54.0,21.95733333333333,541.2,0.3333333333333333,3.466666666666667,104857.6,100.0,28043.89,1041.3333333333333,232.29,2562.528,0,0.0,-0.8660254037844384,-0.5000000000000004,0.0,1.0,160.07399999722838
97.33333333333331,22.575333333333333,1069.6666666666667,0.4666666666666667,3.466666666666667,144179.2,100.0,32608.31,1067.3333333333333,354.11,2553.022,0,0.0,-0.8660254037844384,-0.5000000000000004,0.0,1.0,176.49500000476837
127.33333333333331,26.863333333333333,1103.9333333333334,0.2666666666666666,4.2,96119.46666666666,100.0,43488.01,1048.6666666666667,219.87,2560.588,0,0.0,-0.8660254037844384,-0.5000000000000004,0.0,1.0,165.38999999687076
216.66666666666663,25.550666666666665,887.3333333333334,1.0666666666666669,4.733333333333333,222822.4,100.0,25765.65,1070.6666666666667,285.36,2574.776,0,0.0,-0.8660254037844384,-0.5000000000000004,0.0,1.0,142.18600000068545
66.66666666666667,25.47133333333333,1239.2,1.0,9.533333333333331,161655.46666666667,100.0,53234.76,1024.6666666666667,208.15,2591.014666666667,0,0.0,-0.9659258262890684,-0.2588190451025206,0.0,1.0,176.64900000020862
320.0,24.158666666666665,375.2,0.6666666666666666,1.6666666666666667,148548.26666666666,100.0,21065.13,1038.6666666666667,250.36,2613.4440000000004,0,0.0,-0.9659258262890684,-0.2588190451025206,0.0,1.0,124.75699999928474
256.6666666666667,26.30933333333333,930.4,1.0666666666666669,5.0,135441.06666666668,100.0,34476.33,1026.0,266.41,2634.4706666666666,0,0.0,-0.9659258262890684,-0.2588190451025206,0.0,1.0,169.96899999678135
416.6666666666667,23.126666666666665,1365.7333333333331,2.333333333333333,6.933333333333334,152917.33333333334,100.0,22982.84,1086.6666666666667,410.2,2651.2546666666667,0,0.0,-0.9659258262890684,-0.2588190451025206,0.0,1.0,177.277000002563
43.333333333333336,26.042666666666666,1154.4666666666667,1.7333333333333334,6.933333333333334,187869.86666666667,100.0,34314.07,1058.0,180.42,2657.498666666667,0,0.0,-1.0,-1.8369701987210292e-16,0.0,1.0,167.8150000013411
323.3333333333333,25.377333333333333,761.8,0.2,2.6,117964.8,100.0,38595.47,1030.6666666666667,227.99,2670.3306666666667,0,0.0,-1.0,-1.8369701987210292e-16,0.0,1.0,180.67599999904635
54.0,26.888,1249.9333333333334,1.4,6.0,91750.4,100.0,41509.3,1083.3333333333333,218.11,2687.3413333333333,0,0.0,-1.0,-1.8369701987210292e-16,0.0,1.0,145.4210000000894
0.0,26.697333333333333,1132.2,0.0,0.0666666666666666,0.0,98.66666666666669,28186.69,1026.0,203.31,2692.4460000000004,0,0.0,-1.0,-1.8369701987210292e-16,0.0,1.0,129.0839999988675
0.0,25.402,889.8,0.0,0.8,39321.6,95.0,37417.63,1070.0,124.35,2699.489333333333,0,0.0,-0.9659258262890684,0.2588190451025203,0.0,1.0,68.93700000271201
80.0,23.012666666666668,1062.5333333333333,1.6666666666666667,5.2,161655.46666666667,99.0,30493.53,1037.3333333333333,419.54,2704.900666666667,0,0.0,-0.9659258262890684,0.2588190451025203,0.0,1.0,104.79999999701975
173.33333333333334,21.110000000000003,933.9333333333332,1.1333333333333333,3.333333333333333,183500.8,100.0,20135.07,1030.6666666666667,318.63,2680.1066666666666,0,0.0,-0.9659258262890684,0.2588190451025203,0.0,1.0,172.23200000077486
503.3333333333333,22.856,1193.6666666666667,0.9333333333333332,14.2,157286.4,100.0,10565.11,1021.3333333333334,977.15,2700.1293333333333,0,0.0,-0.9659258262890684,0.2588190451025203,0.0,1.0,188.5490000024438
86.66666666666667,25.434,453.3333333333333,0.1333333333333333,1.2,91750.4,100.0,33885.2,1030.0,377.61,2736.3593333333333,0,0.0,-0.8660254037844386,0.5000000000000001,0.0,1.0,112.84699999541044
447.3333333333333,22.70533333333333,1181.2666666666669,0.8666666666666667,2.333333333333333,196608.0,100.0,40409.44,1035.3333333333333,348.55,2740.639333333333,0,0.0,-0.8660254037844386,0.5000000000000001,0.0,1.0,158.3690000027418
227.3333333333333,21.804,609.1333333333333,1.0666666666666669,5.066666666666666,87381.33333333333,100.0,4253.63,1028.6666666666667,1157.08,2747.113333333333,0,0.0,-0.8660254037844386,0.5000000000000001,0.0,1.0,154.9429999999702
146.66666666666666,21.448666666666668,1.0,0.1333333333333333,0.5333333333333333,48059.73333333333,100.0,17936.97,1025.3333333333333,544.83,2754.998,0,0.0,-0.8660254037844386,0.5000000000000001,0.0,1.0,98.35200000181794
293.3333333333333,21.698,871.4,0.8,7.866666666666666,135441.06666666668,100.0,31607.78,1029.3333333333333,268.11,2761.239333333333,0,0.0,-0.7071067811865477,0.7071067811865474,0.0,1.0,141.59199999645352
216.66666666666663,21.22266666666667,873.4,0.2666666666666666,10.2,157286.4,100.0,23904.84,1027.3333333333333,364.19,2734.6386666666667,0,0.0,-0.7071067811865477,0.7071067811865474,0.0,1.0,176.65100000053644
236.66666666666663,24.490666666666662,1135.4,1.933333333333333,4.066666666666666,152917.33333333334,100.0,32824.16,1029.3333333333333,313.08,2754.114,0,0.0,-0.7071067811865477,0.7071067811865474,0.0,1.0,170.98800000175834
460.6666666666667,26.159333333333333,1015.4666666666668,2.1333333333333333,5.733333333333333,174762.66666666666,100.0,24115.53,1046.6666666666667,370.84,2771.663333333333,0,0.0,-0.7071067811865477,0.7071067811865474,0.0,1.0,168.98999999836087
376.6666666666667,26.909333333333333,1183.0,1.5333333333333334,6.0,218453.3333333333,100.0,25389.8,1046.6666666666667,282.86,2765.798666666667,0,0.0,-0.5000000000000004,0.8660254037844384,0.0,1.0,169.8830000013113
236.66666666666663,27.510666666666665,805.6,0.8,5.266666666666667,69905.06666666667,100.0,43031.05,1047.3333333333333,375.92,2762.882,0,0.0,-0.5000000000000004,0.8660254037844384,0.0,1.0,169.32000000029802
146.66666666666666,28.63533333333333,990.7333333333332,1.5333333333333334,15.066666666666666,152917.33333333334,100.0,33381.29,1015.3333333333334,217.19,2755.94,0,0.0,-0.5000000000000004,0.8660254037844384,0.0,1.0,149.94199999794364
0.0,27.13533333333333,1097.5333333333333,0.0,2.933333333333333,30583.466666666667,77.33333333333333,12583.2,1010.0,407.62,2753.7426666666665,0,0.0,-0.5000000000000004,0.8660254037844384,0.0,1.0,152.51200000196695
0.0,28.290666666666667,1057.4666666666667,0.0,1.3333333333333333,0.0,72.0,37056.01,1007.3333333333334,270.63,2745.38,0,0.0,-0.2588190451025215,0.965925826289068,0.0,1.0,57.6929999999702
390.6666666666667,26.37,791.4,1.2,5.8,235929.6,99.33333333333331,30002.58,1036.0,329.49,2739.8340000000003,0,0.0,-0.2588190451025215,0.965925826289068,0.0,1.0,133.2909999974072
246.66666666666663,25.352,888.6666666666666,1.2,8.133333333333333,157286.4,100.0,23975.55,1039.3333333333333,339.91,2733.9933333333333,0,0.0,-0.2588190451025215,0.965925826289068,0.0,1.0,163.33600000292063
190.0,24.05333333333333,1270.4666666666667,1.8666666666666667,6.2,78643.2,100.0,21515.72,1027.3333333333333,218.67,2731.4906666666666,0,0.0,-0.2588190451025215,0.965925826289068,0.0,1.0,160.09699999913573
274.0,22.158666666666665,1221.1333333333334,0.8666666666666667,5.733333333333333,196608.0,100.0,32459.620000000003,1039.3333333333333,263.32,2741.063333333333,0,0.0,0.0,1.0,0.7818314824680298,0.6234898018587336,167.0870000012219
376.6666666666667,21.63533333333333,991.9333333333332,1.5333333333333334,3.1333333333333333,69905.06666666667,100.0,31083.1,1050.6666666666667,399.0,2747.7806666666665,0,0.0,0.0,1.0,0.7818314824680298,0.6234898018587336,176.17599999904633
393.3333333333333,26.27466666666667,942.0,2.2,4.6,200977.06666666668,94.66666666666669,34674.46,1051.3333333333333,214.08,2754.014,0,0.0,0.0,1.0,0.7818314824680298,0.6234898018587336,128.9429999999702
56.66666666666666,23.95,179.26666666666668,0.0,1.8666666666666667,43690.66666666666,78.0,40240.7,1019.3333333333334,133.47,2760.834666666666,0,0.0,0.0,1.0,0.7818314824680298,0.6234898018587336,146.91699999943376
313.3333333333333,22.29533333333333,731.2,1.5333333333333334,2.333333333333333,157286.4,68.0,25407.87,1034.6666666666667,339.56,2766.398666666667,0,0.0,0.2588190451025207,0.9659258262890684,0.7818314824680298,0.6234898018587336,109.66800000146031
108.0,21.710666666666665,966.8666666666668,0.2666666666666666,4.066666666666666,109226.66666666669,100.0,15929.9,1014.0,109.39,2769.31,0,0.0,0.2588190451025207,0.9659258262890684,0.7818314824680298,0.6234898018587336,173.58100000023842
130.0,21.544666666666668,385.3333333333333,0.0,0.0,0.0,100.0,0.0,1000.0,91.35,2767.173333333333,0,0.0,0.2588190451025207,0.9659258262890684,0.7818314824680298,0.6234898018587336,100.16799999773502
293.3333333333333,21.670666666666666,1152.0,0.0,0.0,0.0,89.33333333333333,61547.63,1048.6666666666667,109.49,2760.224666666667,0,0.0,0.2588190451025207,0.9659258262890684,0.7818314824680298,0.6234898018587336,49.2989999987185
0.0,20.796,835.9333333333333,0.0,1.4666666666666666,83012.26666666666,94.0,47599.02,1060.0,244.18,2768.896,0,0.0,0.4999999999999999,0.8660254037844387,0.7818314824680298,0.6234898018587336,84.95200000330806
0.0,19.465333333333334,914.8666666666668,0.5333333333333333,8.733333333333333,174762.66666666666,100.0,31875.37,1040.6666666666667,333.82,2764.9553333333333,0,0.0,0.4999999999999999,0.8660254037844387,0.7818314824680298,0.6234898018587336,155.32499999925494
97.33333333333331,19.709333333333333,1178.2666666666669,0.6666666666666666,4.8,192238.9333333333,100.0,24588.120000000003,1028.0,288.31,2743.4819999999995,0,0.0,0.4999999999999999,0.8660254037844387,0.7818314824680298,0.6234898018587336,170.44099999964237
43.333333333333336,20.186,1076.9333333333334,1.4666666666666666,6.866666666666666,174762.66666666666,100.0,31238.49,1064.6666666666667,202.82,2738.152,0,0.0,0.4999999999999999,0.8660254037844387,0.7818314824680298,0.6234898018587336,172.75100000202656
54.0,26.50933333333333,1091.3333333333333,0.2,8.466666666666667,0.0,90.66666666666669,30442.58,1076.0,169.4,2772.788666666667,0,0.0,0.7071067811865475,0.7071067811865476,0.7818314824680298,0.6234898018587336,164.7259999960661
203.3333333333333,25.860666666666663,1004.8,0.0,2.2666666666666666,56797.86666666667,83.33333333333333,22877.27,1044.6666666666667,271.01,2771.648666666667,0,0.0,0.7071067811865475,0.7071067811865476,0.7818314824680298,0.6234898018587336,69.12600000202656
53.333333333333336,24.741333333333333,843.6666666666666,0.8,2.2666666666666666,122333.86666666668,98.0,38913.47,1028.0,159.87,2765.967333333333,0,0.0,0.7071067811865475,0.7071067811865476,0.7818314824680298,0.6234898018587336,162.0289999991655
76.66666666666667,23.91333333333333,1311.1333333333334,0.8666666666666667,20.53333333333333,415061.3333333333,96.0,24648.97,1036.0,505.67,2760.447333333333,0,0.0,0.7071067811865475,0.7071067811865476,0.7818314824680298,0.6234898018587336,150.96900000050664
537.3333333333334,23.396,1105.2,3.933333333333333,2.7333333333333334,231560.53333333333,100.0,31678.4,1032.0,314.2,2758.3446666666664,0,0.0,0.8660254037844386,0.5000000000000001,0.7818314824680298,0.6234898018587336,197.75700000301003
223.3333333333333,23.032666666666668,949.4,3.4,4.6,275251.2,100.0,33745.89,1043.3333333333333,241.7,2753.633333333333,0,0.0,0.8660254037844386,0.5000000000000001,0.7818314824680298,0.6234898018587336,170.6389999985695
0.0,22.89333333333333,995.0666666666668,2.6,4.2,244667.7333333333,100.0,42208.09,1043.3333333333333,306.06,2747.2806666666665,0,0.0,0.8660254037844386,0.5000000000000001,0.7818314824680298,0.6234898018587336,200.82199999690056
26.666666666666668,27.626,402.3333333333333,0.8,1.2,69905.06666666667,100.0,38800.15,1045.3333333333333,390.12,2744.7320000000004,0,0.0,0.8660254037844386,0.5000000000000001,0.7818314824680298,0.6234898018587336,145.6140000000596
176.66666666666666,25.72133333333333,679.5333333333333,1.933333333333333,5.6,349525.3333333333,96.66666666666669,36167.61,1033.3333333333333,284.88,2735.816,0,0.0,0.9659258262890684,0.2588190451025207,0.7818314824680298,0.6234898018587336,138.87100000306964
293.3333333333333,24.017333333333333,1207.8,1.2,8.8,288358.4,96.66666666666669,38107.26,1028.6666666666667,323.28,2736.4606666666664,0,0.0,0.9659258262890684,0.2588190451025207,0.7818314824680298,0.6234898018587336,151.82799999788404
54.0,21.738,934.5333333333332,1.8,10.8,310203.73333333334,93.66666666666669,25047.27,1042.0,373.88,2746.215333333333,0,0.0,0.9659258262890684,0.2588190451025207,0.7818314824680298,0.6234898018587336,189.6550000011921
43.333333333333336,20.735333333333337,1210.9333333333334,0.6,4.533333333333333,270882.13333333336,100.0,31674.42,1025.3333333333333,330.07,2758.409333333333,0,0.0,0.9659258262890684,0.2588190451025207,0.7818314824680298,0.6234898018587336,185.2829999998212
43.333333333333336,20.57,849.1333333333333,1.4,2.0,288358.4,97.0,43524.87,1036.0,424.62,2770.348,0,0.0,1.0,6.123233995736766e-17,0.7818314824680298,0.6234898018587336,190.45800000056624
246.66666666666663,20.546666666666667,550.1333333333333,0.7333333333333333,1.4666666666666666,91750.4,82.33333333333333,11622.92,1002.6666666666666,91.97,2773.8166666666666,0,0.0,1.0,6.123233995736766e-17,0.7818314824680298,0.6234898018587336,169.72900000214577
146.66666666666666,27.78333333333333,384.6666666666667,0.0,0.0,0.0,45.0,0.0,1000.0,90.3,2747.230666666667,0,0.0,1.0,6.123233995736766e-17,0.7818314824680298,0.6234898018587336,70.25499999895692
0.0,29.442666666666664,1152.0,0.0,0.0,0.0,61.66666666666666,0.0,1000.0,90.3,2737.2433333333333,0,0.0,1.0,6.123233995736766e-17,0.7818314824680298,0.6234898018587336,49.48200000077486
154.66666666666666,30.432,1152.0,0.0,0.0,0.0,96.0,0.0,1000.0,90.3,2730.795333333333,0,0.0,0.9659258262890684,-0.2588190451025206,0.7818314824680298,0.6234898018587336,54.38799999654293
0.0,34.784,998.5333333333332,0.2,0.1333333333333333,26214.4,100.0,41412.11,1020.0,80.34,2731.050666666667,0,0.0,0.9659258262890684,-0.2588190451025206,0.7818314824680298,0.6234898018587336,59.993000000715256
0.0,34.85333333333333,626.4666666666667,0.3333333333333333,1.2,144179.2,100.0,21548.75,1023.3333333333334,276.63,2728.675333333333,0,0.0,0.9659258262890684,-0.2588190451025206,0.7818314824680298,0.6234898018587336,105.51799999922514
0.0,32.72666666666667,717.8,1.7333333333333334,3.533333333333333,183500.8,99.66666666666669,19921.31,1027.3333333333333,194.7,2727.5873333333334,0,0.0,0.9659258262890684,-0.2588190451025206,0.7818314824680298,0.6234898018587336,143.3590000011027
0.0,23.59733333333333,896.7333333333333,1.3333333333333333,3.1333333333333333,406323.2,98.0,21254.33,1048.0,206.52,2725.14,0,0.0,0.8660254037844387,-0.4999999999999998,0.7818314824680298,0.6234898018587336,125.08799999952316
586.6666666666666,22.26066666666667,1226.9333333333334,0.0666666666666666,4.8,244667.7333333333,100.0,22571.56,1036.6666666666667,280.9,2730.055333333333,0,0.0,0.8660254037844387,-0.4999999999999998,0.7818314824680298,0.6234898018587336,140.03999999910593
586.6666666666666,22.42933333333333,894.0,0.0,3.8,214084.26666666663,94.66666666666669,17629.97,1046.0,163.4,2737.893333333333,0,0.0,0.8660254037844387,-0.4999999999999998,0.7818314824680298,0.6234898018587336,135.68250000104308
326.6666666666667,23.756666666666668,1059.9333333333334,0.0,9.866666666666667,323310.93333333335,94.0,26868.38,1032.6666666666667,183.37,2741.0806666666667,0,0.0,0.8660254037844387,-0.4999999999999998,0.7818314824680298,0.6234898018587336,166.9754999987781
643.3333333333334,23.244666666666667,472.6666666666667,0.3333333333333333,6.066666666666666,187869.86666666667,74.0,26757.42,1040.6666666666667,202.95,2752.036,0,0.0,0.7071067811865476,-0.7071067811865475,0.7818314824680298,0.6234898018587336,122.19400000199676
293.3333333333333,22.639333333333333,805.5333333333333,0.5333333333333333,1.4666666666666666,91750.4,79.66666666666667,19961.03,1054.0,71.63,2763.782,0,0.0,0.7071067811865476,-0.7071067811865475,0.7818314824680298,0.6234898018587336,121.43299999833108
146.66666666666666,23.57,1051.0,0.2666666666666666,5.666666666666667,240298.66666666663,93.33333333333331,13388.31,1033.3333333333333,489.06,2772.7466666666664,0,0.0,0.7071067811865476,-0.7071067811865475,0.7818314824680298,0.6234898018587336,85.3830000013113
0.0,23.07933333333333,1108.3333333333333,1.0,16.866666666666667,179131.73333333334,100.0,31478.65,1024.6666666666667,92.44,2773.5086666666666,0,0.0,0.7071067811865476,-0.7071067811865475,0.7818314824680298,0.6234898018587336,156.43400000035763
310.0,24.172666666666668,1039.1333333333334,1.3333333333333333,6.266666666666667,353894.4,100.0,15987.87,1055.3333333333333,194.01,2767.884,0,0.0,0.4999999999999999,-0.8660254037844387,0.7818314824680298,0.6234898018587336,134.41200000047684
456.6666666666667,24.704666666666665,1231.8,1.0,3.2,310203.73333333334,100.0,30323.03,1026.6666666666667,236.21,2763.400666666667,0,0.0,0.4999999999999999,-0.8660254037844387,0.7818314824680298,0.6234898018587336,150.21000000089407
0.0,24.816666666666663,917.0666666666668,1.2,4.066666666666666,318941.86666666664,96.33333333333331,20497.56,1042.0,101.06,2757.4666666666667,0,0.0,0.4999999999999999,-0.8660254037844387,0.7818314824680298,0.6234898018587336,128.44499999657273
350.0,25.516666666666666,978.2666666666668,3.6,12.466666666666669,253405.86666666667,100.0,21967.67,1039.3333333333333,99.77,2750.968666666666,0,0.0,0.4999999999999999,-0.8660254037844387,0.7818314824680298,0.6234898018587336,148.42600000277162
293.3333333333333,25.59133333333333,1027.8,1.933333333333333,6.266666666666667,318941.86666666664,100.0,14226.12,1020.6666666666666,334.05,2745.4966666666664,0,0.0,0.258819045102521,-0.9659258262890682,0.7818314824680298,0.6234898018587336,140.50400000065565
310.0,25.96733333333333,1414.0,0.6,3.333333333333333,113595.73333333334,86.0,18243.63,1037.3333333333333,80.51,2736.805333333333,0,0.0,0.258819045102521,-0.9659258262890682,0.7818314824680298,0.6234898018587336,161.20599999651313
146.66666666666666,26.15,654.1333333333333,0.0,5.2,336418.13333333336,80.0,22481.34,1046.0,96.69,2732.6826666666666,0,0.0,0.258819045102521,-0.9659258262890682,0.7818314824680298,0.6234898018587336,108.7170000039041
513.3333333333334,23.454666666666665,736.9333333333333,0.0,7.4,323310.93333333335,80.0,19963.0,1037.3333333333333,118.94,2737.3413333333333,0,0.0,0.258819045102521,-0.9659258262890682,0.7818314824680298,0.6234898018587336,125.1469999961555
146.66666666666666,23.81533333333333,1149.8,0.0,1.2,8738.133333333333,72.66666666666667,15286.6,1037.3333333333333,89.27,2749.68,0,0.0,1.2246467991473532e-16,-1.0,0.7818314824680298,0.6234898018587336,126.9809999987483
146.66666666666666,23.284666666666663,1013.3333333333334,0.0,0.6666666666666666,109226.66666666669,89.33333333333333,22887.9,1024.0,393.58,2758.932,0,0.0,1.2246467991473532e-16,-1.0,0.7818314824680298,0.6234898018587336,70.67200000211596
203.3333333333333,22.796,1249.8666666666666,2.8,2.466666666666667,340787.2,100.0,21270.56,1050.0,295.86,2768.0426666666667,0,0.0,1.2246467991473532e-16,-1.0,0.7818314824680298,0.6234898018587336,137.52800000086427
586.6666666666666,22.934666666666665,1202.9333333333334,0.5333333333333333,3.4,231560.53333333333,99.0,21147.67,1048.6666666666667,200.29,2772.652666666667,0,0.0,1.2246467991473532e-16,-1.0,0.7818314824680298,0.6234898018587336,137.6739999987185
350.0,24.468,660.2,1.2,1.3333333333333333,174762.66666666666,90.33333333333331,24522.87,1035.3333333333333,111.82,2769.251333333333,0,0.0,-0.2588190451025208,-0.9659258262890684,0.7818314824680298,0.6234898018587336,111.22399999946356
146.66666666666666,24.06,985.0,1.0666666666666669,6.666666666666667,388846.93333333335,97.66666666666669,14307.47,1040.0,382.64,2767.492,0,0.0,-0.2588190451025208,-0.9659258262890684,0.7818314824680298,0.6234898018587336,139.8910000026226
586.6666666666666,24.60533333333333,1025.4,2.2,12.133333333333333,305834.6666666667,100.0,23229.52,1032.0,83.96,2760.556,0,0.0,-0.2588190451025208,-0.9659258262890684,0.7818314824680298,0.6234898018587336,129.75899999961257
750.0,25.38,901.8,1.6666666666666667,0.8,17476.266666666666,91.33333333333331,16574.8,1050.6666666666667,81.73,2751.5513333333333,0,0.0,-0.2588190451025208,-0.9659258262890684,0.7818314824680298,0.6234898018587336,137.7039999999106
0.0,25.780666666666665,822.0,1.6,7.6,362632.5333333333,90.33333333333331,17593.37,1061.3333333333333,126.34,2748.025333333333,0,0.0,-0.4999999999999997,-0.8660254037844388,0.7818314824680298,0.6234898018587336,99.13199999928474
350.0,27.684,935.5333333333332,2.2,3.0,179131.73333333334,97.33333333333331,25445.68,1028.6666666666667,88.49,2747.616666666667,0,0.0,-0.4999999999999997,-0.8660254037844388,0.7818314824680298,0.6234898018587336,140.7989999987185
603.3333333333334,26.076666666666664,959.9333333333332,0.2666666666666666,2.4,244667.7333333333,98.33333333333331,16764.53,1028.6666666666667,289.96000000000004,2733.152,0,0.0,-0.4999999999999997,-0.8660254037844388,0.7818314824680298,0.6234898018587336,124.22450000047684
146.66666666666666,25.595333333333333,929.2666666666668,0.0,1.933333333333333,43690.66666666666,59.66666666666666,15814.83,1017.3333333333334,169.3,2728.771333333333,0,0.0,-0.4999999999999997,-0.8660254037844388,0.7818314824680298,0.6234898018587336,111.6085000000894
0.0,25.087333333333333,720.6666666666666,0.8,0.4,65536.0,72.0,22682.31,1055.3333333333333,447.85,2737.262,0,0.0,-0.7071067811865471,-0.7071067811865479,0.7818314824680298,0.6234898018587336,68.89500000327826
366.6666666666667,30.711333333333336,721.8666666666667,1.2,5.066666666666666,297096.5333333333,93.0,22247.39,1047.3333333333333,91.61,2745.4726666666666,0,0.0,-0.7071067811865471,-0.7071067811865479,0.7818314824680298,0.6234898018587336,124.41899999976158
733.3333333333334,23.244,760.2666666666667,2.0,3.066666666666667,227191.46666666667,93.33333333333331,22639.34,1020.6666666666666,190.28,2749.192,0,0.0,-0.7071067811865471,-0.7071067811865479,0.7818314824680298,0.6234898018587336,126.11799999698997
0.0,24.02133333333333,960.8,0.0,8.266666666666667,318941.86666666664,97.66666666666669,15280.79,1022.6666666666666,215.81,2753.996,0,0.0,-0.7071067811865471,-0.7071067811865479,0.7818314824680298,0.6234898018587336,130.80499999970198
293.3333333333333,23.976,1073.2666666666669,0.3333333333333333,18.0,183500.8,100.0,15318.18,1022.6666666666666,177.2,2758.974,0,0.0,-0.8660254037844384,-0.5000000000000004,0.7818314824680298,0.6234898018587336,139.34000000357628
880.0,24.254,1153.5333333333333,2.6,6.4,332049.06666666665,91.0,13066.95,1036.6666666666667,315.37,2763.8306666666667,0,0.0,-0.8660254037844384,-0.5000000000000004,0.7818314824680298,0.6234898018587336,119.4399999976158
146.66666666666666,24.279333333333334,1170.5333333333333,0.0,6.133333333333334,380108.8,100.0,14234.91,1024.6666666666667,89.16,2770.8553333333334,0,0.0,-0.8660254037844384,-0.5000000000000004,0.7818314824680298,0.6234898018587336,129.50999999791384
913.3333333333334,24.177333333333333,142.26666666666668,0.0,0.6,0.0,90.66666666666669,0.0,1020.0,64.80000000000001,2770.034,0,0.0,-0.8660254037844384,-0.5000000000000004,0.7818314824680298,0.6234898018587336,104.51400000229478
310.0,24.91133333333333,1052.2666666666669,0.0,0.0,0.0,80.0,43508.82,1031.3333333333333,177.17999999999998,2761.671333333333,0,0.0,-0.9659258262890684,-0.2588190451025206,0.7818314824680298,0.6234898018587336,54.98699999973178
0.0,23.338666666666665,589.7333333333333,0.0,2.466666666666667,56797.86666666667,97.33333333333331,64367.58,1032.0,314.66,2764.2106666666664,0,0.0,-0.9659258262890684,-0.2588190451025206,0.7818314824680298,0.6234898018587336,90.58200000226498
0.0,22.688666666666663,711.3333333333334,1.0666666666666669,7.333333333333333,183500.8,97.33333333333331,43280.99,1026.6666666666667,344.65,2767.776666666666,0,0.0,-0.9659258262890684,-0.2588190451025206,0.7818314824680298,0.6234898018587336,163.52299999818206
0.0,22.255333333333333,697.7333333333333,0.8,2.8,174762.66666666666,99.33333333333331,40563.17,1031.3333333333333,115.06,2764.396,0,0.0,-0.9659258262890684,-0.2588190451025206,0.7818314824680298,0.6234898018587336,180.9320000000298
203.3333333333333,22.088,390.0,1.8,3.2666666666666666,39321.6,96.33333333333331,48871.08,1023.3333333333334,274.6,2754.710666666667,0,0.0,-1.0,-1.8369701987210292e-16,0.7818314824680298,0.6234898018587336,159.00600000098348
203.3333333333333,22.018666666666665,397.4666666666666,1.4,4.2,218453.3333333333,83.33333333333333,46910.77,1038.6666666666667,126.4,2753.0333333333333,0,0.0,-1.0,-1.8369701987210292e-16,0.7818314824680298,0.6234898018587336,148.8969999998808
30.0,21.56733333333333,552.8666666666667,1.2,1.4,39321.6,88.33333333333333,64867.71,1023.3333333333334,106.81,2736.472,0,0.0,-1.0,-1.8369701987210292e-16,0.7818314824680298,0.6234898018587336,153.3884999975562
0.0,20.165333333333333,988.6666666666666,0.0,0.5333333333333333,8738.133333333333,64.0,56967.31,1019.3333333333334,125.72,2758.022,0,0.0,-1.0,-1.8369701987210292e-16,0.7818314824680298,0.6234898018587336,142.78150000050664
0.0,19.863333333333333,985.8,0.0,1.6666666666666667,74274.13333333333,56.66666666666666,51172.07,1035.3333333333333,204.52,2764.2313333333336,0,0.0,-0.9659258262890684,0.2588190451025203,0.7818314824680298,0.6234898018587336,59.15700000151992
323.3333333333333,19.03933333333333,438.1333333333333,0.4,1.6,131072.0,90.33333333333331,67139.87,1034.6666666666667,105.67,2759.639333333333,0,0.0,-0.9659258262890684,0.2588190451025203,0.7818314824680298,0.6234898018587336,123.47399999946356
350.0,18.446,318.0,0.2,1.7333333333333334,157286.4,83.33333333333333,58968.55,1044.0,258.49,2779.5626666666667,0,0.0,-0.9659258262890684,0.2588190451025203,0.7818314824680298,0.6234898018587336,129.68400000035763
413.3333333333333,19.138666666666666,713.3333333333334,0.3333333333333333,12.266666666666667,174762.66666666666,100.0,50972.62,1047.3333333333333,163.06,2757.44,0,0.0,-0.9659258262890684,0.2588190451025203,0.7818314824680298,0.6234898018587336,136.07550000026822
386.6666666666667,20.15266666666667,502.0,0.8,15.266666666666667,61166.93333333333,95.0,56815.83,1035.3333333333333,105.31,2763.045333333333,0,0.0,-0.8660254037844386,0.5000000000000001,0.7818314824680298,0.6234898018587336,160.1464999988675
560.0,19.934,541.0,0.6666666666666666,1.0666666666666669,109226.66666666669,91.0,58203.56,1057.3333333333333,203.95,2753.427333333333,0,0.0,-0.8660254037844386,0.5000000000000001,0.7818314824680298,0.6234898018587336,160.4160000011325
590.0,19.45133333333333,268.1333333333333,0.0666666666666666,1.4666666666666666,131072.0,85.66666666666667,69312.52,1025.3333333333333,192.9,2766.373333333333,0,0.0,-0.8660254037844386,0.5000000000000001,0.7818314824680298,0.6234898018587336,130.90599999949336
30.0,19.59933333333333,295.2,0.1333333333333333,0.5333333333333333,74274.13333333333,80.0,53831.86,1060.6666666666667,203.75,2774.7566666666667,0,0.0,-0.8660254037844386,0.5000000000000001,0.7818314824680298,0.6234898018587336,133.05799999833107
526.6666666666666,20.042,605.1333333333333,0.8666666666666667,1.4666666666666666,196608.0,98.0,55978.82,1038.0,216.41,2752.487333333333,0,0.0,-0.7071067811865477,0.7071067811865474,0.7818314824680298,0.6234898018587336,128.34099999815226
413.3333333333333,19.77466666666667,690.3333333333334,0.0,1.4,34952.53333333333,96.0,56263.64,1033.3333333333333,135.22,2766.190666666667,0,0.0,-0.7071067811865477,0.7071067811865474,0.7818314824680298,0.6234898018587336,163.40550000220537
266.6666666666667,19.834,582.9333333333333,0.3333333333333333,1.7333333333333334,196608.0,94.33333333333331,51848.48,1057.3333333333333,231.07,2755.347333333333,0,0.0,-0.7071067811865477,0.7071067811865474,0.7818314824680298,0.6234898018587336,146.92449999973178
413.3333333333333,19.07333333333333,495.73333333333335,0.6666666666666666,3.933333333333333,209715.2,85.0,57860.47,1052.0,198.26,2774.9706666666666,0,0.0,-0.7071067811865477,0.7071067811865474,0.7818314824680298,0.6234898018587336,168.3720000013709
176.66666666666666,19.56533333333333,428.6,0.6666666666666666,2.0,83012.26666666666,79.0,57499.84,1036.0,216.02,2759.764,0,0.0,-0.5000000000000004,0.8660254037844384,0.7818314824680298,0.6234898018587336,143.2390000000596
413.3333333333333,20.238,684.5333333333333,0.0666666666666666,4.133333333333334,135441.06666666668,83.66666666666667,50392.21,1030.6666666666667,119.18,2766.938666666667,0,0.0,-0.5000000000000004,0.8660254037844384,0.7818314824680298,0.6234898018587336,159.12099999934435
413.3333333333333,20.558666666666667,188.7333333333333,0.0,1.2666666666666666,74274.13333333333,76.0,0.0,1000.0,87.6,2759.6153333333336,0,0.0,-0.5000000000000004,0.8660254037844384,0.7818314824680298,0.6234898018587336,145.24799999967215
0.0,20.954666666666665,804.6666666666666,0.0,0.0,0.0,100.0,0.0,1000.0,87.6,2752.798,0,0.0,-0.5000000000000004,0.8660254037844384,0.7818314824680298,0.6234898018587336,55.35700000077486
0.0,21.433333333333334,1215.0,0.6666666666666666,0.0,30583.466666666667,100.0,35340.24,1027.3333333333333,180.22,2748.292,0,0.0,-0.2588190451025215,0.965925826289068,0.7818314824680298,0.6234898018587336,43.0080000013113
533.3333333333334,21.84466666666667,514.8,0.0,5.333333333333333,56797.86666666667,100.0,43664.99,1036.6666666666667,205.51,2743.264666666667,0,0.0,-0.2588190451025215,0.965925826289068,0.7818314824680298,0.6234898018587336,131.24599999934435
146.66666666666666,22.054666666666662,657.8,0.6666666666666666,1.2666666666666666,96119.46666666666,96.66666666666669,45996.11,1040.0,127.46,2740.1220000000003,0,0.0,-0.2588190451025215,0.965925826289068,0.7818314824680298,0.6234898018587336,133.10999999940395
590.0,21.74866666666667,510.26666666666665,0.6666666666666666,7.466666666666667,91750.4,100.0,39715.17,1053.3333333333333,166.82,2719.7606666666666,0,0.0,-0.2588190451025215,0.965925826289068,0.7818314824680298,0.6234898018587336,140.74650000035763
50.0,19.979333333333333,764.6666666666666,0.9333333333333332,14.266666666666667,166024.53333333333,92.33333333333331,22775.45,1038.6666666666667,434.33,2741.2786666666666,0,0.0,0.0,1.0,0.9749279121818236,-0.2225209339563143,111.87449999898672
483.3333333333333,19.724666666666668,1279.8666666666666,0.9333333333333332,12.533333333333331,240298.66666666663,100.0,20834.76,1023.3333333333334,303.12,2708.2786666666666,0,0.0,0.0,1.0,0.9749279121818236,-0.2225209339563143,176.42899999767542
287.3333333333333,24.14133333333333,1305.6666666666667,1.2,2.6,205346.13333333333,100.0,23721.45,1046.0,270.88,2744.86,0,0.0,0.0,1.0,0.9749279121818236,-0.2225209339563143,191.3190000019968
200.66666666666663,22.923333333333336,916.4,1.0666666666666669,4.933333333333334,109226.66666666669,100.0,36943.82,1036.0,240.96,2765.2966666666666,0,0.0,0.0,1.0,0.9749279121818236,-0.2225209339563143,170.9210000000894
211.3333333333333,23.946666666666665,766.8,1.0666666666666669,4.466666666666667,152917.33333333334,100.0,23017.02,1051.3333333333333,389.62,2770.396,0,0.0,0.2588190451025207,0.9659258262890684,0.9749279121818236,-0.2225209339563143,129.42599999904633
170.66666666666666,26.049333333333333,1384.8,2.4,4.866666666666666,196608.0,100.0,21638.52,1048.6666666666667,273.96000000000004,2768.462,0,0.0,0.2588190451025207,0.9659258262890684,0.9749279121818236,-0.2225209339563143,179.85000000149012
203.3333333333333,27.878,810.8666666666667,0.6666666666666666,5.666666666666667,87381.33333333333,100.0,39490.22,1018.6666666666666,111.17,2762.728666666667,0,0.0,0.2588190451025207,0.9659258262890684,0.9749279121818236,-0.2225209339563143,189.8530000001192
203.3333333333333,28.09733333333333,391.2,0.3333333333333333,1.6,83012.26666666666,98.0,26125.68,1026.0,323.35,2758.789333333333,0,0.0,0.2588190451025207,0.9659258262890684,0.9749279121818236,-0.2225209339563143,95.6220000013709
74.0,27.386666666666667,935.4666666666668,0.9333333333333332,2.4,209715.2,100.0,33085.49,1046.6666666666667,242.99,2750.592,0,0.0,0.4999999999999999,0.8660254037844387,0.9749279121818236,-0.2225209339563143,175.60199999809265
193.3333333333333,26.89333333333333,1410.8,2.466666666666667,6.333333333333333,183500.8,100.0,27432.84,1046.6666666666667,298.08,2744.46,0,0.0,0.4999999999999999,0.8660254037844387,0.9749279121818236,-0.2225209339563143,151.60100000351667
70.0,28.030666666666665,665.2666666666667,1.0666666666666669,7.4,117964.8,100.0,30017.58,1058.0,266.11,2742.286,0,0.0,0.4999999999999999,0.8660254037844387,0.9749279121818236,-0.2225209339563143,174.4189999960363
146.66666666666666,28.372666666666664,1217.4666666666667,0.8,4.133333333333334,96119.46666666666,100.0,36779.06,1030.6666666666667,127.84,2734.6913333333337,0,0.0,0.4999999999999999,0.8660254037844387,0.9749279121818236,-0.2225209339563143,137.58200000226498
0.0,27.290000000000003,1217.0,0.0,0.0,0.0,54.66666666666666,7996.48,1010.0,390.09,2728.608,0,0.0,0.7071067811865475,0.7071067811865476,0.9749279121818236,-0.2225209339563143,101.31099999696016
0.0,26.268666666666665,1217.0,0.0,0.0,0.0,55.66666666666666,43184.98,1012.0,271.96000000000004,2722.0693333333334,0,0.0,0.7071067811865475,0.7071067811865476,0.9749279121818236,-0.2225209339563143,42.73800000175834
50.0,25.852,1217.0,0.0,0.0,0.0,93.33333333333331,61741.58,1030.6666666666667,154.77,2717.772,0,0.0,0.7071067811865475,0.7071067811865476,0.9749279121818236,-0.2225209339563143,78.35800000280142
146.66666666666666,26.018,1054.0666666666666,0.8,8.133333333333333,235929.6,100.0,21823.95,1041.3333333333333,276.65,2712.486,0,0.0,0.7071067811865475,0.7071067811865476,0.9749279121818236,-0.2225209339563143,89.9674999974668
263.3333333333333,24.424,1239.0,1.5333333333333334,4.933333333333334,214084.26666666663,100.0,22923.25,1062.0,340.6,2678.688666666667,0,0.0,0.8660254037844386,0.5000000000000001,0.9749279121818236,-0.2225209339563143,197.7325000017881
230.0,25.626666666666665,1085.6666666666667,0.8666666666666667,7.133333333333334,78643.2,100.0,26621.35,1021.3333333333334,259.19,2705.0026666666668,0,0.0,0.8660254037844386,0.5000000000000001,0.9749279121818236,-0.2225209339563143,163.09899999946356
246.66666666666663,25.555333333333333,1151.4,1.933333333333333,2.533333333333333,157286.4,100.0,31724.83,1031.3333333333333,216.08,2715.8866666666668,0,0.0,0.8660254037844386,0.5000000000000001,0.9749279121818236,-0.2225209339563143,164.24100000038743
23.33333333333333,22.93133333333333,739.8,0.6,1.0666666666666669,65536.0,98.66666666666669,36124.94,1045.3333333333333,226.7,2720.690666666667,0,0.0,0.8660254037844386,0.5000000000000001,0.9749279121818236,-0.2225209339563143,138.15999999642372
126.66666666666669,25.37,987.1333333333332,1.1333333333333333,9.4,196608.0,100.0,21880.16,1036.6666666666667,301.48,2714.324666666667,0,0.0,0.9659258262890684,0.2588190451025207,0.9749279121818236,-0.2225209339563143,136.5460000000894
173.33333333333334,25.99,715.0666666666667,0.4666666666666667,5.133333333333334,65536.0,100.0,34450.75,1053.3333333333333,143.57,2716.3593333333333,0,0.0,0.9659258262890684,0.2588190451025207,0.9749279121818236,-0.2225209339563143,170.027000002563
303.3333333333333,23.064666666666668,661.8666666666667,0.9333333333333332,3.533333333333333,179131.73333333334,97.66666666666669,32412.54,1042.0,332.58,2727.0806666666667,0,0.0,0.9659258262890684,0.2588190451025207,0.9749279121818236,-0.2225209339563143,114.19999999925494
193.3333333333333,21.79733333333333,1103.0,1.0666666666666669,3.6,192238.9333333333,100.0,25434.19,1036.0,354.48,2737.9773333333333,0,1.0,0.9659258262890684,0.2588190451025207,0.9749279121818236,-0.2225209339563143,154.9919999986887
23.33333333333333,21.33333333333333,1312.2666666666669,1.4666666666666666,5.733333333333333,192238.9333333333,100.0,26177.56,1034.6666666666667,290.27,2742.09,1,1.0,1.0,6.123233995736766e-17,0.9749279121818236,-0.2225209339563143,176.17700000107288
250.66666666666663,24.05333333333333,1205.0,2.333333333333333,7.4,209715.2,100.0,20712.36,1035.3333333333333,207.38,2737.118,1,1.0,1.0,6.123233995736766e-17,0.9749279121818236,-0.2225209339563143,160.11899999901652
336.6666666666667,25.540666666666667,1140.9333333333334,0.8,6.666666666666667,91750.4,67.66666666666667,10444.68,1004.6666666666666,188.2,2750.099333333333,1,1.0,1.0,6.123233995736766e-17,0.9749279121818236,-0.2225209339563143,161.38500000163913
0.0,27.936666666666667,1.0666666666666669,0.0,0.0,0.0,50.0,0.0,1000.0,91.95,2755.79,1,1.0,1.0,6.123233995736766e-17,0.9749279121818236,-0.2225209339563143,63.45499999821186
0.0,26.068666666666665,1.0,0.0,0.0,0.0,50.0,0.0,1000.0,91.95,2763.139333333333,1,1.0,0.9659258262890684,-0.2588190451025206,0.9749279121818236,-0.2225209339563143,29.50500000268221
363.3333333333333,24.326,1.0,0.0,0.0,0.0,50.0,0.0,1000.0,91.95,2772.5133333333333,1,1.0,0.9659258262890684,-0.2588190451025206,0.9749279121818236,-0.2225209339563143,28.099999997764822
127.33333333333331,23.398666666666667,1.0,0.0,0.0,0.0,50.0,0.0,1000.0,91.95,2775.777333333333,1,1.0,0.9659258262890684,-0.2588190451025206,0.9749279121818236,-0.2225209339563143,34.3340000025928
0.0,22.780666666666665,1.0,0.0,0.0,0.0,50.0,0.0,1000.0,91.95,2776.864666666667,1,1.0,0.9659258262890684,-0.2588190451025206,0.9749279121818236,-0.2225209339563143,31.090999998152256
0.0,21.872666666666664,1.0,0.0,0.0,0.0,50.0,0.0,1000.0,91.95,2777.622666666667,1,1.0,0.8660254037844387,-0.4999999999999998,0.9749279121818236,-0.2225209339563143,30.31599999964237
0.0,21.09733333333333,1.0,0.0,0.0,0.0,50.0,0.0,1000.0,91.95,2777.8866666666668,1,1.0,0.8660254037844387,-0.4999999999999998,0.9749279121818236,-0.2225209339563143,29.38800000026822
0.0,20.626666666666665,1.0,0.0,0.0,0.0,47.0,0.0,1000.0,91.95,2777.963333333333,1,1.0,0.8660254037844387,-0.4999999999999998,0.9749279121818236,-0.2225209339563143,30.085999999195337
0.0,20.35533333333333,1.0,0.0,0.0,0.0,50.0,0.0,1000.0,91.95,2778.088666666667,1,1.0,0.8660254037844387,-0.4999999999999998,0.9749279121818236,-0.2225209339563143,20.37600000202656
0.0,20.116666666666667,343.6,0.0,0.0,0.0,50.0,0.0,1000.0,91.95,2790.058,1,1.0,0.7071067811865476,-0.7071067811865475,0.9749279121818236,-0.2225209339563143,21.72899999842048
0.0,20.016,2.0,0.0,0.0,0.0,50.0,0.0,1000.0,91.95,2778.636,1,1.0,0.7071067811865476,-0.7071067811865475,0.9749279121818236,-0.2225209339563143,20.710999999195337
0.0,19.831333333333337,2.0,0.0,0.0,0.0,50.0,0.0,1000.0,91.95,2815.1833333333334,1,1.0,0.7071067811865476,-0.7071067811865475,0.9749279121818236,-0.2225209339563143,25.04300000146032
0.0,19.74,2.0,0.0,0.0,0.0,50.0,0.0,1000.0,91.95,2784.7826666666665,1,1.0,0.7071067811865476,-0.7071067811865475,0.9749279121818236,-0.2225209339563143,24.10999999940396
0.0,19.594,786.0,0.0,0.0,0.0,50.0,0.0,1000.0,91.95,2779.1833333333334,1,1.0,0.4999999999999999,-0.8660254037844387,0.9749279121818236,-0.2225209339563143,12.609000001102686
0.0,19.482000000000003,786.0,0.0,0.0,0.0,50.0,0.0,1000.0,91.95,2779.1693333333333,1,1.0,0.4999999999999999,-0.8660254037844387,0.9749279121818236,-0.2225209339563143,11.779999997466804
0.0,19.362,786.0,0.0,0.0,0.0,50.0,0.0,1000.0,91.95,2779.213333333333,1,1.0,0.4999999999999999,-0.8660254037844387,0.9749279121818236,-0.2225209339563143,22.047000002115965
0.0,19.368,786.0,0.0,0.0,0.0,50.0,0.0,1000.0,91.95,2779.562,1,1.0,0.4999999999999999,-0.8660254037844387,0.9749279121818236,-0.2225209339563143,26.88100000098348
0.0,19.446,786.0,0.0,0.0,0.0,50.0,0.0,1000.0,91.95,2779.4100000000003,1,1.0,0.258819045102521,-0.9659258262890682,0.9749279121818236,-0.2225209339563143,26.693999998271465
0.0,19.54733333333333,786.0,0.0,0.0,0.0,50.0,0.0,1000.0,91.95,2779.128,1,1.0,0.258819045102521,-0.9659258262890682,0.9749279121818236,-0.2225209339563143,19.95500000193715
0.0,19.638,618.6666666666666,0.0,0.0,0.0,50.0,0.0,1000.0,91.95,2779.124666666667,1,1.0,0.258819045102521,-0.9659258262890682,0.9749279121818236,-0.2225209339563143,16.51799999922514
0.0,19.472,4.0,0.0,0.0,0.0,50.0,0.0,1000.0,91.95,2779.48,1,1.0,0.258819045102521,-0.9659258262890682,0.9749279121818236,-0.2225209339563143,9.574999999254942
0.0,19.366,4.0,0.0,0.0,0.0,50.0,0.0,1000.0,91.95,2779.5460000000003,1,1.0,1.2246467991473532e-16,-1.0,0.9749279121818236,-0.2225209339563143,15.136999998241665
0.0,19.502,4.0,0.0,0.0,0.0,50.0,0.0,1000.0,91.95,2779.878,1,1.0,1.2246467991473532e-16,-1.0,0.9749279121818236,-0.2225209339563143,21.969999998807907
0.0,19.654666666666667,4.0,0.0,0.0,0.0,47.0,0.0,1000.0,91.95,2779.7993333333334,1,1.0,1.2246467991473532e-16,-1.0,0.9749279121818236,-0.2225209339563143,27.443000003695488
0.0,19.7,4.0,0.0,0.0,0.0,61.333333333333336,0.0,1000.0,91.95,2779.7206666666666,1,1.0,1.2246467991473532e-16,-1.0,0.9749279121818236,-0.2225209339563143,28.635999999940395
0.0,19.766,4.0,0.0,0.0,0.0,100.0,0.0,1000.0,91.95,2779.383333333333,1,1.0,-0.2588190451025208,-0.9659258262890684,0.9749279121818236,-0.2225209339563143,39.61199999973178
0.0,19.862,4.0,0.0,0.0,0.0,100.0,0.0,1000.0,91.95,2779.338666666667,1,1.0,-0.2588190451025208,-0.9659258262890684,0.9749279121818236,-0.2225209339563143,47.87099999934435
0.0,20.03333333333333,4.0,0.0,0.0,0.0,100.0,0.0,1000.0,91.95,2779.440666666667,1,1.0,-0.2588190451025208,-0.9659258262890684,0.9749279121818236,-0.2225209339563143,44.9429999999702
46.66666666666666,20.22266666666667,4.0,0.0,0.0,0.0,100.0,0.0,1000.0,91.95,2771.4393333333333,1,1.0,-0.2588190451025208,-0.9659258262890684,0.9749279121818236,-0.2225209339563143,26.83500000089407
0.0,20.400666666666663,4.0,0.0,0.0,0.0,100.0,0.0,1000.0,91.95,2767.161333333333,1,1.0,-0.4999999999999997,-0.8660254037844388,0.9749279121818236,-0.2225209339563143,22.781999997794628
0.0,20.544,4.0,0.0,0.8,0.0,100.0,0.0,1000.0,91.95,2775.989333333333,1,1.0,-0.4999999999999997,-0.8660254037844388,0.9749279121818236,-0.2225209339563143,44.44400000199676
0.0,20.718,4.0,0.0,0.0,0.0,100.0,0.0,1000.0,91.95,2774.9440000000004,1,1.0,-0.4999999999999997,-0.8660254037844388,0.9749279121818236,-0.2225209339563143,39.98600000143051
0.0,20.874,4.0,0.0,0.0,0.0,95.33333333333331,0.0,1000.0,91.95,2772.3146666666667,1,0.0,-0.4999999999999997,-0.8660254037844388,0.9749279121818236,-0.2225209339563143,36.6549999974668
0.0,20.972,4.0,0.0,0.0,0.0,91.33333333333331,0.0,1000.0,91.95,2768.5413333333336,0,0.0,-0.7071067811865471,-0.7071067811865479,0.9749279121818236,-0.2225209339563143,31.631999999284744
0.0,21.01,4.0,0.0,1.6666666666666667,0.0,100.0,0.0,1000.0,91.95,2770.561333333333,0,0.0,-0.7071067811865471,-0.7071067811865479,0.9749279121818236,-0.2225209339563143,32.25100000202656
0.0,21.014000000000003,4.0,0.0,1.0666666666666669,0.0,100.0,0.0,1000.0,91.95,2768.256,0,0.0,-0.7071067811865471,-0.7071067811865479,0.9749279121818236,-0.2225209339563143,30.34399999678135
0.0,20.982000000000003,672.6666666666666,0.0,0.2666666666666666,0.0,100.0,0.0,1000.0,91.95,2762.127333333333,0,0.0,-0.7071067811865471,-0.7071067811865479,0.9749279121818236,-0.2225209339563143,34.5760000012815
0.0,21.28066666666667,1223.0,0.0,0.0,0.0,100.0,24618.25,1027.3333333333333,121.41,2714.116,0,0.0,-0.8660254037844384,-0.5000000000000004,0.9749279121818236,-0.2225209339563143,43.51700000092387
0.0,22.15666666666667,753.6666666666666,0.6666666666666666,4.266666666666667,122333.86666666668,100.0,49116.66,1046.0,176.73,2711.354,0,0.0,-0.8660254037844384,-0.5000000000000004,0.9749279121818236,-0.2225209339563143,86.65799999982119
23.33333333333333,21.66733333333333,856.0666666666667,1.4666666666666666,4.933333333333334,301465.6,98.0,34019.44,1048.6666666666667,386.88,2716.842,0,0.0,-0.8660254037844384,-0.5000000000000004,0.9749279121818236,-0.2225209339563143,126.97200000286102
0.0,20.319333333333336,1125.6,2.6666666666666665,6.6,170393.6,100.0,23957.05,1038.0,338.28,2705.083333333333,0,0.0,-0.8660254037844384,-0.5000000000000004,0.9749279121818236,-0.2225209339563143,172.25999999791384
210.0,19.536,936.0666666666668,1.4,3.2666666666666666,222822.4,100.0,24821.99,1036.6666666666667,229.75,2708.822,0,0.0,-0.9659258262890684,-0.2588190451025206,0.9749279121818236,-0.2225209339563143,168.97699999809265
170.66666666666666,19.95533333333333,1365.3333333333333,1.4,5.133333333333334,148548.26666666666,100.0,34004.24,1054.0,337.44,2714.724,0,0.0,-0.9659258262890684,-0.2588190451025206,0.9749279121818236,-0.2225209339563143,182.21800000220537
190.0,24.25,612.4,1.0666666666666669,12.533333333333331,122333.86666666668,100.0,41908.19,1042.6666666666667,285.85,2745.717333333333,0,0.0,-0.9659258262890684,-0.2588190451025206,0.9749279121818236,-0.2225209339563143,162.28999999910593
336.6666666666667,24.878,696.8666666666667,0.8,3.6666666666666665,183500.8,100.0,33899.63,1068.6666666666667,292.74,2768.959333333333,0,0.0,-0.9659258262890684,-0.2588190451025206,0.9749279121818236,-0.2225209339563143,148.0109999999404
110.66666666666669,22.907333333333334,609.4,0.2,2.4,139810.13333333333,98.66666666666669,22755.98,1035.3333333333333,310.73,2773.346,0,0.0,-1.0,-1.8369701987210292e-16,0.9749279121818236,-0.2225209339563143,123.68299999833108
244.0,22.446,1342.8,1.0666666666666669,5.533333333333333,200977.06666666668,100.0,22646.02,1029.3333333333333,335.11,2771.7580000000003,0,0.0,-1.0,-1.8369701987210292e-16,0.9749279121818236,-0.2225209339563143,175.39200000092387
154.0,22.58333333333333,1141.5333333333333,0.4666666666666667,4.466666666666667,144179.2,100.0,33353.25,1023.3333333333334,293.61,2766.748666666667,0,0.0,-1.0,-1.8369701987210292e-16,0.9749279121818236,-0.2225209339563143,170.02800000086427
200.66666666666663,28.234,988.6,0.2,1.0,17476.266666666666,100.0,31806.69,1055.3333333333333,147.45,2762.6566666666668,0,0.0,-1.0,-1.8369701987210292e-16,0.9749279121818236,-0.2225209339563143,169.625
0.0,28.290666666666667,905.4666666666668,0.0,1.4,34952.53333333333,91.0,33486.76,1042.6666666666667,152.53,2755.5906666666665,0,0.0,-0.9659258262890684,0.2588190451025203,0.9749279121818236,-0.2225209339563143,66.00450000166893
110.0,28.118,717.0,0.6,2.6666666666666665,65536.0,95.66666666666669,36947.15,1040.6666666666667,128.22,2747.928,0,0.0,-0.9659258262890684,0.2588190451025203,0.9749279121818236,-0.2225209339563143,130.02549999579787
140.66666666666666,26.724666666666668,1260.2666666666669,1.1333333333333333,18.266666666666666,270882.13333333336,96.66666666666669,19287.06,1018.6666666666666,307.77,2722.3486666666668,0,0.0,-0.9659258262890684,0.2588190451025203,0.9749279121818236,-0.2225209339563143,122.71100000292064
173.33333333333334,24.054,1152.8666666666666,1.0,5.6,244667.7333333333,100.0,28784.99,1030.6666666666667,331.12,2711.802666666667,0,0.0,-0.9659258262890684,0.2588190451025203,0.9749279121818236,-0.2225209339563143,190.1240000016988
190.0,25.144,1303.8666666666666,1.4666666666666666,5.0,183500.8,100.0,22095.97,1040.6666666666667,355.69,2742.4286666666667,0,0.0,-0.8660254037844386,0.5000000000000001,0.9749279121818236,-0.2225209339563143,179.14799999818206
127.33333333333331,25.582666666666668,1265.2,1.0666666666666669,6.6,183500.8,100.0,25803.2,1026.0,163.63,2772.6306666666665,0,0.0,-0.8660254037844386,0.5000000000000001,0.9749279121818236,-0.2225209339563143,182.78399999812245
120.66666666666669,27.061333333333334,1031.0666666666666,1.0666666666666669,22.133333333333333,152917.33333333334,100.0,42143.08,1042.0,222.39,2770.224666666667,0,0.0,-0.8660254037844386,0.5000000000000001,0.9749279121818236,-0.2225209339563143,171.67600000277162
370.0,28.87066666666667,747.4,1.6,5.333333333333333,126702.93333333332,100.0,29997.68,1033.3333333333333,333.99,2764.056,0,0.0,-0.8660254037844386,0.5000000000000001,0.9749279121818236,-0.2225209339563143,142.05299999937415
210.0,28.59733333333333,512.6,0.4,2.2,43690.66666666666,100.0,36970.41,1021.3333333333334,139.16,2759.6006666666667,0,0.0,-0.7071067811865477,0.7071067811865474,0.9749279121818236,-0.2225209339563143,182.57199999690056
136.66666666666666,28.970666666666663,1154.6,0.5333333333333333,7.866666666666666,139810.13333333333,100.0,25110.14,1046.6666666666667,257.89,2746.454,0,0.0,-0.7071067811865477,0.7071067811865474,0.9749279121818236,-0.2225209339563143,132.24500000476837
286.6666666666667,27.32933333333333,1131.2,1.4666666666666666,7.733333333333333,235929.6,96.66666666666669,26744.49,1037.3333333333333,426.66,2745.4586666666664,0,0.0,-0.7071067811865477,0.7071067811865474,0.9749279121818236,-0.2225209339563143,166.8699999973178
586.6666666666666,28.85533333333333,1046.9333333333334,2.1333333333333333,4.866666666666666,200977.06666666668,100.0,31557.63,1038.6666666666667,291.7,2739.702,0,0.0,-0.7071067811865477,0.7071067811865474,0.9749279121818236,-0.2225209339563143,165.55299999937415
127.33333333333331,28.99866666666667,1023.6666666666666,2.066666666666667,5.133333333333334,135441.06666666668,100.0,31131.92,1025.3333333333333,225.57,2734.613333333333,0,0.0,-0.5000000000000004,0.8660254037844384,0.9749279121818236,-0.2225209339563143,157.97200000286102
120.0,28.996,658.6666666666666,1.0,2.8666666666666667,69905.06666666667,100.0,36548.98,1032.6666666666667,326.59000000000003,2729.1466666666665,0,0.0,-0.5000000000000004,0.8660254037844384,0.9749279121818236,-0.2225209339563143,162.24399999901652
293.3333333333333,27.35,826.6,1.4666666666666666,6.133333333333334,74274.13333333333,100.0,42531.6,1136.0,156.99,2741.2426666666665,0,0.0,-0.5000000000000004,0.8660254037844384,0.9749279121818236,-0.2225209339563143,155.91899999976158
0.0,23.992666666666665,1209.0,0.0,0.0,0.0,96.33333333333331,3979.2,1220.0,522.09,2749.6086666666665,0,0.0,-0.5000000000000004,0.8660254037844384,0.9749279121818236,-0.2225209339563143,96.64099999889731
0.0,22.594,1047.9333333333334,0.0,0.2,43690.66666666666,96.66666666666669,58853.26,1059.3333333333333,204.01,2758.278,0,0.0,-0.2588190451025215,0.965925826289068,0.9749279121818236,-0.2225209339563143,48.67500000074506
146.66666666666666,21.098000000000003,1218.2666666666669,1.6666666666666667,3.333333333333333,148548.26666666666,100.0,20796.67,1034.6666666666667,298.68,2750.226666666667,0,0.0,-0.2588190451025215,0.965925826289068,0.9749279121818236,-0.2225209339563143,133.43800000101328
233.3333333333333,19.82733333333333,1230.0,0.8,10.0,126702.93333333332,100.0,27380.34,1050.0,202.53,2730.236,0,0.0,-0.2588190451025215,0.965925826289068,0.9749279121818236,-0.2225209339563143,187.2089999988675
191.3333333333333,19.328,1196.3333333333333,1.6666666666666667,4.133333333333334,166024.53333333333,100.0,33449.25,1040.6666666666667,238.07,2736.588,0,0.0,-0.2588190451025215,0.965925826289068,0.9749279121818236,-0.2225209339563143,153.46400000154972
284.0,23.41,864.3333333333334,0.8,4.6,126702.93333333332,100.0,19287.9,1038.6666666666667,334.03,2766.6493333333333,0,0.0,0.0,1.0,0.4338837391175582,-0.900968867902419,156.97899999842048
223.3333333333333,26.236,897.7333333333333,0.8666666666666667,3.733333333333333,170393.6,100.0,31904.37,1022.0,156.19,2785.188,0,0.0,0.0,1.0,0.4338837391175582,-0.900968867902419,178.29800000041723
0.0,25.48733333333333,1055.6,1.6666666666666667,4.2,161655.46666666667,98.0,32012.16,1028.0,281.97,2781.442666666667,0,0.0,0.0,1.0,0.4338837391175582,-0.900968867902419,142.0730000026524
293.3333333333333,24.78666666666667,545.4666666666667,1.0666666666666669,2.533333333333333,74274.13333333333,98.33333333333331,30248.26,1027.3333333333333,143.46,2775.84,0,0.0,0.0,1.0,0.4338837391175582,-0.900968867902419,137.29699999839067
246.66666666666663,24.10933333333333,1075.5333333333333,1.1333333333333333,5.0,152917.33333333334,96.0,21672.0,1043.3333333333333,356.51,2770.8506666666667,0,0.0,0.2588190451025207,0.9659258262890684,0.4338837391175582,-0.900968867902419,144.3149999976158
338.0,23.28533333333333,1215.5333333333333,1.0666666666666669,6.0,235929.6,100.0,21954.06,1038.6666666666667,371.68,2765.6273333333334,0,0.0,0.2588190451025207,0.9659258262890684,0.4338837391175582,-0.900968867902419,177.85950000211596
230.66666666666663,27.543333333333333,535.0666666666667,0.4666666666666667,2.8666666666666667,48059.73333333333,100.0,35111.75,1048.6666666666667,207.75,2761.0080000000003,0,0.0,0.2588190451025207,0.9659258262890684,0.4338837391175582,-0.900968867902419,191.4835000000894
230.0,26.978666666666665,845.5333333333333,1.0666666666666669,7.266666666666667,240298.66666666663,99.33333333333331,21736.61,1030.0,319.62,2753.961333333333,0,0.0,0.2588190451025207,0.9659258262890684,0.4338837391175582,-0.900968867902419,98.64899999648333
227.3333333333333,27.576,1426.8,0.8666666666666667,19.53333333333333,166024.53333333333,100.0,26548.32,1042.0,249.15,2748.212666666667,0,0.0,0.4999999999999999,0.8660254037844387,0.4338837391175582,-0.900968867902419,188.27000000327823
227.3333333333333,27.114,587.1333333333333,0.8666666666666667,6.933333333333334,96119.46666666666,100.0,33444.26,1042.0,324.15,2743.1386666666667,0,0.0,0.4999999999999999,0.8660254037844387,0.4338837391175582,-0.900968867902419,166.26799999922514
216.66666666666663,27.582,1312.4,1.8,9.933333333333334,231560.53333333333,100.0,22937.16,1030.0,303.63,2737.3233333333333,0,0.0,0.4999999999999999,0.8660254037844387,0.4338837391175582,-0.900968867902419,148.74000000208616
336.6666666666667,27.684666666666665,1228.7333333333331,1.4,5.133333333333334,161655.46666666667,100.0,30917.39,1029.3333333333333,275.9,2732.275333333333,0,0.0,0.4999999999999999,0.8660254037844387,0.4338837391175582,-0.900968867902419,170.6169999986887
190.0,24.750666666666667,1127.4,0.8666666666666667,5.933333333333334,43690.66666666666,100.0,24752.08,1022.0,145.72,2736.8146666666667,0,0.0,0.7071067811865475,0.7071067811865476,0.4338837391175582,-0.900968867902419,179.66399999707937
0.0,25.586,968.2,0.3333333333333333,0.0,43690.66666666666,100.0,27371.66,1036.0,208.8,2742.6,0,0.0,0.7071067811865475,0.7071067811865476,0.4338837391175582,-0.900968867902419,69.1220000013709
267.3333333333333,24.900666666666663,1270.9333333333334,0.9333333333333332,9.733333333333333,249036.8,98.0,27568.1,1018.6666666666666,315.31,2747.6046666666666,0,0.0,0.7071067811865475,0.7071067811865476,0.4338837391175582,-0.900968867902419,128.02600000053644
203.3333333333333,22.50733333333333,1189.6666666666667,2.066666666666667,5.266666666666667,209715.2,100.0,21059.58,1026.0,285.1,2753.7593333333334,0,0.0,0.7071067811865475,0.7071067811865476,0.4338837391175582,-0.900968867902419,171.32400000095367
400.6666666666667,21.16933333333333,957.4666666666668,0.8666666666666667,6.0,170393.6,100.0,27977.86,1036.6666666666667,313.32,2761.028,0,0.0,0.8660254037844386,0.5000000000000001,0.4338837391175582,-0.900968867902419,167.5759999975562
290.0,20.85333333333333,698.1333333333333,1.5333333333333334,4.866666666666666,139810.13333333333,100.0,29806.87,1027.3333333333333,233.93,2769.95,0,0.0,0.8660254037844386,0.5000000000000001,0.4338837391175582,-0.900968867902419,150.42500000074506
236.66666666666663,20.87933333333333,1041.5333333333333,1.0666666666666669,7.866666666666666,87381.33333333333,100.0,2646.9,1024.6666666666667,108.13,2771.613333333333,0,0.0,0.8660254037844386,0.5000000000000001,0.4338837391175582,-0.900968867902419,166.47500000149012
354.6666666666667,25.54533333333333,648.2666666666667,0.0,0.0,0.0,81.66666666666667,0.0,1020.0,103.35,2743.0473333333334,0,0.0,0.8660254037844386,0.5000000000000001,0.4338837391175582,-0.900968867902419,71.22199999913573
23.33333333333333,26.290666666666667,1139.0,0.0,0.0,0.0,83.33333333333333,67644.55,1048.6666666666667,161.64,2742.058,0,0.0,0.9659258262890684,0.2588190451025207,0.4338837391175582,-0.900968867902419,48.931000001728535
0.0,25.364,712.0,0.8,4.266666666666667,78643.2,100.0,27337.36,1024.0,410.28,2742.1366666666668,0,0.0,0.9659258262890684,0.2588190451025207,0.4338837391175582,-0.900968867902419,107.48499999940395
0.0,24.078666666666667,944.4,0.7333333333333333,9.066666666666666,174762.66666666666,100.0,38927.0,1059.3333333333333,227.68,2720.863333333333,0,0.0,0.9659258262890684,0.2588190451025207,0.4338837391175582,-0.900968867902419,176.56399999931455
0.0,21.011333333333333,828.2,0.6666666666666666,5.8,87381.33333333333,100.0,25211.25,1042.0,410.02,2719.9826666666663,0,0.0,0.9659258262890684,0.2588190451025207,0.4338837391175582,-0.900968867902419,134.24699999764562
83.33333333333333,19.84466666666667,695.6,0.7333333333333333,5.666666666666667,43690.66666666666,100.0,45787.6,1036.6666666666667,125.45,2731.3,0,0.0,1.0,6.123233995736766e-17,0.4338837391175582,-0.900968867902419,169.00400000065565
200.66666666666663,19.824,1105.9333333333334,1.0,2.066666666666667,174762.66666666666,100.0,26149.14,1046.6666666666667,363.63,2772.442,0,0.0,1.0,6.123233995736766e-17,0.4338837391175582,-0.900968867902419,136.95400000363588
246.66666666666663,20.90333333333333,908.8,1.2,2.6666666666666665,139810.13333333333,100.0,45411.39,1035.3333333333333,160.24,2732.226,0,0.0,1.0,6.123233995736766e-17,0.4338837391175582,-0.900968867902419,136.52949999645352
0.0,20.780666666666665,1066.6,0.6,0.7333333333333333,0.0,100.0,12187.07,1010.0,362.49,2759.6073333333334,0,0.0,1.0,6.123233995736766e-17,0.4338837391175582,-0.900968867902419,136.71950000151992
0.0,20.288,983.4,0.0,0.4,8738.133333333333,100.0,59363.7,1064.6666666666667,190.25,2777.274,0,0.0,0.9659258262890684,-0.2588190451025206,0.4338837391175582,-0.900968867902419,51.6549999974668
146.66666666666666,20.89333333333333,782.8666666666667,0.0,2.2666666666666666,297096.5333333333,100.0,24345.45,1040.0,182.86,2768.5693333333334,0,0.0,0.9659258262890684,-0.2588190451025206,0.4338837391175582,-0.900968867902419,103.50600000098348
323.3333333333333,20.89333333333333,1262.1333333333334,1.5333333333333334,6.466666666666667,345156.26666666666,100.0,29637.69,1030.6666666666667,244.22,2726.974666666667,0,0.0,0.9659258262890684,-0.2588190451025206,0.4338837391175582,-0.900968867902419,195.52499999850988
206.66666666666663,19.278666666666663,1327.1333333333334,1.4,3.333333333333333,305834.6666666667,100.0,26761.6,1036.0,285.36,2736.961333333333,0,0.0,0.9659258262890684,-0.2588190451025206,0.4338837391175582,-0.900968867902419,175.30200000107288
226.66666666666663,18.956000000000003,1269.4,3.066666666666667,11.266666666666667,262144.0,100.0,24020.81,1028.0,244.18,2746.6180000000004,0,0.0,0.8660254037844387,-0.4999999999999998,0.4338837391175582,-0.900968867902419,180.50700000301003
483.3333333333333,19.074666666666666,1207.4666666666667,2.2666666666666666,6.666666666666667,340787.2,100.0,32333.26,1054.0,201.2,2755.538666666667,0,0.0,0.8660254037844387,-0.4999999999999998,0.4338837391175582,-0.900968867902419,195.6169999986887
230.66666666666663,25.046666666666667,754.5333333333333,0.2,3.2,96119.46666666666,96.0,62821.43,1027.3333333333333,121.32,2793.2413333333334,0,0.0,0.8660254037844387,-0.4999999999999998,0.4338837391175582,-0.900968867902419,177.62900000065565
0.0,25.764666666666667,837.0666666666667,0.6,5.533333333333333,117964.8,48.66666666666666,39199.59,1057.3333333333333,243.24,2801.822,0,0.0,0.8660254037844387,-0.4999999999999998,0.4338837391175582,-0.900968867902419,100.32999999821186
238.0,24.67733333333333,1100.2666666666669,1.2,6.066666666666666,275251.2,100.0,37838.89,1044.6666666666667,246.61,2796.206,0,0.0,0.7071067811865476,-0.7071067811865475,0.4338837391175582,-0.900968867902419,163.77500000223517
381.3333333333333,23.876,1070.8,0.6,3.533333333333333,380108.8,100.0,24279.29,1040.6666666666667,304.23,2791.14,0,0.0,0.7071067811865476,-0.7071067811865475,0.4338837391175582,-0.900968867902419,159.41200000047684
316.6666666666667,23.276,1374.3333333333333,1.2,11.866666666666667,297096.5333333333,100.0,27882.48,1031.3333333333333,331.55,2786.6913333333337,0,0.0,0.7071067811865476,-0.7071067811865475,0.4338837391175582,-0.900968867902419,184.8159999996424
227.3333333333333,23.13,1313.3333333333333,1.1333333333333333,7.133333333333334,288358.4,100.0,29691.83,1024.0,348.12,2782.996,0,0.0,0.7071067811865476,-0.7071067811865475,0.4338837391175582,-0.900968867902419,185.3019999973476
43.333333333333336,27.06533333333333,924.5333333333332,1.1333333333333333,6.8,200977.06666666668,100.0,56034.44,1036.0,165.18,2781.4126666666666,0,0.0,0.4999999999999999,-0.8660254037844387,0.4338837391175582,-0.900968867902419,168.2390000000596
54.0,27.50933333333333,965.6,0.6,0.7333333333333333,135441.06666666668,92.66666666666669,43909.37,1016.0,157.58,2778.610666666667,0,0.0,0.4999999999999999,-0.8660254037844387,0.4338837391175582,-0.900968867902419,116.6900000013411
220.66666666666663,26.542666666666666,637.0666666666667,0.6666666666666666,1.7333333333333334,205346.13333333333,98.33333333333331,28103.04,1048.0,213.77,2769.2146666666667,0,0.0,0.4999999999999999,-0.8660254037844387,0.4338837391175582,-0.900968867902419,124.4320000000298
440.0,25.978666666666665,1343.0666666666666,1.1333333333333333,6.4,270882.13333333336,100.0,31506.57,1062.0,332.01,2763.4819999999995,0,0.0,0.4999999999999999,-0.8660254037844387,0.4338837391175582,-0.900968867902419,166.79700000211596
213.3333333333333,25.58,1059.0,0.4,4.0,279620.26666666666,100.0,39010.87,1017.3333333333334,274.4,2759.8126666666667,0,0.0,0.258819045102521,-0.9659258262890682,0.4338837391175582,-0.900968867902419,165.21399999782443
173.33333333333334,25.02466666666667,810.6666666666666,1.0,2.4,266513.06666666665,93.66666666666669,26464.77,1055.3333333333333,225.78,2753.9486666666667,0,0.0,0.258819045102521,-0.9659258262890682,0.4338837391175582,-0.900968867902419,148.79399999976158
66.66666666666667,24.832,1263.2,0.8666666666666667,2.7333333333333334,266513.06666666665,100.0,33215.65,1012.6666666666666,352.95,2750.766666666667,0,0.0,0.258819045102521,-0.9659258262890682,0.4338837391175582,-0.900968867902419,160.6790000014007
137.33333333333334,24.722,631.1333333333333,1.3333333333333333,2.0,126702.93333333332,97.66666666666669,43932.05,1021.3333333333334,230.88,2744.43,0,0.0,0.258819045102521,-0.9659258262890682,0.4338837391175582,-0.900968867902419,159.88699999824166
173.33333333333334,27.947333333333333,800.0,0.0,0.4,48059.73333333333,56.0,14368.2,1020.0,460.04,2739.641333333333,0,0.0,1.2246467991473532e-16,-1.0,0.4338837391175582,-0.900968867902419,131.15300000086427
0.0,28.358,892.7333333333333,0.0,0.0,48059.73333333333,48.0,30704.68,1030.6666666666667,216.04,2733.79,0,0.0,1.2246467991473532e-16,-1.0,0.4338837391175582,-0.900968867902419,59.17500000074506
146.66666666666666,27.40533333333333,717.7333333333333,2.333333333333333,2.066666666666667,192238.9333333333,100.0,39648.69,1042.6666666666667,256.21,2736.717333333333,0,0.0,1.2246467991473532e-16,-1.0,0.4338837391175582,-0.900968867902419,133.80099999904633
234.66666666666663,25.132,1079.3333333333333,1.0,3.0,244667.7333333333,100.0,29562.74,1033.3333333333333,175.6,2745.007333333333,0,0.0,1.2246467991473532e-16,-1.0,0.4338837391175582,-0.900968867902419,152.02400000020862
227.3333333333333,23.383333333333333,1207.0,2.333333333333333,7.933333333333334,380108.8,100.0,27953.89,1058.6666666666667,346.3,2740.809333333333,0,0.0,-0.2588190451025208,-0.9659258262890684,0.4338837391175582,-0.900968867902419,156.49399999901652
140.66666666666666,23.108,659.2,1.4,3.533333333333333,157286.4,100.0,30239.12,1081.3333333333333,413.09,2722.875333333333,0,0.0,-0.2588190451025208,-0.9659258262890684,0.4338837391175582,-0.900968867902419,169.6980000026524
494.0,23.300666666666665,1121.9333333333334,2.1333333333333333,6.333333333333333,174762.66666666666,99.66666666666669,44828.24,1054.6666666666667,217.44,2727.6953333333336,0,0.0,-0.2588190451025208,-0.9659258262890684,0.4338837391175582,-0.900968867902419,156.48999999836087
307.3333333333333,23.5,768.0,0.1333333333333333,13.0,231560.53333333333,96.0,34694.95,1026.6666666666667,156.23,2765.856,0,0.0,-0.2588190451025208,-0.9659258262890684,0.4338837391175582,-0.900968867902419,134.2309999987483
54.0,23.702,752.7333333333333,0.0,14.866666666666667,157286.4,100.0,12108.27,1017.3333333333334,103.07,2768.7273333333333,0,0.0,-0.4999999999999997,-0.8660254037844388,0.4338837391175582,-0.900968867902419,158.3230000026524
190.0,23.79866666666667,498.4,0.0,0.0,0.0,100.0,0.0,1000.0,98.25,2763.550666666667,0,0.0,-0.4999999999999997,-0.8660254037844388,0.4338837391175582,-0.900968867902419,83.9269999973476
86.66666666666667,23.7,1243.0,0.0,0.0,0.0,100.0,0.0,1000.0,98.25,2777.772,0,0.0,-0.4999999999999997,-0.8660254037844388,0.4338837391175582,-0.900968867902419,31.649999998509884
0.0,23.732000000000003,1243.0,0.0,0.0,0.0,98.0,0.0,1000.0,98.25,2780.456,0,0.0,-0.4999999999999997,-0.8660254037844388,0.4338837391175582,-0.900968867902419,45.149000000208616
0.0,23.738,952.0666666666668,0.0666666666666666,1.7333333333333334,113595.73333333334,94.33333333333331,100743.41,1052.6666666666667,180.51,2780.110666666667,0,0.0,-0.7071067811865471,-0.7071067811865479,0.4338837391175582,-0.900968867902419,42.76800000295043
0.0,23.82133333333333,624.0,0.0666666666666666,0.3333333333333333,126702.93333333332,100.0,65173.1,1038.6666666666667,142.45,2779.224,0,0.0,-0.7071067811865471,-0.7071067811865479,0.4338837391175582,-0.900968867902419,170.07000000029802
0.0,23.956,593.3333333333334,0.2,1.1333333333333333,157286.4,100.0,62291.07,1030.6666666666667,201.79,2778.5713333333333,0,0.0,-0.7071067811865471,-0.7071067811865479,0.4338837391175582,-0.900968867902419,125.82699999958275
0.0,24.128,710.7333333333333,1.6,2.0,183500.8,100.0,60930.06,1048.0,198.14,2776.6200000000003,0,0.0,-0.7071067811865471,-0.7071067811865479,0.4338837391175582,-0.900968867902419,129.9050000011921
0.0,24.30333333333333,686.5333333333333,0.0,0.7333333333333333,131072.0,99.66666666666669,63750.51,1026.0,213.24,2774.46,0,0.0,-0.8660254037844384,-0.5000000000000004,0.4338837391175582,-0.900968867902419,108.03899999707936
0.0,24.409333333333333,486.4,0.2666666666666666,1.6,161655.46666666667,100.0,57382.39,1051.3333333333333,107.56,2772.154666666667,0,0.0,-0.8660254037844384,-0.5000000000000004,0.4338837391175582,-0.900968867902419,125.38200000301003
0.0,24.420666666666666,501.6666666666667,0.4666666666666667,0.4,152917.33333333334,100.0,58344.78,1014.6666666666666,110.69,2770.930666666666,0,0.0,-0.8660254037844384,-0.5000000000000004,0.4338837391175582,-0.900968867902419,119.46799999848008
0.0,24.558,1006.8,0.0,2.533333333333333,187869.86666666667,100.0,59013.46,1060.6666666666667,99.0,2768.862666666667,0,0.0,-0.8660254037844384,-0.5000000000000004,0.4338837391175582,-0.900968867902419,125.62800000235438
0.0,24.536,1200.0,0.0,1.5333333333333334,126702.93333333332,94.66666666666669,51777.61,1022.0,179.72,2767.209333333333,0,0.0,-0.9659258262890684,-0.2588190451025206,0.4338837391175582,-0.900968867902419,104.67999999970198
0.0,24.438,365.4,1.2,3.2,139810.13333333333,97.33333333333331,57495.6,1026.0,117.43,2765.872666666666,0,0.0,-0.9659258262890684,-0.2588190451025206,0.4338837391175582,-0.900968867902419,115.62699999660254
0.0,24.38533333333333,591.5333333333333,0.0,2.933333333333333,209715.2,98.66666666666669,55493.89,1028.0,191.48,2765.241333333333,0,0.0,-0.9659258262890684,-0.2588190451025206,0.4338837391175582,-0.900968867902419,127.43000000342728
0.0,24.416,756.1333333333333,0.0,0.2,196608.0,97.33333333333331,55884.83,1025.3333333333333,116.35,2762.936666666667,0,0.0,-0.9659258262890684,-0.2588190451025206,0.4338837391175582,-0.900968867902419,114.9809999987483
0.0,24.4,673.7333333333333,0.8666666666666667,9.333333333333334,192238.9333333333,100.0,54267.49,1039.3333333333333,181.9,2761.1940000000004,0,0.0,-1.0,-1.8369701987210292e-16,0.4338837391175582,-0.900968867902419,120.4780000001192
0.0,24.26,721.5333333333333,0.2666666666666666,1.0666666666666669,131072.0,100.0,53196.630000000005,1030.6666666666667,107.01,2759.176,0,0.0,-1.0,-1.8369701987210292e-16,0.4338837391175582,-0.900968867902419,117.87000000104308
0.0,24.634,435.0,0.0666666666666666,0.7333333333333333,174762.66666666666,99.66666666666669,59826.07,1029.3333333333333,198.15,2757.0173333333337,0,0.0,-1.0,-1.8369701987210292e-16,0.4338837391175582,-0.900968867902419,118.42299999669194
0.0,24.896,1419.6666666666667,0.0,0.4,34952.53333333333,100.0,38933.25,1028.0,74.69,2754.638,0,0.0,-1.0,-1.8369701987210292e-16,0.4338837391175582,-0.900968867902419,128.56900000199676
0.0,24.69066666666667,940.4666666666668,0.0,0.0,56797.86666666667,100.0,44269.67,1034.6666666666667,92.86,2754.0626666666667,0,0.0,-0.9659258262890684,0.2588190451025203,0.4338837391175582,-0.900968867902419,52.00299999862909
0.0,24.532,467.4666666666666,0.0,0.4666666666666667,139810.13333333333,100.0,56241.08,1028.0,202.0,2753.635333333333,0,0.0,-0.9659258262890684,0.2588190451025203,0.4338837391175582,-0.900968867902419,116.57699999958275
0.0,24.484,722.9333333333333,0.2,0.8,148548.26666666666,91.0,56182.23,1026.0,85.94,2750.289333333333,0,0.0,-0.9659258262890684,0.2588190451025203,0.4338837391175582,-0.900968867902419,124.08100000023842
0.0,24.422000000000004,414.6666666666667,0.3333333333333333,1.8,166024.53333333333,98.0,56112.95,1021.3333333333334,210.74,2748.274,0,0.0,-0.9659258262890684,0.2588190451025203,0.4338837391175582,-0.900968867902419,115.8559999987483
0.0,24.44,612.2666666666667,0.0,6.133333333333334,174762.66666666666,98.0,52971.25,1019.3333333333334,219.26,2746.6946666666668,0,0.0,-0.8660254037844386,0.5000000000000001,0.4338837391175582,-0.900968867902419,120.66600000113247
0.0,24.328666666666667,710.6,0.9333333333333332,1.0,135441.06666666668,100.0,54349.53,1021.3333333333334,96.33,2744.825333333333,0,0.0,-0.8660254037844386,0.5000000000000001,0.4338837391175582,-0.900968867902419,122.22300000116228
0.0,24.204,703.8666666666667,0.4666666666666667,0.2666666666666666,222822.4,100.0,62453.48,1031.3333333333333,102.52,2744.510666666667,0,0.0,-0.8660254037844386,0.5000000000000001,0.4338837391175582,-0.900968867902419,119.83199999853969
0.0,24.10666666666667,1160.2,0.2,0.6,91750.4,96.0,55480.36,1035.3333333333333,219.3,2743.126,0,0.0,-0.8660254037844386,0.5000000000000001,0.4338837391175582,-0.900968867902419,107.88500000163911
0.0,23.956,757.3333333333334,0.2,1.0666666666666669,161655.46666666667,99.0,55594.87,1038.6666666666667,151.83,2741.7006666666666,0,0.0,-0.7071067811865477,0.7071067811865474,0.4338837391175582,-0.900968867902419,122.78999999910592
0.0,23.826666666666664,511.6666666666667,0.4666666666666667,0.6666666666666666,152917.33333333334,99.66666666666669,49766.7,1025.3333333333333,203.55,2739.900666666667,0,0.0,-0.7071067811865477,0.7071067811865474,0.4338837391175582,-0.900968867902419,124.32299999892712
0.0,23.664,663.4666666666667,0.0,0.2666666666666666,192238.9333333333,100.0,52871.93,1031.3333333333333,202.6,2738.603333333333,0,0.0,-0.7071067811865477,0.7071067811865474,0.4338837391175582,-0.900968867902419,124.00100000202656
0.0,23.55,586.2666666666667,0.0,0.8,157286.4,98.66666666666669,58411.75,1034.0,194.5,2737.1173333333336,0,0.0,-0.7071067811865477,0.7071067811865474,0.4338837391175582,-0.900968867902419,111.4670000001788
0.0,23.575333333333333,504.53333333333336,0.0666666666666666,5.0,179131.73333333334,96.66666666666669,54205.98,1035.3333333333333,184.29,2737.816,0,0.0,-0.5000000000000004,0.8660254037844384,0.4338837391175582,-0.900968867902419,127.3640000000596
0.0,23.572,958.4,0.0666666666666666,0.7333333333333333,205346.13333333333,99.66666666666669,48101.79,1026.6666666666667,99.52,2736.616666666667,0,0.0,-0.5000000000000004,0.8660254037844384,0.4338837391175582,-0.900968867902419,118.9510000012815
0.0,23.686,740.8,0.8666666666666667,0.8,235929.6,97.33333333333331,60048.09,1036.6666666666667,95.21,2734.712,0,0.0,-0.5000000000000004,0.8660254037844384,0.4338837391175582,-0.900968867902419,103.55499999597669
0.0,23.714,1138.8666666666666,0.0,0.1333333333333333,0.0,88.33333333333333,53942.1,1011.3333333333334,85.12,2733.2966666666666,0,0.0,-0.5000000000000004,0.8660254037844384,0.4338837391175582,-0.900968867902419,113.06800000369547
0.0,23.41,982.6,0.2,0.0,61166.93333333333,88.0,60377.68,1039.3333333333333,128.86,2732.766,0,0.0,-0.2588190451025215,0.965925826289068,0.4338837391175582,-0.900968867902419,52.79199999943376
0.0,23.16,1149.4666666666667,0.3333333333333333,1.2666666666666666,200977.06666666668,99.0,55015.65,1050.6666666666667,108.06,2731.052666666667,0,0.0,-0.2588190451025215,0.965925826289068,0.4338837391175582,-0.900968867902419,103.65900000184774
0.0,23.148,1393.8666666666666,0.7333333333333333,0.8666666666666667,200977.06666666668,97.0,50083.71,1025.3333333333333,96.91,2729.1293333333333,0,0.0,-0.2588190451025215,0.965925826289068,0.4338837391175582,-0.900968867902419,153.30399999767542
0.0,23.104,1005.9333333333332,0.0,22.6,157286.4,100.0,41944.2,1026.0,88.32000000000001,2728.1206666666667,0,0.0,-0.2588190451025215,0.965925826289068,0.4338837391175582,-0.900968867902419,113.76599999889731
0.0,23.023333333333333,1280.0666666666666,0.0,0.8,34952.53333333333,73.33333333333333,0.0,1020.0,70.5,2721.701333333333,0,0.0,0.0,1.0,-0.433883739117558,-0.9009688679024191,109.964999999851
0.0,23.15,1150.0,0.0,0.0,0.0,65.0,0.0,1020.0,70.5,2727.88,0,0.0,0.0,1.0,-0.433883739117558,-0.9009688679024191,26.94600000232458
0.0,22.811333333333334,1150.0,0.0,0.0,0.0,80.66666666666667,39660.1,1042.0,192.84,2666.5173333333337,0,0.0,0.0,1.0,-0.433883739117558,-0.9009688679024191,32.54399999976158
0.0,21.992666666666665,1068.2666666666669,0.0,2.1333333333333333,87381.33333333333,100.0,22294.55,1022.0,283.33,2655.061333333333,0,0.0,0.0,1.0,-0.433883739117558,-0.9009688679024191,80.55799999833107
0.0,21.288,992.0666666666668,2.466666666666667,5.266666666666667,187869.86666666667,100.0,26493.94,1054.6666666666667,257.2,2678.0693333333334,0,0.0,0.2588190451025207,0.9659258262890684,-0.433883739117558,-0.9009688679024191,191.37700000032785
0.0,21.046,631.4666666666667,1.4,8.733333333333333,122333.86666666668,100.0,30579.93,1048.6666666666667,327.98,2662.6666666666665,0,0.0,0.2588190451025207,0.9659258262890684,-0.433883739117558,-0.9009688679024191,143.7659999988973
190.0,20.976,986.2,1.0666666666666669,10.866666666666667,157286.4,100.0,28249.33,1084.6666666666667,235.86,2666.3700000000003,0,0.0,0.2588190451025207,0.9659258262890684,-0.433883739117558,-0.9009688679024191,168.81600000336766
213.3333333333333,20.862666666666662,768.4,1.2,4.4,100488.53333333334,88.0,24934.5,1052.6666666666667,220.92,2674.938,0,0.0,0.2588190451025207,0.9659258262890684,-0.433883739117558,-0.9009688679024191,134.7939999960363
84.0,20.972,774.9333333333333,1.1333333333333333,2.933333333333333,122333.86666666668,100.0,31067.8,1052.6666666666667,343.49,2675.271333333333,0,0.0,0.4999999999999999,0.8660254037844387,-0.433883739117558,-0.9009688679024191,160.45500000193715
200.66666666666663,21.402,923.5333333333332,1.3333333333333333,4.8,135441.06666666668,100.0,38319.25,1054.0,132.61,2675.4700000000003,0,0.0,0.4999999999999999,0.8660254037844387,-0.433883739117558,-0.9009688679024191,156.339999999851
86.66666666666667,26.54533333333333,1161.0666666666666,1.8,6.866666666666666,166024.53333333333,100.0,28915.83,1040.6666666666667,262.22,2712.1913333333337,0,0.0,0.4999999999999999,0.8660254037844387,-0.433883739117558,-0.9009688679024191,136.56399999931455
26.666666666666668,23.286,914.6666666666666,0.2,8.2,104857.6,100.0,29329.22,1057.3333333333333,168.21,2713.038666666667,0,0.0,0.4999999999999999,0.8660254037844387,-0.433883739117558,-0.9009688679024191,154.4310000017285
54.0,21.800666666666665,1381.7333333333331,0.6,3.466666666666667,0.0,97.0,22796.03,1076.0,216.3,2718.278,0,0.0,0.7071067811865475,0.7071067811865476,-0.433883739117558,-0.9009688679024191,155.32799999788404
0.0,21.468,1185.4666666666667,0.0,0.0,87381.33333333333,78.0,27906.02,1033.3333333333333,209.7,2722.554,0,0.0,0.7071067811865475,0.7071067811865476,-0.433883739117558,-0.9009688679024191,60.211500000208616
117.33333333333331,21.115333333333336,1430.4666666666667,0.8,9.733333333333333,161655.46666666667,100.0,20941.7,1023.3333333333334,379.01,2710.6573333333336,0,0.0,0.7071067811865475,0.7071067811865476,-0.433883739117558,-0.9009688679024191,143.9835000000894
280.0,20.31,1093.2666666666669,1.5333333333333334,5.2,174762.66666666666,100.0,31554.99,1048.6666666666667,159.36,2704.9073333333336,0,0.0,0.7071067811865475,0.7071067811865476,-0.433883739117558,-0.9009688679024191,172.0869999974966
313.3333333333333,25.81533333333333,1018.8,1.4666666666666666,7.866666666666666,187869.86666666667,100.0,19177.26,1022.6666666666666,309.42,2757.77,0,0.0,0.8660254037844386,0.5000000000000001,-0.433883739117558,-0.9009688679024191,158.64000000059605
190.0,22.684,1352.4666666666667,2.0,9.466666666666669,200977.06666666668,100.0,28753.58,1057.3333333333333,263.3,2767.877333333333,0,0.0,0.8660254037844386,0.5000000000000001,-0.433883739117558,-0.9009688679024191,156.46800000220537
0.0,21.628,796.7333333333333,0.8,6.8,131072.0,100.0,35030.5,1031.3333333333333,229.57,2773.901333333333,0,0.0,0.8660254037844386,0.5000000000000001,-0.433883739117558,-0.9009688679024191,164.4039999991655
393.3333333333333,27.050666666666665,1317.6666666666667,0.4666666666666667,5.133333333333334,139810.13333333333,100.0,24648.52,1036.0,269.0,2766.3226666666665,0,0.0,0.8660254037844386,0.5000000000000001,-0.433883739117558,-0.9009688679024191,135.71800000220537
124.0,26.44333333333333,835.2,0.6666666666666666,3.933333333333333,152917.33333333334,100.0,44873.05,1042.6666666666667,163.32,2763.2653333333333,0,0.0,0.9659258262890684,0.2588190451025207,-0.433883739117558,-0.9009688679024191,176.61899999901652
316.6666666666667,28.274,936.3333333333334,0.7333333333333333,6.0,205346.13333333333,97.33333333333331,23844.39,1032.6666666666667,322.82,2756.096,0,0.0,0.9659258262890684,0.2588190451025207,-0.433883739117558,-0.9009688679024191,125.30400000140072
110.66666666666669,26.75133333333333,1330.2666666666669,1.0666666666666669,12.6,192238.9333333333,100.0,30143.79,1023.3333333333334,195.48,2753.702,0,0.0,0.9659258262890684,0.2588190451025207,-0.433883739117558,-0.9009688679024191,174.18399999663234
236.66666666666663,28.25733333333333,1431.8,2.1333333333333333,19.33333333333333,196608.0,100.0,23234.2,1042.6666666666667,292.87,2749.328666666667,0,0.0,0.9659258262890684,0.2588190451025207,-0.433883739117558,-0.9009688679024191,155.9180000014603
97.33333333333331,28.528,1264.2666666666669,1.6666666666666667,6.0,179131.73333333334,100.0,24141.03,1025.3333333333333,292.96000000000004,2742.178,0,0.0,1.0,6.123233995736766e-17,-0.433883739117558,-0.9009688679024191,158.25200000032785
270.0,28.76533333333333,1138.8666666666666,1.2,6.8,161655.46666666667,100.0,20542.51,1033.3333333333333,224.81,2735.834666666666,0,0.0,1.0,6.123233995736766e-17,-0.433883739117558,-0.9009688679024191,183.94799999892712
383.3333333333333,28.61733333333333,379.6666666666667,0.0,3.2666666666666666,39321.6,99.0,0.0,1000.0,98.85,2718.6686666666665,0,0.0,1.0,6.123233995736766e-17,-0.433883739117558,-0.9009688679024191,132.41400000080466
0.0,28.84733333333333,1153.0,0.0,0.0,0.0,95.0,0.0,1000.0,98.85,2707.7680000000005,0,0.0,1.0,6.123233995736766e-17,-0.433883739117558,-0.9009688679024191,60.57899999991059
0.0,28.912,1153.0,0.0,0.0,0.0,96.66666666666669,0.0,1000.0,98.85,2718.29,0,0.0,0.9659258262890684,-0.2588190451025206,-0.433883739117558,-0.9009688679024191,58.49049999937415
54.0,33.97533333333333,561.2,0.3333333333333333,0.2,87381.33333333333,100.0,16501.6,1033.3333333333333,168.41,2732.8786666666665,0,0.0,0.9659258262890684,-0.2588190451025206,-0.433883739117558,-0.9009688679024191,56.35550000146032
0.0,34.234,867.3333333333334,0.5333333333333333,1.6666666666666667,214084.26666666663,100.0,19067.5,1062.6666666666667,174.72,2749.9726666666666,0,0.0,0.9659258262890684,-0.2588190451025206,-0.433883739117558,-0.9009688679024191,106.0
0.0,26.20533333333333,899.3333333333334,0.1333333333333333,18.466666666666665,235929.6,100.0,18269.46,1041.3333333333333,90.73,2753.23,0,0.0,0.9659258262890684,-0.2588190451025206,-0.433883739117558,-0.9009688679024191,141.72899999842048
310.0,23.116666666666667,1042.4666666666667,1.3333333333333333,3.533333333333333,297096.5333333333,100.0,16158.98,1034.6666666666667,363.39,2759.9033333333336,0,0.0,0.8660254037844387,-0.4999999999999998,-0.433883739117558,-0.9009688679024191,141.82299999892712
146.66666666666666,23.36133333333333,1194.2,0.4,9.933333333333334,231560.53333333333,100.0,16940.01,1028.0,107.23,2765.978666666667,0,0.0,0.8660254037844387,-0.4999999999999998,-0.433883739117558,-0.9009688679024191,128.27500000223517
350.0,24.766666666666666,968.4666666666668,0.0,2.8,393216.0,100.0,11559.19,1027.3333333333333,105.42,2770.7893333333336,0,0.0,0.8660254037844387,-0.4999999999999998,-0.433883739117558,-0.9009688679024191,129.15300000086427
586.6666666666666,25.53,174.13333333333333,0.0,1.8666666666666667,34952.53333333333,57.333333333333336,0.0,1000.0,79.64999999999999,2765.798,0,0.0,0.8660254037844387,-0.4999999999999998,-0.433883739117558,-0.9009688679024191,103.47599999979138
146.66666666666666,30.770666666666667,1054.0,0.0,0.0,0.0,40.0,1512.15,1002.0,100.3,2766.27,0,0.0,0.7071067811865476,-0.7071067811865475,-0.433883739117558,-0.9009688679024191,55.39399999752641
0.0,26.254,942.5333333333332,0.1333333333333333,2.2666666666666666,17476.266666666666,72.0,67648.53,1032.6666666666667,89.2,2761.4753333333333,0,0.0,0.7071067811865476,-0.7071067811865475,-0.433883739117558,-0.9009688679024191,47.38100000098348
293.3333333333333,25.552,698.6,0.4,3.866666666666666,205346.13333333333,93.66666666666669,17640.43,1031.3333333333333,176.74,2756.9826666666663,0,0.0,0.7071067811865476,-0.7071067811865475,-0.433883739117558,-0.9009688679024191,125.40800000354648
56.66666666666666,26.35933333333333,473.2,0.8666666666666667,2.6666666666666665,327680.0,100.0,16610.22,1021.3333333333334,182.91,2749.026666666666,0,0.0,0.7071067811865476,-0.7071067811865475,-0.433883739117558,-0.9009688679024191,106.02899999544024
146.66666666666666,24.994666666666667,961.7333333333332,0.3333333333333333,2.466666666666667,310203.73333333334,97.0,15663.03,1048.0,118.17,2745.262666666667,0,0.0,0.4999999999999999,-0.8660254037844387,-0.433883739117558,-0.9009688679024191,122.51150000095367
0.0,25.352,999.0,1.1333333333333333,2.2666666666666666,353894.4,100.0,16782.48,1031.3333333333333,98.31,2739.963333333333,0,0.0,0.4999999999999999,-0.8660254037844387,-0.433883739117558,-0.9009688679024191,126.33549999818206
260.0,26.034,758.4666666666667,1.0,4.266666666666667,397585.06666666665,100.0,17368.3,1036.0,219.87,2732.352,0,0.0,0.4999999999999999,-0.8660254037844387,-0.433883739117558,-0.9009688679024191,125.57100000232458
1026.6666666666667,26.236,409.0,0.8666666666666667,3.1333333333333333,131072.0,66.0,15319.36,1042.0,89.34,2735.682,0,0.0,0.4999999999999999,-0.8660254037844387,-0.433883739117558,-0.9009688679024191,129.99100000038743
440.0,26.554666666666662,1271.7333333333331,0.0666666666666666,10.4,297096.5333333333,100.0,17169.1,1038.0,77.9,2747.502,0,0.0,0.258819045102521,-0.9659258262890682,-0.433883739117558,-0.9009688679024191,96.66899999976158
163.33333333333334,25.869333333333334,1097.8666666666666,0.6,5.866666666666666,288358.4,98.66666666666669,15276.5,1038.6666666666667,191.23,2752.3046666666664,0,0.0,0.258819045102521,-0.9659258262890682,-0.433883739117558,-0.9009688679024191,112.71900000050664
146.66666666666666,26.406,1158.6666666666667,0.0,2.466666666666667,388846.93333333335,100.0,9915.56,1032.0,374.4,2762.7793333333334,0,0.0,0.258819045102521,-0.9659258262890682,-0.433883739117558,-0.9009688679024191,121.67599999904633
163.33333333333334,26.466,992.1333333333332,0.4,1.8666666666666667,253405.86666666667,100.0,12867.79,1026.0,377.6,2768.543333333333,0,0.0,0.258819045102521,-0.9659258262890682,-0.433883739117558,-0.9009688679024191,120.24300000071526
146.66666666666666,27.256,933.6,0.2,1.6666666666666667,0.0,90.66666666666669,6984.81,1020.0,190.5,2775.0440000000003,0,0.0,1.2246467991473532e-16,-1.0,-0.433883739117558,-0.9009688679024191,107.92800000309944
0.0,29.84133333333333,914.0666666666668,0.0,0.0666666666666666,104857.6,85.33333333333333,24454.32,1030.6666666666667,281.44,2772.282,0,0.0,1.2246467991473532e-16,-1.0,-0.433883739117558,-0.9009688679024191,67.31899999827147
203.3333333333333,32.425333333333334,428.4666666666666,2.4,1.4666666666666666,196608.0,100.0,19857.09,1032.6666666666667,177.69,2768.688,0,0.0,1.2246467991473532e-16,-1.0,-0.433883739117558,-0.9009688679024191,113.95699999853969
293.3333333333333,27.586,1458.0,0.0666666666666666,5.6,196608.0,100.0,13326.75,1038.6666666666667,171.07,2759.430666666666,0,0.0,1.2246467991473532e-16,-1.0,-0.433883739117558,-0.9009688679024191,115.32799999788404
293.3333333333333,30.134666666666664,630.8666666666667,0.8666666666666667,1.933333333333333,275251.2,100.0,13212.37,1035.3333333333333,373.89,2756.581333333333,0,0.0,-0.2588190451025208,-0.9659258262890684,-0.433883739117558,-0.9009688679024191,102.60400000214575
366.6666666666667,27.39466666666667,478.6,2.2,4.6,131072.0,100.0,15922.4,1026.6666666666667,87.78,2748.1306666666665,0,0.0,-0.2588190451025208,-0.9659258262890684,-0.433883739117558,-0.9009688679024191,126.2280000001192
350.0,27.45733333333333,1601.8,3.0,8.8,310203.73333333334,100.0,22388.34,1028.0,95.06,2743.3700000000003,0,0.0,-0.2588190451025208,-0.9659258262890684,-0.433883739117558,-0.9009688679024191,110.94500000029802
440.0,27.587333333333333,486.26666666666665,0.3333333333333333,2.333333333333333,340787.2,100.0,13231.9,1046.0,123.01,2735.9813333333336,0,0.0,-0.2588190451025208,-0.9659258262890684,-0.433883739117558,-0.9009688679024191,119.78199999779464
0.0,27.72733333333333,1249.2,0.0,3.466666666666667,393216.0,100.0,13813.0,1052.6666666666667,129.54,2732.921333333333,0,0.0,-0.4999999999999997,-0.8660254037844388,-0.433883739117558,-0.9009688679024191,120.57100000232458
146.66666666666666,27.946666666666665,1206.1333333333334,0.0,6.866666666666666,144179.2,100.0,16272.07,1034.0,82.96000000000001,2726.89,0,0.0,-0.4999999999999997,-0.8660254037844388,-0.433883739117558,-0.9009688679024191,139.69799999892712
733.3333333333334,27.742,839.6,0.2,8.733333333333333,283989.3333333333,100.0,9116.5,1037.3333333333333,174.63,2729.497333333333,0,0.0,-0.4999999999999997,-0.8660254037844388,-0.433883739117558,-0.9009688679024191,105.04100000113247
146.66666666666666,27.747333333333334,992.8,0.0,1.0666666666666669,0.0,100.0,0.0,1050.0,79.64999999999999,2732.1006666666667,0,0.0,-0.4999999999999997,-0.8660254037844388,-0.433883739117558,-0.9009688679024191,102.3260000012815
0.0,28.505333333333333,961.0666666666668,0.6666666666666666,0.1333333333333333,78643.2,100.0,26516.53,1024.6666666666667,84.72,2740.3786666666665,0,0.0,-0.7071067811865471,-0.7071067811865479,-0.433883739117558,-0.9009688679024191,59.76300000026822
496.6666666666667,31.72133333333333,1086.4666666666667,1.6,7.133333333333334,227191.46666666667,100.0,8297.68,1007.3333333333334,77.89,2748.134,0,0.0,-0.7071067811865471,-0.7071067811865479,-0.433883739117558,-0.9009688679024191,135.4759999960661
700.0,26.352666666666668,246.8,0.0,1.7333333333333334,0.0,100.0,0.0,1000.0,70.19999999999999,2743.3613333333333,0,0.0,-0.7071067811865471,-0.7071067811865479,-0.433883739117558,-0.9009688679024191,69.92999999970198
0.0,24.57266666666667,1062.7333333333331,0.0,0.0,21845.33333333333,100.0,57400.380000000005,1046.6666666666667,300.27,2749.014666666667,0,0.0,-0.7071067811865471,-0.7071067811865479,-0.433883739117558,-0.9009688679024191,56.57500000298023
0.0,22.71466666666667,1075.8,1.4666666666666666,8.6,152917.33333333334,100.0,24741.8,1038.0,347.89,2767.036,0,0.0,-0.8660254037844384,-0.5000000000000004,-0.433883739117558,-0.9009688679024191,113.8969999998808
203.3333333333333,22.29133333333333,1081.9333333333334,1.5333333333333334,3.4,166024.53333333333,100.0,23592.11,1044.6666666666667,394.55,2735.8,0,0.0,-0.8660254037844384,-0.5000000000000004,-0.433883739117558,-0.9009688679024191,163.7089999988675
200.0,22.845333333333333,987.2666666666668,0.9333333333333332,3.866666666666666,205346.13333333333,100.0,27630.36,1033.3333333333333,371.63,2728.8246666666664,0,0.0,-0.8660254037844384,-0.5000000000000004,-0.433883739117558,-0.9009688679024191,171.57499999925494
120.66666666666669,25.052000000000003,1127.4,0.6,6.533333333333333,166024.53333333333,100.0,28338.23,1038.6666666666667,318.53,2745.793333333333,0,0.0,-0.8660254037844384,-0.5000000000000004,-0.433883739117558,-0.9009688679024191,172.68600000068545
166.66666666666666,27.857333333333333,729.5333333333333,1.3333333333333333,4.066666666666666,113595.73333333334,100.0,34667.5,1042.6666666666667,123.68,2775.284,0,0.0,-0.9659258262890684,-0.2588190451025206,-0.433883739117558,-0.9009688679024191,164.08799999952316
80.0,27.15266666666667,951.0,1.0,6.466666666666667,91750.4,100.0,45126.0,1030.6666666666667,236.78,2772.276666666666,0,0.0,-0.9659258262890684,-0.2588190451025206,-0.433883739117558,-0.9009688679024191,151.54800000041723
293.3333333333333,29.48733333333333,457.8666666666667,0.0,7.533333333333333,61166.93333333333,100.0,52821.06,1056.6666666666667,245.34,2767.0153333333337,0,0.0,-0.9659258262890684,-0.2588190451025206,-0.433883739117558,-0.9009688679024191,146.6089999973774
66.66666666666667,28.208,1387.8,2.1333333333333333,8.4,266513.06666666665,100.0,25452.99,1020.6666666666666,372.42,2760.286666666667,0,0.0,-0.9659258262890684,-0.2588190451025206,-0.433883739117558,-0.9009688679024191,118.8260000050068
190.0,27.29133333333333,1041.0,1.2,5.266666666666667,240298.66666666663,100.0,29235.36,1025.3333333333333,349.6,2755.554,0,0.0,-1.0,-1.8369701987210292e-16,-0.433883739117558,-0.9009688679024191,189.097999997437
300.6666666666667,29.14133333333333,1291.8666666666666,1.6666666666666667,9.933333333333334,196608.0,100.0,29937.57,1028.0,283.71000000000004,2749.218666666666,0,0.0,-1.0,-1.8369701987210292e-16,-0.433883739117558,-0.9009688679024191,180.80000000074503
370.6666666666667,29.874,1185.4666666666667,1.8666666666666667,4.933333333333334,161655.46666666667,100.0,25150.97,1016.6666666666666,190.6,2743.948,0,0.0,-1.0,-1.8369701987210292e-16,-0.433883739117558,-0.9009688679024191,159.98000000044703
0.0,30.418,1078.8,0.0,6.4,13107.2,100.0,40211.76,1035.3333333333333,119.07,2740.326666666667,0,0.0,-1.0,-1.8369701987210292e-16,-0.433883739117558,-0.9009688679024191,171.43899999931455
0.0,30.422,986.6,0.0,0.0666666666666666,56797.86666666667,100.0,27549.11,1054.6666666666667,147.12,2729.454,0,0.0,-0.9659258262890684,0.2588190451025203,-0.433883739117558,-0.9009688679024191,81.12099999934435
147.33333333333334,28.532,758.2,0.2,4.733333333333333,69905.06666666667,100.0,43064.39,1030.6666666666667,232.01,2726.315333333333,0,0.0,-0.9659258262890684,0.2588190451025203,-0.433883739117558,-0.9009688679024191,112.90700000151992
284.0,25.272,967.9333333333332,0.6666666666666666,9.2,240298.66666666663,100.0,20740.05,1037.3333333333333,384.09,2727.480666666667,0,0.0,-0.9659258262890684,0.2588190451025203,-0.433883739117558,-0.9009688679024191,151.56599999964237
120.66666666666669,23.720666666666663,1048.4,1.1333333333333333,4.4,152917.33333333334,100.0,32772.770000000004,1038.6666666666667,146.9,2731.9800000000005,0,0.0,-0.9659258262890684,0.2588190451025203,-0.433883739117558,-0.9009688679024191,186.4210000000894
316.6666666666667,22.884,1018.6,1.0666666666666669,15.266666666666667,183500.8,100.0,23652.04,1041.3333333333333,287.93,2735.55,0,0.0,-0.8660254037844386,0.5000000000000001,-0.433883739117558,-0.9009688679024191,151.10500000044703
300.6666666666667,24.378,1098.8666666666666,0.8666666666666667,6.933333333333334,152917.33333333334,100.0,37213.31,1092.0,191.38,2740.6960000000004,0,0.0,-0.8660254037844386,0.5000000000000001,-0.433883739117558,-0.9009688679024191,169.85399999842048
390.6666666666667,27.33133333333333,441.8666666666667,0.8666666666666667,1.2666666666666666,100488.53333333334,98.66666666666669,34069.36,1039.3333333333333,308.09,2741.8526666666667,0,0.0,-0.8660254037844386,0.5000000000000001,-0.433883739117558,-0.9009688679024191,127.16999999806283
200.66666666666663,24.454,868.8666666666667,1.4,1.5333333333333334,170393.6,100.0,36970.32,1034.6666666666667,405.12,2745.3766666666666,0,0.0,-0.8660254037844386,0.5000000000000001,-0.433883739117558,-0.9009688679024191,146.11350000277162
200.0,23.56533333333333,407.4,1.8,2.933333333333333,131072.0,98.66666666666669,38193.7,1045.3333333333333,240.84,2745.6966666666663,0,0.0,-0.7071067811865477,0.7071067811865474,-0.433883739117558,-0.9009688679024191,167.80350000038743
233.3333333333333,22.901333333333334,1122.7333333333331,1.7333333333333334,3.866666666666666,205346.13333333333,99.66666666666669,33005.36,1040.6666666666667,318.69,2757.96,0,0.0,-0.7071067811865477,0.7071067811865474,-0.433883739117558,-0.9009688679024191,154.05799999833107
257.3333333333333,22.754,1109.2666666666669,2.2666666666666666,13.066666666666666,148548.26666666666,100.0,28520.34,1033.3333333333333,276.19,2762.8686666666667,0,0.0,-0.7071067811865477,0.7071067811865474,-0.433883739117558,-0.9009688679024191,162.00999999791384
56.66666666666666,22.81,818.6,1.6666666666666667,2.6666666666666665,227191.46666666667,100.0,26982.72,1030.0,261.35,2768.5066666666667,0,0.0,-0.7071067811865477,0.7071067811865474,-0.433883739117558,-0.9009688679024191,161.1850000023842
526.6666666666666,27.312,1281.5333333333333,1.4,19.53333333333333,100488.53333333334,100.0,22643.07,1009.3333333333334,238.68,2773.059333333333,0,0.0,-0.5000000000000004,0.8660254037844384,-0.433883739117558,-0.9009688679024191,180.4439999982715
46.66666666666666,28.964,805.4,0.8,2.466666666666667,126702.93333333332,100.0,31297.27,1024.0,178.35,2769.9506666666666,0,0.0,-0.5000000000000004,0.8660254037844384,-0.433883739117558,-0.9009688679024191,161.5650000050664
54.0,29.272,756.9333333333333,0.4,1.2666666666666666,43690.66666666666,100.0,38537.59,1050.0,189.15,2766.429333333333,0,0.0,-0.5000000000000004,0.8660254037844384,-0.433883739117558,-0.9009688679024191,164.00999999791384
0.0,28.944666666666667,1219.0,0.0,0.0,0.0,100.0,5988.18,1070.0,497.21,2759.6846666666665,0,0.0,-0.5000000000000004,0.8660254037844384,-0.433883739117558,-0.9009688679024191,78.17999999970198
0.0,27.94533333333333,1137.8,0.0,0.0,21845.33333333333,100.0,51155.02,1048.0,342.61,2753.288,0,0.0,-0.2588190451025215,0.965925826289068,-0.433883739117558,-0.9009688679024191,47.56100000068545
56.66666666666666,27.17,847.6,1.1333333333333333,7.266666666666667,235929.6,100.0,33848.74,1031.3333333333333,140.20000000000002,2746.422,0,0.0,-0.2588190451025215,0.965925826289068,-0.433883739117558,-0.9009688679024191,132.77499999850988
190.0,26.454,930.8,1.1333333333333333,3.933333333333333,214084.26666666663,100.0,20280.51,1057.3333333333333,283.09,2740.596,0,0.0,-0.2588190451025215,0.965925826289068,-0.433883739117558,-0.9009688679024191,157.52800000086427
104.0,25.48333333333333,1404.0666666666666,1.2,6.133333333333334,117964.8,100.0,33500.45,1046.0,307.64,2733.662,0,0.0,-0.2588190451025215,0.965925826289068,-0.433883739117558,-0.9009688679024191,170.2719999998808
30.0,24.30133333333333,632.0666666666667,1.0,2.533333333333333,152917.33333333334,99.0,23552.06,1029.3333333333333,288.65,2729.728,0,0.0,0.0,1.0,-0.9749279121818236,-0.2225209339563146,162.87000000104308
146.66666666666666,23.296666666666667,1396.2666666666669,1.3333333333333333,15.466666666666669,266513.06666666665,100.0,22324.74,1038.6666666666667,305.25,2739.7033333333334,0,0.0,0.0,1.0,-0.9749279121818236,-0.2225209339563146,165.4079999998212
336.6666666666667,26.930666666666664,1280.4666666666667,1.4666666666666666,7.6,161655.46666666667,100.0,36645.07,1054.6666666666667,252.25,2750.988666666666,0,0.0,0.0,1.0,-0.9749279121818236,-0.2225209339563146,187.7729999981821
170.0,26.856,504.6666666666667,0.3333333333333333,6.133333333333334,109226.66666666669,100.0,30224.46,1027.3333333333333,197.92,2764.4666666666667,0,0.0,0.0,1.0,-0.9749279121818236,-0.2225209339563146,139.6030000001192
108.0,25.89466666666667,1210.1333333333334,1.8,16.066666666666666,249036.8,100.0,22624.02,1037.3333333333333,342.58,2770.842,0,0.0,0.2588190451025207,0.9659258262890684,-0.9749279121818236,-0.2225209339563146,147.87099999934435
284.6666666666667,28.48133333333333,1099.6,1.1333333333333333,2.8666666666666667,87381.33333333333,100.0,30844.13,1040.6666666666667,127.56,2770.934,0,0.0,0.2588190451025207,0.9659258262890684,-0.9749279121818236,-0.2225209339563146,175.80900000035763
200.66666666666663,28.72266666666667,609.5333333333333,0.8666666666666667,8.333333333333334,109226.66666666669,100.0,17277.38,1056.0,364.62,2764.168,0,0.0,0.2588190451025207,0.9659258262890684,-0.9749279121818236,-0.2225209339563146,104.21299999952316
246.66666666666663,27.997333333333334,1148.9333333333334,1.8666666666666667,6.6,144179.2,100.0,31610.41,1027.3333333333333,260.81,2757.6153333333336,0,0.0,0.2588190451025207,0.9659258262890684,-0.9749279121818236,-0.2225209339563146,165.83300000056624
293.3333333333333,27.328666666666667,870.7333333333333,1.7333333333333334,5.333333333333333,179131.73333333334,100.0,22150.02,1020.6666666666666,354.2,2750.548,0,0.0,0.4999999999999999,0.8660254037844387,-0.9749279121818236,-0.2225209339563146,164.1030000038445
310.6666666666667,28.408,1070.6666666666667,1.6666666666666667,3.333333333333333,152917.33333333334,100.0,34892.17,1028.0,133.82,2745.148666666667,0,0.0,0.4999999999999999,0.8660254037844387,-0.9749279121818236,-0.2225209339563146,171.1439999975264
97.33333333333331,28.314,744.8,1.4,7.133333333333334,122333.86666666668,100.0,26040.87,1030.6666666666667,365.97,2740.2966666666666,0,0.0,0.4999999999999999,0.8660254037844387,-0.9749279121818236,-0.2225209339563146,138.04299999773502
190.0,28.115333333333336,890.5333333333333,0.2,3.333333333333333,179131.73333333334,100.0,33660.05,1027.3333333333333,196.66,2737.027333333333,0,0.0,0.4999999999999999,0.8660254037844387,-0.9749279121818236,-0.2225209339563146,162.85700000077486
0.0,28.566,1004.2,0.3333333333333333,1.8,0.0,100.0,30126.78,1022.0,157.03,2731.064,0,0.0,0.7071067811865475,0.7071067811865476,-0.9749279121818236,-0.2225209339563146,150.7475000023842
0.0,27.158666666666665,1026.1333333333334,0.3333333333333333,1.2,34952.53333333333,100.0,22976.89,1043.3333333333333,246.44,2722.4953333333333,0,0.0,0.7071067811865475,0.7071067811865476,-0.9749279121818236,-0.2225209339563146,63.72449999675155
483.3333333333333,26.22133333333333,1158.8666666666666,1.1333333333333333,9.2,131072.0,100.0,20191.31,1078.0,413.52,2721.8206666666665,0,0.0,0.7071067811865475,0.7071067811865476,-0.9749279121818236,-0.2225209339563146,137.65400000289085
466.6666666666667,23.735333333333333,1435.1333333333334,1.2,6.533333333333333,192238.9333333333,100.0,22477.89,1012.0,247.21,2726.2293333333337,0,0.0,0.7071067811865475,0.7071067811865476,-0.9749279121818236,-0.2225209339563146,173.42300000041723
323.3333333333333,21.76333333333333,1090.8,0.3333333333333333,8.0,166024.53333333333,100.0,31779.14,1038.0,250.05,2732.9533333333334,0,0.0,0.8660254037844386,0.5000000000000001,-0.9749279121818236,-0.2225209339563146,166.19899999722838
30.0,24.845333333333333,481.53333333333336,0.9333333333333332,10.4,43690.66666666666,100.0,29186.84,1040.0,165.67,2739.762666666667,0,0.0,0.8660254037844386,0.5000000000000001,-0.9749279121818236,-0.2225209339563146,155.82100000232458
124.0,24.534666666666663,1170.4666666666667,1.6666666666666667,6.066666666666666,157286.4,100.0,34275.03,1050.6666666666667,346.84000000000003,2743.8166666666666,0,0.0,0.8660254037844386,0.5000000000000001,-0.9749279121818236,-0.2225209339563146,151.0219999961555
287.3333333333333,22.351333333333333,1152.2,0.1333333333333333,3.2,231560.53333333333,100.0,28599.65,1032.6666666666667,250.41,2752.9393333333333,0,0.0,0.8660254037844386,0.5000000000000001,-0.9749279121818236,-0.2225209339563146,149.00400000065565
430.6666666666667,21.588,1055.2,1.0,4.866666666666666,174762.66666666666,100.0,26689.75,1042.6666666666667,309.29,2757.1953333333336,0,0.0,0.9659258262890684,0.2588190451025207,-0.9749279121818236,-0.2225209339563146,164.49800000339746
66.66666666666667,21.242,1098.5333333333333,1.6,8.6,161655.46666666667,100.0,23685.41,1062.0,371.06,2762.940666666667,0,0.0,0.9659258262890684,0.2588190451025207,-0.9749279121818236,-0.2225209339563146,154.2909999974072
350.0,26.287333333333333,1076.1333333333334,0.7333333333333333,1.6666666666666667,113595.73333333334,100.0,38003.44,1054.6666666666667,233.63,2769.499333333333,0,0.0,0.9659258262890684,0.2588190451025207,-0.9749279121818236,-0.2225209339563146,171.71000000089407
0.0,24.004,416.0,0.2,5.6,74274.13333333333,100.0,27290.7,1040.0,291.03,2775.005333333333,0,0.0,0.9659258262890684,0.2588190451025207,-0.9749279121818236,-0.2225209339563146,126.37900000065564
274.0,22.230666666666664,1300.4666666666667,1.8666666666666667,12.533333333333331,222822.4,100.0,28846.8,1044.6666666666667,415.56,2773.7033333333334,0,0.0,1.0,6.123233995736766e-17,-0.9749279121818236,-0.2225209339563146,127.69600000232458
0.0,21.683333333333334,536.6,0.6,5.6,61166.93333333333,100.0,13598.68,1082.0,123.45,2770.3193333333334,0,0.0,1.0,6.123233995736766e-17,-0.9749279121818236,-0.2225209339563146,170.37399999797344
0.0,27.491333333333333,816.3333333333334,0.0,0.0,0.0,100.0,0.0,1090.0,110.7,2764.287333333333,0,0.0,1.0,6.123233995736766e-17,-0.9749279121818236,-0.2225209339563146,82.08500000089407
0.0,26.296666666666667,1224.0,0.0,0.0,0.0,100.0,0.0,1090.0,110.7,2758.48,0,0.0,1.0,6.123233995736766e-17,-0.9749279121818236,-0.2225209339563146,45.6169999986887
0.0,25.41,979.4,0.0,0.0,0.0,100.0,24791.35,1082.6666666666667,128.51,2754.2826666666665,0,0.0,0.9659258262890684,-0.2588190451025206,-0.9749279121818236,-0.2225209339563146,52.71000000089407
233.3333333333333,24.79533333333333,648.0,1.8,5.2,131072.0,100.0,30889.92,1055.3333333333333,256.93,2747.564,0,0.0,0.9659258262890684,-0.2588190451025206,-0.9749279121818236,-0.2225209339563146,121.40199999883772
550.6666666666666,23.596,1227.0666666666666,1.5333333333333334,12.0,166024.53333333333,100.0,23652.9,1036.6666666666667,306.22,2706.2586666666666,0,0.0,0.9659258262890684,-0.2588190451025206,-0.9749279121818236,-0.2225209339563146,172.84400000050664
287.3333333333333,20.56733333333333,1165.2666666666669,1.0,3.533333333333333,235929.6,100.0,28281.99,1017.3333333333334,156.14,2710.032,0,0.0,0.9659258262890684,-0.2588190451025206,-0.9749279121818236,-0.2225209339563146,186.3359999991953
143.33333333333334,24.43,1258.8,0.8,15.2,196608.0,100.0,29875.08,1036.6666666666667,175.67,2754.212,0,0.0,0.8660254037844387,-0.4999999999999998,-0.9749279121818236,-0.2225209339563146,187.12099999934435
323.3333333333333,21.354,1254.8,1.933333333333333,14.2,174762.66666666666,100.0,27908.99,1053.3333333333333,346.32,2770.800666666667,0,0.0,0.8660254037844387,-0.4999999999999998,-0.9749279121818236,-0.2225209339563146,175.527000002563
173.33333333333334,23.37133333333333,619.0666666666667,1.0666666666666669,4.0,113595.73333333334,100.0,48722.93,1025.3333333333333,166.01,2776.230666666667,0,0.0,0.8660254037844387,-0.4999999999999998,-0.9749279121818236,-0.2225209339563146,175.8640000000596
43.333333333333336,25.984,489.73333333333335,0.4,8.0,104857.6,93.0,25628.83,1013.3333333333334,231.87,2771.5460000000003,0,0.0,0.8660254037844387,-0.4999999999999998,-0.9749279121818236,-0.2225209339563146,89.15199999883771
97.33333333333331,25.432,995.7333333333332,2.6666666666666665,3.533333333333333,192238.9333333333,100.0,21480.24,1040.6666666666667,261.6,2763.5566666666664,0,0.0,0.7071067811865476,-0.7071067811865475,-0.9749279121818236,-0.2225209339563146,163.87399999797344
86.66666666666667,25.010666666666665,1108.6,1.933333333333333,20.666666666666668,100488.53333333334,100.0,30366.41,1048.6666666666667,300.6,2760.9506666666666,0,0.0,0.7071067811865476,-0.7071067811865475,-0.9749279121818236,-0.2225209339563146,176.6980000026524
0.0,26.24333333333333,2.0,0.0,0.0,0.0,96.66666666666669,3985.72,1020.0,472.5,2759.222,0,0.0,0.7071067811865476,-0.7071067811865475,-0.9749279121818236,-0.2225209339563146,106.13699999824166
146.66666666666666,28.215333333333334,134.33333333333334,0.0,2.6666666666666665,21845.33333333333,92.0,36895.1,1027.3333333333333,379.94,2751.8173333333334,0,0.0,0.7071067811865476,-0.7071067811865475,-0.9749279121818236,-0.2225209339563146,56.31800000369549
230.0,27.08,1091.8,1.0666666666666669,6.866666666666666,240298.66666666663,100.0,18431.04,1041.3333333333333,319.8,2741.36,0,0.0,0.4999999999999999,-0.8660254037844387,-0.9749279121818236,-0.2225209339563146,139.44799999520183
213.3333333333333,26.512,1332.0,0.8666666666666667,15.933333333333334,192238.9333333333,100.0,22778.67,1034.6666666666667,349.68,2738.2966666666666,0,0.0,0.4999999999999999,-0.8660254037844387,-0.9749279121818236,-0.2225209339563146,188.1900000013411
97.33333333333331,26.375333333333334,956.0666666666668,1.8,2.533333333333333,74274.13333333333,100.0,46578.08,1028.6666666666667,126.19,2736.656,0,0.0,0.4999999999999999,-0.8660254037844387,-0.9749279121818236,-0.2225209339563146,177.16200000420213
100.0,28.992,557.2666666666667,1.6666666666666667,2.066666666666667,174762.66666666666,100.0,22963.76,1033.3333333333333,241.75,2728.825333333333,0,0.0,0.4999999999999999,-0.8660254037844387,-0.9749279121818236,-0.2225209339563146,112.20299999415874
324.6666666666667,28.266666666666666,1188.4666666666667,1.2,7.133333333333334,218453.3333333333,100.0,20706.6,1058.0,272.79,2727.2633333333333,0,0.0,0.258819045102521,-0.9659258262890682,-0.9749279121818236,-0.2225209339563146,175.72600000351667
80.66666666666667,28.218,1312.5333333333333,1.2,6.8,170393.6,100.0,24980.12,1060.6666666666667,365.14,2730.636,0,0.0,0.258819045102521,-0.9659258262890682,-0.9749279121818236,-0.2225209339563146,190.3869999982417
374.0,29.63,1130.1333333333334,1.8666666666666667,7.733333333333333,235929.6,100.0,22421.93,1066.6666666666667,331.37,2734.173333333333,0,0.0,0.258819045102521,-0.9659258262890682,-0.9749279121818236,-0.2225209339563146,174.38200000301003
230.66666666666663,30.352,1387.3333333333333,2.466666666666667,11.066666666666666,218453.3333333333,100.0,33593.42,1037.3333333333333,333.11,2738.398666666667,0,0.0,0.258819045102521,-0.9659258262890682,-0.9749279121818236,-0.2225209339563146,194.3609999977052
146.66666666666666,31.044,810.6,0.6,1.4666666666666666,17476.266666666666,100.0,12430.9,1030.0,508.65,2739.298,0,0.0,1.2246467991473532e-16,-1.0,-0.9749279121818236,-0.2225209339563146,163.64900000020862
0.0,30.16,835.0,0.0,0.0666666666666666,52428.8,100.0,41943.79,1016.6666666666666,274.66,2740.625333333333,0,0.0,1.2246467991473532e-16,-1.0,-0.9749279121818236,-0.2225209339563146,57.23100000247359
344.0,28.698,1184.5333333333333,1.6666666666666667,6.333333333333333,161655.46666666667,100.0,22754.07,1054.6666666666667,295.71000000000004,2744.3813333333333,0,0.0,1.2246467991473532e-16,-1.0,-0.9749279121818236,-0.2225209339563146,121.07299999892712
190.0,25.936666666666667,1273.5333333333333,1.1333333333333333,10.066666666666666,209715.2,100.0,20577.03,1059.3333333333333,246.41,2756.368,0,0.0,1.2246467991473532e-16,-1.0,-0.9749279121818236,-0.2225209339563146,184.23999999836087
470.6666666666667,25.200666666666667,1068.4666666666667,0.6666666666666666,9.666666666666666,174762.66666666666,100.0,33358.34,1026.0,134.73,2768.814,0,0.0,-0.2588190451025208,-0.9659258262890684,-0.9749279121818236,-0.2225209339563146,162.0329999998212
256.6666666666667,29.490666666666662,703.0,1.0666666666666669,3.0,113595.73333333334,100.0,18711.45,1033.3333333333333,238.99,2772.8233333333333,0,0.0,-0.2588190451025208,-0.9659258262890684,-0.9749279121818236,-0.2225209339563146,139.6440000012517
320.0,30.66,1233.2666666666669,1.0666666666666669,10.866666666666667,231560.53333333333,100.0,28659.12,1037.3333333333333,250.99,2766.893333333333,0,0.0,-0.2588190451025208,-0.9659258262890684,-0.9749279121818236,-0.2225209339563146,161.2499999962747
134.66666666666666,30.948666666666668,885.5333333333333,1.2,2.7333333333333334,166024.53333333333,100.0,39605.53,1046.0,225.06,2761.7166666666667,0,0.0,-0.2588190451025208,-0.9659258262890684,-0.9749279121818236,-0.2225209339563146,160.02100000157952
380.0,31.004666666666665,1194.4,1.0666666666666669,4.666666666666667,187869.86666666667,100.0,29875.71,1032.6666666666667,312.19,2755.863333333333,0,0.0,-0.4999999999999997,-0.8660254037844388,-0.9749279121818236,-0.2225209339563146,147.9780000001192
194.0,31.124666666666663,912.0,2.8666666666666667,10.0,144179.2,100.0,34639.4,1080.0,238.87,2751.2066666666665,0,0.0,-0.4999999999999997,-0.8660254037844388,-0.9749279121818236,-0.2225209339563146,161.18400000035763
347.3333333333333,31.338,520.8,0.4,2.4,78643.2,68.33333333333333,16579.09,1032.0,121.7,2746.2706666666663,0,0.0,-0.4999999999999997,-0.8660254037844388,-0.9749279121818236,-0.2225209339563146,145.31700000166893
146.66666666666666,31.236,2.0,0.0,0.0,0.0,5.0,0.0,1020.0,98.85,2738.142666666666,0,0.0,-0.4999999999999997,-0.8660254037844388,-0.9749279121818236,-0.2225209339563146,73.80699999630451
0.0,27.352,2.0,0.0,0.0,0.0,5.0,0.0,1020.0,98.85,2760.273333333333,0,0.0,-0.7071067811865471,-0.7071067811865479,-0.9749279121818236,-0.2225209339563146,31.72800000011921
0.0,24.442666666666664,2.0,0.0,0.0,0.0,5.0,0.0,1020.0,98.85,2777.31,0,0.0,-0.7071067811865471,-0.7071067811865479,-0.9749279121818236,-0.2225209339563146,37.29100000113249
0.0,22.910666666666664,2.0,0.0,0.0,0.0,5.0,0.0,1020.0,98.85,2783.752,0,0.0,-0.7071067811865471,-0.7071067811865479,-0.9749279121818236,-0.2225209339563146,37.087000001221895
0.0,23.14333333333333,2.0,0.0,0.0,0.0,5.0,0.0,1020.0,98.85,2784.8066666666664,0,0.0,-0.7071067811865471,-0.7071067811865479,-0.9749279121818236,-0.2225209339563146,39.09400000050664
200.66666666666663,23.46333333333333,2.0,0.0,0.0,0.0,5.0,0.0,1020.0,98.85,2784.962,0,0.0,-0.8660254037844384,-0.5000000000000004,-0.9749279121818236,-0.2225209339563146,38.23899999633432
170.0,23.71,2.0,0.0,0.0,0.0,5.0,0.0,1020.0,98.85,2785.172,0,0.0,-0.8660254037844384,-0.5000000000000004,-0.9749279121818236,-0.2225209339563146,37.35200000181794
224.0,23.744000000000003,2.0,0.0,0.0,0.0,5.0,0.0,1020.0,98.85,2785.412,0,0.0,-0.8660254037844384,-0.5000000000000004,-0.9749279121818236,-0.2225209339563146,39.159000001847744
0.0,23.792,2.0,0.0,0.0,0.0,5.0,0.0,1020.0,98.85,2785.788666666667,0,0.0,-0.8660254037844384,-0.5000000000000004,-0.9749279121818236,-0.2225209339563146,28.15100000053644
0.0,23.81066666666667,2.0,0.0,0.0,0.0,5.0,0.0,1020.0,98.85,2786.427333333333,0,0.0,-0.9659258262890684,-0.2588190451025206,-0.9749279121818236,-0.2225209339563146,21.47899999842048
0.0,23.769333333333336,2.0,0.0,0.0,0.0,5.0,0.0,1020.0,98.85,2786.5473333333334,0,0.0,-0.9659258262890684,-0.2588190451025206,-0.9749279121818236,-0.2225209339563146,20.969999998807907
0.0,23.738,2.0,0.0,0.0,0.0,5.0,0.0,1020.0,98.85,2786.875333333333,0,0.0,-0.9659258262890684,-0.2588190451025206,-0.9749279121818236,-0.2225209339563146,20.46800000220537
0.0,23.698,2.0,0.0,0.0,0.0,5.0,0.0,1020.0,98.85,2786.9573333333333,0,0.0,-0.9659258262890684,-0.2588190451025206,-0.9749279121818236,-0.2225209339563146,14.339999999850988
0.0,23.598666666666663,2.0,0.0,0.0,0.0,5.0,0.0,1020.0,98.85,2787.235333333333,0,0.0,-1.0,-1.8369701987210292e-16,-0.9749279121818236,-0.2225209339563146,20.86699999868869
0.0,23.55133333333333,2.0,0.0,0.0,0.0,5.0,0.0,1020.0,98.85,2787.1293333333333,0,0.0,-1.0,-1.8369701987210292e-16,-0.9749279121818236,-0.2225209339563146,19.49900000169873
0.0,23.568666666666665,2.0,0.0,0.0,0.0,11.0,0.0,1020.0,98.85,2787.288666666667,0,0.0,-1.0,-1.8369701987210292e-16,-0.9749279121818236,-0.2225209339563146,26.6659999974072
0.0,23.401333333333334,2.0,0.0,0.0,0.0,50.0,0.0,1020.0,98.85,2786.7086666666664,0,1.0,-1.0,-1.8369701987210292e-16,-0.9749279121818236,-0.2225209339563146,18.797500003129244
0.0,23.116666666666667,2.0,0.0,0.0,0.0,50.0,0.0,1020.0,98.85,2786.21,1,1.0,-0.9659258262890684,0.2588190451025203,-0.9749279121818236,-0.2225209339563146,17.13449999690056
0.0,22.882,2.0,0.0,0.0,0.0,50.0,0.0,1020.0,98.85,2786.421333333333,1,1.0,-0.9659258262890684,0.2588190451025203,-0.9749279121818236,-0.2225209339563146,20.765000000596046
0.0,22.818666666666665,2.0,0.0,0.0,0.0,50.0,0.0,1020.0,98.85,2786.9506666666666,1,1.0,-0.9659258262890684,0.2588190451025203,-0.9749279121818236,-0.2225209339563146,27.07200000062585
176.66666666666666,22.82133333333333,2.0,0.0,0.0,0.0,50.0,0.0,1020.0,98.85,2787.094,1,1.0,-0.9659258262890684,0.2588190451025203,-0.9749279121818236,-0.2225209339563146,14.111000001430511
60.0,22.688666666666663,2.0,0.0,0.0,0.0,50.0,0.0,1020.0,98.85,2787.038,1,1.0,-0.8660254037844386,0.5000000000000001,-0.9749279121818236,-0.2225209339563146,12.270999997854233
146.66666666666666,22.578,2.0,0.0,0.0,0.0,50.0,0.0,1020.0,98.85,2786.9819999999995,1,1.0,-0.8660254037844386,0.5000000000000001,-0.9749279121818236,-0.2225209339563146,12.28099999949336
470.0,22.499333333333333,2.0,0.0,0.0,0.0,50.0,0.0,1020.0,98.85,2786.754,1,1.0,-0.8660254037844386,0.5000000000000001,-0.9749279121818236,-0.2225209339563146,12.115000002086164
0.0,22.38,2.0,0.0,0.0,0.0,50.0,0.0,1020.0,98.85,2786.813333333333,1,1.0,-0.8660254037844386,0.5000000000000001,-0.9749279121818236,-0.2225209339563146,11.902999997138975
0.0,22.204666666666665,2.0,0.0,0.0,0.0,50.0,0.0,1020.0,98.85,2786.8886666666667,1,1.0,-0.7071067811865477,0.7071067811865474,-0.9749279121818236,-0.2225209339563146,11.860000003129244
0.0,22.03,2.0,0.0,0.0,0.0,50.0,0.0,1020.0,98.85,2786.7926666666667,1,1.0,-0.7071067811865477,0.7071067811865474,-0.9749279121818236,-0.2225209339563146,11.654999997466804
440.0,21.71466666666667,2.0,0.0,0.0,0.0,50.0,0.0,1020.0,98.85,2787.168,1,1.0,-0.7071067811865477,0.7071067811865474,-0.9749279121818236,-0.2225209339563146,11.904500000178814
146.66666666666666,21.618,2.0,0.0,0.0,0.0,50.0,0.0,1020.0,98.85,2786.856,1,1.0,-0.7071067811865477,0.7071067811865474,-0.9749279121818236,-0.2225209339563146,13.03150000050664
500.0,21.492666666666665,2.0,0.0,0.0,0.0,50.0,0.0,1020.0,98.85,2786.9413333333337,1,1.0,-0.5000000000000004,0.8660254037844384,-0.9749279121818236,-0.2225209339563146,14.236000001430511
0.0,21.113333333333333,2.0,0.0,0.0,0.0,50.0,0.0,1020.0,98.85,2786.2446666666665,1,1.0,-0.5000000000000004,0.8660254037844384,-0.9749279121818236,-0.2225209339563146,14.635999999940395
0.0,20.914,2.0,0.0,0.0,0.0,50.0,0.0,1020.0,98.85,2786.8566666666666,1,1.0,-0.5000000000000004,0.8660254037844384,-0.9749279121818236,-0.2225209339563146,13.390999998897314
0.0,20.802,2.0,0.0,0.0,0.0,50.0,0.0,1020.0,98.85,2786.632,1,1.0,-0.5000000000000004,0.8660254037844384,-0.9749279121818236,-0.2225209339563146,11.15199999883771
0.0,20.58533333333333,2.0,0.0,0.0,0.0,50.0,0.0,1020.0,98.85,2786.548,1,1.0,-0.2588190451025215,0.965925826289068,-0.9749279121818236,-0.2225209339563146,11.83900000154972
0.0,20.414666666666665,2.0,0.0,0.0,0.0,50.0,0.0,1020.0,98.85,2786.412,1,1.0,-0.2588190451025215,0.965925826289068,-0.9749279121818236,-0.2225209339563146,11.767000000923872
0.0,20.32133333333333,2.0,0.0,0.0,0.0,50.0,0.0,1020.0,98.85,2786.2073333333333,1,1.0,-0.2588190451025215,0.965925826289068,-0.9749279121818236,-0.2225209339563146,10.840999998152256
0.0,20.25,2.0,0.0,0.0,0.0,50.0,0.0,1020.0,98.85,2785.3066666666664,1,1.0,-0.2588190451025215,0.965925826289068,-0.9749279121818236,-0.2225209339563146,11.622000001370909
30.0,20.128666666666668,2.0,0.0,0.0,0.0,50.0,0.0,1020.0,98.85,2786.346,1,1.0,0.0,1.0,-0.7818314824680299,0.6234898018587334,12.046999998390676
143.33333333333334,20.048,2.0,0.0,0.0,0.0,50.0,0.0,1020.0,98.85,2786.116,1,1.0,0.0,1.0,-0.7818314824680299,0.6234898018587334,12.715999998152256
440.0,19.91733333333333,2.0,0.0,0.0,0.0,50.0,0.0,1020.0,98.85,2786.5686666666666,1,1.0,0.0,1.0,-0.7818314824680299,0.6234898018587334,13.154000002890823
0.0,19.712,2.0,0.0,0.0,0.0,50.0,0.0,1020.0,98.85,2786.514666666667,1,1.0,0.0,1.0,-0.7818314824680299,0.6234898018587334,12.64699999988079
0.0,19.660666666666668,2.0,0.0,0.0,0.0,50.0,0.0,1020.0,98.85,2786.485333333333,1,1.0,0.2588190451025207,0.9659258262890684,-0.7818314824680299,0.6234898018587334,13.083000000566244
0.0,19.557333333333336,2.0,0.0,0.0,0.0,50.0,0.0,1020.0,98.85,2786.4866666666667,1,1.0,0.2588190451025207,0.9659258262890684,-0.7818314824680299,0.6234898018587334,14.097999997437
0.0,19.464,2.0,0.0,0.0,0.0,50.0,0.0,1020.0,98.85,2787.1293333333333,1,1.0,0.2588190451025207,0.9659258262890684,-0.7818314824680299,0.6234898018587334,13.619000002741814
0.0,19.273333333333333,2.0,0.0,0.0,0.0,50.0,0.0,1020.0,98.85,2786.83,1,1.0,0.2588190451025207,0.9659258262890684,-0.7818314824680299,0.6234898018587334,9.88800000026822
0.0,19.104,2.0,0.0,0.0,0.0,50.0,0.0,1020.0,98.85,2786.8686666666667,1,1.0,0.4999999999999999,0.8660254037844387,-0.7818314824680299,0.6234898018587334,8.980000000447035
146.66666666666666,19.070666666666668,2.0,0.0,0.0,0.0,50.0,0.0,1020.0,98.85,2786.846,1,1.0,0.4999999999999999,0.8660254037844387,-0.7818314824680299,0.6234898018587334,8.865000002086163
60.0,18.634666666666664,2.0,0.0,0.0,0.0,50.0,0.0,1020.0,98.85,2786.606,1,1.0,0.4999999999999999,0.8660254037844387,-0.7818314824680299,0.6234898018587334,10.013999998569489
500.0,18.406,2.0,0.0,0.0,0.0,50.0,0.0,1020.0,98.85,2786.5306666666665,1,1.0,0.4999999999999999,0.8660254037844387,-0.7818314824680299,0.6234898018587334,10.07999999821186
0.0,18.39,2.0,0.0,0.0,0.0,50.0,0.0,1020.0,98.85,2786.5046666666667,1,1.0,0.7071067811865475,0.7071067811865476,-0.7818314824680299,0.6234898018587334,9.725000001490116
0.0,18.412,2.0,0.0,0.0,0.0,50.0,0.0,1020.0,98.85,2786.614666666667,1,1.0,0.7071067811865475,0.7071067811865476,-0.7818314824680299,0.6234898018587334,8.831000000238419
0.0,18.34,2.0,0.0,0.0,0.0,50.0,0.0,1020.0,98.85,2786.922,1,1.0,0.7071067811865475,0.7071067811865476,-0.7818314824680299,0.6234898018587334,9.083999998867512
176.66666666666666,18.364,2.0,0.0,0.0,0.0,50.0,0.0,1020.0,98.85,2786.788666666667,1,1.0,0.7071067811865475,0.7071067811865476,-0.7818314824680299,0.6234898018587334,8.81699999794364
56.66666666666666,18.368,2.0,0.0,0.0,0.0,50.0,0.0,1020.0,98.85,2786.5586666666663,1,1.0,0.8660254037844386,0.5000000000000001,-0.7818314824680299,0.6234898018587334,12.519500002264977
0.0,18.366,2.0,0.0,0.0,0.0,50.0,0.0,1020.0,98.85,2786.586,1,1.0,0.8660254037844386,0.5000000000000001,-0.7818314824680299,0.6234898018587334,11.284499999135733
0.0,18.338,2.0,0.0,0.0,0.0,50.0,0.0,1020.0,98.85,2786.4066666666668,1,1.0,0.8660254037844386,0.5000000000000001,-0.7818314824680299,0.6234898018587334,6.755000002682209
0.0,18.26,2.0,0.0,0.0,0.0,50.0,0.0,1020.0,98.85,2786.2013333333334,1,1.0,0.8660254037844386,0.5000000000000001,-0.7818314824680299,0.6234898018587334,5.550999995321035
0.0,17.969333333333335,2.0,0.0,0.0,0.0,50.0,0.0,1020.0,98.85,2786.1513333333337,1,1.0,0.9659258262890684,0.2588190451025207,-0.7818314824680299,0.6234898018587334,6.09400000050664
0.0,17.93,2.0,0.0,0.0,0.0,46.66666666666666,0.0,1020.0,98.85,2785.9753333333333,1,1.0,0.9659258262890684,0.2588190451025207,-0.7818314824680299,0.6234898018587334,5.255499999970198
0.0,17.970666666666666,2.0,0.0,0.0,0.0,50.0,0.0,1020.0,98.85,2786.274,1,1.0,0.9659258262890684,0.2588190451025207,-0.7818314824680299,0.6234898018587334,6.078500002622604
0.0,18.004666666666665,2.0,0.0,0.0,0.0,50.0,0.0,1020.0,98.85,2786.0913333333333,1,1.0,0.9659258262890684,0.2588190451025207,-0.7818314824680299,0.6234898018587334,5.417999997735024
0.0,17.939333333333334,2.0,0.0,0.0,0.0,50.0,0.0,1020.0,98.85,2786.09,1,1.0,1.0,6.123233995736766e-17,-0.7818314824680299,0.6234898018587334,5.9230000004172325
0.0,17.772,2.0,0.0,0.0,0.0,50.0,0.0,1020.0,98.85,2785.737333333333,1,1.0,1.0,6.123233995736766e-17,-0.7818314824680299,0.6234898018587334,5.434000000357628
0.0,17.61,2.0,0.0,0.0,0.0,50.0,0.0,1020.0,98.85,2785.6306666666665,1,1.0,1.0,6.123233995736766e-17,-0.7818314824680299,0.6234898018587334,6.662000000476837
0.0,17.455333333333332,2.0,0.0,0.0,0.0,50.0,0.0,1020.0,98.85,2785.536,1,1.0,1.0,6.123233995736766e-17,-0.7818314824680299,0.6234898018587334,8.245000001043081
0.0,17.29,2.0,0.0,0.0,0.0,50.0,0.0,1020.0,98.85,2785.3526666666667,1,1.0,0.9659258262890684,-0.2588190451025206,-0.7818314824680299,0.6234898018587334,7.497000001370907
0.0,17.201999999999998,2.0,0.0,0.0,0.0,50.0,0.0,1020.0,98.85,2785.550666666667,1,1.0,0.9659258262890684,-0.2588190451025206,-0.7818314824680299,0.6234898018587334,5.197999998927116
0.0,17.160000000000004,2.0,0.0,0.0,0.0,50.0,0.0,1020.0,98.85,2785.8233333333333,1,1.0,0.9659258262890684,-0.2588190451025206,-0.7818314824680299,0.6234898018587334,9.53499999642372
0.0,17.182000000000002,2.0,0.0,0.0,0.0,50.0,0.0,1020.0,98.85,2785.712666666667,1,1.0,0.9659258262890684,-0.2588190451025206,-0.7818314824680299,0.6234898018587334,13.843000002205372
0.0,17.154,2.0,0.0,0.0,0.0,50.0,0.0,1020.0,98.85,2785.618,1,1.0,0.8660254037844387,-0.4999999999999998,-0.7818314824680299,0.6234898018587334,5.85700000077486
0.0,17.136000000000003,2.0,0.0,0.0,0.0,50.0,0.0,1020.0,98.85,2785.6960000000004,1,1.0,0.8660254037844387,-0.4999999999999998,-0.7818314824680299,0.6234898018587334,4.938000001013279
0.0,17.204,2.0,0.0,0.0,0.0,50.0,0.0,1020.0,98.85,2785.7533333333336,1,1.0,0.8660254037844387,-0.4999999999999998,-0.7818314824680299,0.6234898018587334,5.920499999076128
0.0,17.280666666666665,2.0,0.0,0.0,0.0,50.0,0.0,1020.0,98.85,2785.842,1,1.0,0.8660254037844387,-0.4999999999999998,-0.7818314824680299,0.6234898018587334,5.159499999135733
0.0,17.432000000000002,2.0,0.0,0.0,0.0,50.0,0.0,1020.0,98.85,2785.5966666666664,1,1.0,0.7071067811865476,-0.7071067811865475,-0.7818314824680299,0.6234898018587334,5.631000000983477
0.0,17.57266666666667,2.0,0.0,0.0,0.0,50.0,0.0,1020.0,98.85,2785.525333333333,1,1.0,0.7071067811865476,-0.7071067811865475,-0.7818314824680299,0.6234898018587334,7.245999999344349
0.0,17.743333333333332,2.0,0.0,0.0,0.0,50.0,0.0,1020.0,98.85,2785.3233333333333,1,1.0,0.7071067811865476,-0.7071067811865475,-0.7818314824680299,0.6234898018587334,8.497999999672174
0.0,17.925333333333334,2.0,0.0,0.0,0.0,50.0,0.0,1020.0,98.85,2785.496,1,1.0,0.7071067811865476,-0.7071067811865475,-0.7818314824680299,0.6234898018587334,8.076999999582767
0.0,18.074666666666666,2.0,0.0,0.0,0.0,50.0,0.0,1020.0,98.85,2785.4373333333333,1,1.0,0.4999999999999999,-0.8660254037844387,-0.7818314824680299,0.6234898018587334,10.04399999976158
0.0,18.256,2.0,0.0,0.0,0.0,50.0,0.0,1020.0,98.85,2785.8993333333333,1,1.0,0.4999999999999999,-0.8660254037844387,-0.7818314824680299,0.6234898018587334,13.289000000804664
0.0,18.452,2.0,0.0,0.0,0.0,50.0,0.0,1020.0,98.85,2785.3293333333336,1,1.0,0.4999999999999999,-0.8660254037844387,-0.7818314824680299,0.6234898018587334,16.809999998658895
0.0,18.628666666666668,2.0,0.0,0.0,0.0,46.66666666666666,0.0,1020.0,98.85,2785.3413333333333,1,1.0,0.4999999999999999,-0.8660254037844387,-0.7818314824680299,0.6234898018587334,14.7010000012815
0.0,18.816,2.0,0.0,0.0,0.0,50.0,0.0,1020.0,98.85,2785.0080000000003,1,1.0,0.258819045102521,-0.9659258262890682,-0.7818314824680299,0.6234898018587334,5.69200000166893
0.0,19.022,2.0,0.0,0.0,0.0,50.0,0.0,1020.0,98.85,2784.9753333333333,1,1.0,0.258819045102521,-0.9659258262890682,-0.7818314824680299,0.6234898018587334,5.214999996125698
0.0,19.24866666666667,2.0,0.0,0.0,0.0,50.0,0.0,1020.0,98.85,2785.1366666666668,1,1.0,0.258819045102521,-0.9659258262890682,-0.7818314824680299,0.6234898018587334,9.297000002115963
0.0,19.384,2.0,0.0,0.0,0.0,50.0,0.0,1020.0,98.85,2784.8106666666667,1,1.0,0.258819045102521,-0.9659258262890682,-0.7818314824680299,0.6234898018587334,18.54199999943376
0.0,19.55,2.0,0.0,0.0,0.0,50.0,0.0,1020.0,98.85,2784.949333333333,1,1.0,1.2246467991473532e-16,-1.0,-0.7818314824680299,0.6234898018587334,20.885000001639128
0.0,19.724,2.0,0.0,0.0,0.0,50.0,0.0,1020.0,98.85,2785.056,1,1.0,1.2246467991473532e-16,-1.0,-0.7818314824680299,0.6234898018587334,24.855999998748302
0.0,19.954,2.0,0.0,0.0,0.0,46.66666666666666,0.0,1020.0,98.85,2784.8686666666667,1,1.0,1.2246467991473532e-16,-1.0,-0.7818314824680299,0.6234898018587334,23.721000000834465
0.0,20.182666666666663,2.0,0.0,0.0,0.0,50.0,0.0,1020.0,98.85,2784.8813333333333,1,1.0,1.2246467991473532e-16,-1.0,-0.7818314824680299,0.6234898018587334,24.347999997437
0.0,20.41933333333333,2.0,0.0,0.0,0.0,50.0,0.0,1020.0,98.85,2784.750666666667,1,1.0,-0.2588190451025208,-0.9659258262890684,-0.7818314824680299,0.6234898018587334,6.231000002473593
0.0,20.648666666666667,2.0,0.0,0.0,0.0,50.0,0.0,1020.0,98.85,2784.73,1,1.0,-0.2588190451025208,-0.9659258262890684,-0.7818314824680299,0.6234898018587334,5.8889999985694885
0.0,20.834,2.0,0.0,0.0,0.0,50.0,0.0,1020.0,98.85,2784.79,1,1.0,-0.2588190451025208,-0.9659258262890684,-0.7818314824680299,0.6234898018587334,5.629999998956919
0.0,20.998,2.0,0.0,0.0,0.0,50.0,0.0,1020.0,98.85,2784.5426666666667,1,1.0,-0.2588190451025208,-0.9659258262890684,-0.7818314824680299,0.6234898018587334,5.236000001430512
0.0,21.174666666666667,2.0,0.0,0.0,0.0,50.0,0.0,1020.0,98.85,2784.404,1,1.0,-0.4999999999999997,-0.8660254037844388,-0.7818314824680299,0.6234898018587334,5.230999998748303
0.0,21.334,1.3333333333333333,0.0,0.0,0.0,50.0,0.0,1020.0,98.85,2784.2960000000003,1,1.0,-0.4999999999999997,-0.8660254037844388,-0.7818314824680299,0.6234898018587334,10.082000002264977
0.0,21.486,1.0,0.0,0.0,0.0,50.0,0.0,1020.0,98.85,2784.181333333333,1,1.0,-0.4999999999999997,-0.8660254037844388,-0.7818314824680299,0.6234898018587334,21.15399999916553
0.0,21.618,1.0,0.0,0.0,0.0,50.0,0.0,1020.0,98.85,2784.3,1,1.0,-0.4999999999999997,-0.8660254037844388,-0.7818314824680299,0.6234898018587334,15.008000001311302
0.0,21.718666666666667,1.0,0.0,0.0,0.0,50.0,0.0,1020.0,98.85,2784.3953333333334,1,1.0,-0.7071067811865471,-0.7071067811865479,-0.7818314824680299,0.6234898018587334,9.247000001370909
0.0,21.774,1.0,0.0,0.0,0.0,50.0,0.0,1020.0,98.85,2784.3446666666664,1,1.0,-0.7071067811865471,-0.7071067811865479,-0.7818314824680299,0.6234898018587334,8.169999998062849
0.0,21.816,1.0,0.0,0.0,0.0,50.0,0.0,1020.0,98.85,2784.07,1,1.0,-0.7071067811865471,-0.7071067811865479,-0.7818314824680299,0.6234898018587334,15.73699999973178
0.0,21.852,1.0,0.0,0.0,0.0,40.333333333333336,0.0,1020.0,98.85,2783.904,1,1.0,-0.7071067811865471,-0.7071067811865479,-0.7818314824680299,0.6234898018587334,23.635999999940395
0.0,21.904,1.0,0.0,0.0,0.0,50.0,0.0,1020.0,98.85,2784.182,1,1.0,-0.8660254037844384,-0.5000000000000004,-0.7818314824680299,0.6234898018587334,22.54300000146032
0.0,21.932,1.0,0.0,0.0,0.0,46.66666666666666,0.0,1020.0,98.85,2784.23,1,1.0,-0.8660254037844384,-0.5000000000000004,-0.7818314824680299,0.6234898018587334,23.274999998509884
0.0,21.944000000000003,1.0,0.0,0.0,0.0,50.0,0.0,1020.0,98.85,2784.0133333333333,1,1.0,-0.8660254037844384,-0.5000000000000004,-0.7818314824680299,0.6234898018587334,20.61099999770522
0.0,21.92,1.0,0.0,0.0,0.0,50.0,0.0,1020.0,98.85,2784.034,1,1.0,-0.8660254037844384,-0.5000000000000004,-0.7818314824680299,0.6234898018587334,21.055000003427267
0.0,21.848000000000003,1.0,0.0,0.0,0.0,50.0,0.0,1020.0,98.85,2783.954,1,1.0,-0.9659258262890684,-0.2588190451025206,-0.7818314824680299,0.6234898018587334,16.55799999833107
0.0,21.838,1.0,0.0,0.0,0.0,50.0,0.0,1020.0,98.85,2784.1173333333336,1,1.0,-0.9659258262890684,-0.2588190451025206,-0.7818314824680299,0.6234898018587334,5.867000002413988
0.0,21.794,1.0,0.0,0.0,0.0,50.0,0.0,1020.0,98.85,2783.954,1,1.0,-0.9659258262890684,-0.2588190451025206,-0.7818314824680299,0.6234898018587334,5.238999996334314
0.0,21.71933333333333,1.0,0.0,0.0,0.0,50.0,0.0,1020.0,98.85,2783.875333333333,1,1.0,-0.9659258262890684,-0.2588190451025206,-0.7818314824680299,0.6234898018587334,5.632000003010035
0.0,21.634,1.0,0.0,0.0,0.0,50.0,0.0,1020.0,98.85,2783.6046666666666,1,1.0,-1.0,-1.8369701987210292e-16,-0.7818314824680299,0.6234898018587334,5.245999999344349
0.0,21.512,1.0,0.0,0.0,0.0,50.0,0.0,1020.0,98.85,2784.027333333333,1,1.0,-1.0,-1.8369701987210292e-16,-0.7818314824680299,0.6234898018587334,18.01299999654293
0.0,21.39,1.0,0.0,0.0,0.0,50.0,0.0,1020.0,98.85,2783.6406666666667,1,1.0,-1.0,-1.8369701987210292e-16,-0.7818314824680299,0.6234898018587334,26.421000003814697
0.0,21.174,1.0,0.0,0.0,0.0,50.0,0.0,1020.0,98.85,2782.682,1,1.0,-1.0,-1.8369701987210292e-16,-0.7818314824680299,0.6234898018587334,14.33500000089407
0.0,20.832666666666668,1.0,0.0,0.0,0.0,50.0,0.0,1020.0,98.85,2782.436,1,1.0,-0.9659258262890684,0.2588190451025203,-0.7818314824680299,0.6234898018587334,5.770999997854233
0.0,20.478,1.0,0.0,0.0,0.0,50.0,0.0,1020.0,98.85,2782.228666666667,1,1.0,-0.9659258262890684,0.2588190451025203,-0.7818314824680299,0.6234898018587334,5.846999999135733
0.0,20.186666666666667,1.0,0.0,0.0,0.0,50.0,0.0,1020.0,98.85,2782.7166666666667,1,1.0,-0.9659258262890684,0.2588190451025203,-0.7818314824680299,0.6234898018587334,13.150000002235174
0.0,20.082,1.0,0.0,0.0,0.0,50.0,0.0,1020.0,98.85,2782.566,1,1.0,-0.9659258262890684,0.2588190451025203,-0.7818314824680299,0.6234898018587334,23.677499998360872
0.0,19.938666666666663,1.0,0.0,0.0,0.0,50.0,0.0,1020.0,98.85,2782.5066666666667,1,1.0,-0.8660254037844386,0.5000000000000001,-0.7818314824680299,0.6234898018587334,22.77450000122189
0.0,19.71066666666667,1.0,0.0,0.0,0.0,50.0,0.0,1020.0,98.85,2782.692666666667,1,1.0,-0.8660254037844386,0.5000000000000001,-0.7818314824680299,0.6234898018587334,20.14199999719858
0.0,19.432,1.0,0.0,0.0,0.0,50.0,0.0,1020.0,98.85,2782.842,1,1.0,-0.8660254037844386,0.5000000000000001,-0.7818314824680299,0.6234898018587334,22.824000004678965
0.0,19.188,1.0,0.0,0.0,0.0,50.0,0.0,1020.0,98.85,2782.738,1,1.0,-0.8660254037844386,0.5000000000000001,-0.7818314824680299,0.6234898018587334,21.649000000208616
0.0,18.978,1.0,0.0,0.0,0.0,47.0,0.0,1020.0,98.85,2782.064,1,1.0,-0.7071067811865477,0.7071067811865474,-0.7818314824680299,0.6234898018587334,25.52399999648333
0.0,18.800666666666665,1.0,0.0,0.0,0.0,50.0,0.0,1020.0,98.85,2782.05,1,1.0,-0.7071067811865477,0.7071067811865474,-0.7818314824680299,0.6234898018587334,19.81700000166893
0.0,18.684,1.0,0.0,0.0,0.0,50.0,0.0,1020.0,98.85,2782.076666666667,1,1.0,-0.7071067811865477,0.7071067811865474,-0.7818314824680299,0.6234898018587334,8.291999999433756
0.0,18.652,1.0,0.0,0.0,0.0,50.0,0.0,1020.0,98.85,2782.099333333333,1,1.0,-0.7071067811865477,0.7071067811865474,-0.7818314824680299,0.6234898018587334,5.686000000685453
0.0,18.606,1.0,0.0,0.0,0.0,50.0,0.0,1020.0,98.85,2782.396,1,1.0,-0.5000000000000004,0.8660254037844384,-0.7818314824680299,0.6234898018587334,5.1739999987185
0.0,18.544,1.0,0.0,0.0,0.0,50.0,0.0,1020.0,98.85,2781.8886666666667,1,1.0,-0.5000000000000004,0.8660254037844384,-0.7818314824680299,0.6234898018587334,12.32999999821186
0.0,18.486,1.0,0.0,0.0,0.0,50.0,0.0,1020.0,98.85,2781.8506666666667,1,1.0,-0.5000000000000004,0.8660254037844384,-0.7818314824680299,0.6234898018587334,22.85000000149012
0.0,18.362666666666662,1.0,0.0,0.0,0.0,50.0,0.0,1020.0,98.85,2781.7326666666663,1,1.0,-0.5000000000000004,0.8660254037844384,-0.7818314824680299,0.6234898018587334,14.53600000217557
0.0,18.23333333333333,1.0,0.0,0.0,0.0,50.0,0.0,1020.0,98.85,2781.5446666666667,1,1.0,-0.2588190451025215,0.965925826289068,-0.7818314824680299,0.6234898018587334,16.258000001311302
0.0,18.14,1.0,0.0,0.0,0.0,50.0,0.0,1020.0,98.85,2781.5733333333333,1,1.0,-0.2588190451025215,0.965925826289068,-0.7818314824680299,0.6234898018587334,8.161999996751547
0.0,18.040666666666667,1.0,0.0,0.0,0.0,50.0,0.0,1020.0,98.85,2781.427333333333,1,1.0,-0.2588190451025215,0.965925826289068,-0.7818314824680299,0.6234898018587334,17.75950000062585
0.0,17.9,1.0,0.0,0.0,0.0,50.0,0.0,1020.0,98.85,2781.6693333333333,1,1.0,-0.2588190451025215,0.965925826289068,-0.7818314824680299,0.6234898018587334,22.675499998033047
0.0,17.759333333333334,1.0,0.0,0.0,0.0,50.0,0.0,1020.0,98.85,2781.7033333333334,1,1.0,0.0,1.0,0.0,1.0,23.364000000059605
0.0,17.654,1.0,0.0,0.0,0.0,50.0,0.0,1020.0,98.85,2781.633333333333,1,1.0,0.0,1.0,0.0,1.0,21.25100000202656
0.0,17.54866666666667,1.0,0.0,0.0,0.0,50.0,0.0,1020.0,98.85,2781.6473333333333,1,1.0,0.0,1.0,0.0,1.0,23.99199999868869
0.0,17.451999999999998,1.0,0.0,0.0,0.0,50.0,0.0,1020.0,98.85,2781.224666666667,1,1.0,0.0,1.0,0.0,1.0,20.015000000596046
0.0,17.334,1.0,0.0,0.0,0.0,50.0,0.0,1020.0,98.85,2781.2686666666664,1,1.0,0.2588190451025207,0.9659258262890684,0.0,1.0,23.781999997794628
0.0,17.234666666666666,1.0,0.0,0.0,0.0,50.0,0.0,1020.0,98.85,2781.262,1,1.0,0.2588190451025207,0.9659258262890684,0.0,1.0,20.782999999821183
0.0,17.15,1.0,0.0,0.0,0.0,50.0,0.0,1020.0,98.85,2781.114,1,1.0,0.2588190451025207,0.9659258262890684,0.0,1.0,24.52500000223517
0.0,17.028666666666666,1.0,0.0,0.0,0.0,50.0,0.0,1020.0,98.85,2780.9526666666666,1,1.0,0.2588190451025207,0.9659258262890684,0.0,1.0,17.12900000065565
0.0,16.92,1.0,0.0,0.0,0.0,50.0,0.0,1020.0,98.85,2780.898,1,1.0,0.4999999999999999,0.8660254037844387,0.0,1.0,6.914000000804663
0.0,16.776,1.0,0.0,0.0,0.0,50.0,0.0,1020.0,98.85,2780.637333333333,1,1.0,0.4999999999999999,0.8660254037844387,0.0,1.0,5.639999996870756
0.0,16.636,1.0,0.0,0.0,0.0,50.0,0.0,1020.0,98.85,2780.254,1,1.0,0.4999999999999999,0.8660254037844387,0.0,1.0,12.087000001221895
0.0,16.554,1.0,0.0,0.0,0.0,50.0,0.0,1020.0,98.85,2780.348,1,1.0,0.4999999999999999,0.8660254037844387,0.0,1.0,22.66900000348687
0.0,16.500666666666667,1.0,0.0,0.0,0.0,50.0,0.0,1020.0,98.85,2780.3033333333337,1,1.0,0.7071067811865475,0.7071067811865476,0.0,1.0,24.20699999853969
0.0,16.429333333333332,1.0,0.0,0.0,0.0,50.0,0.0,1020.0,98.85,2780.67,1,1.0,0.7071067811865475,0.7071067811865476,0.0,1.0,14.370999999344347
0.0,16.338,1.0,0.0,0.0,0.0,50.0,0.0,1020.0,98.85,2780.2166666666667,1,1.0,0.7071067811865475,0.7071067811865476,0.0,1.0,13.956999998539686
0.0,16.29,1.0,0.0,0.0,0.0,50.0,0.0,1020.0,98.85,2780.2960000000003,1,1.0,0.7071067811865475,0.7071067811865476,0.0,1.0,5.4239999987185
0.0,16.21,1.0,0.0,0.0,0.0,50.0,0.0,1020.0,98.85,2780.3700000000003,1,1.0,0.8660254037844386,0.5000000000000001,0.0,1.0,11.310000002384186
0.0,16.158666666666665,1.0,0.0,0.0,0.0,50.0,0.0,1020.0,98.85,2780.0773333333336,1,1.0,0.8660254037844386,0.5000000000000001,0.0,1.0,17.609999999403954
0.0,16.048,1.0,0.0,0.0,0.0,50.0,0.0,1020.0,98.85,2779.8826666666664,1,1.0,0.8660254037844386,0.5000000000000001,0.0,1.0,21.48600000143051
0.0,15.928666666666668,1.0,0.0,0.0,0.0,50.0,0.0,1020.0,98.85,2780.059333333333,1,1.0,0.8660254037844386,0.5000000000000001,0.0,1.0,16.46799999848008
0.0,15.872000000000002,1.0,0.0,0.0,0.0,50.0,0.0,1020.0,98.85,2779.882,1,1.0,0.9659258262890684,0.2588190451025207,0.0,1.0,16.078999999910593
0.0,15.768,1.0,0.0,0.0,0.0,50.0,0.0,1020.0,98.85,2779.856,1,1.0,0.9659258262890684,0.2588190451025207,0.0,1.0,14.297000002115963
0.0,15.694,1.0,0.0,0.0,0.0,50.0,0.0,1020.0,98.85,2779.930666666666,1,1.0,0.9659258262890684,0.2588190451025207,0.0,1.0,5.823999997228384
0.0,15.648,1.0,0.0,0.0,0.0,50.0,0.0,1020.0,98.85,2779.7706666666663,1,1.0,0.9659258262890684,0.2588190451025207,0.0,1.0,13.96900000423193
0.0,15.628000000000002,1.0,0.0,0.0,0.0,50.0,0.0,1020.0,98.85,2779.6893333333333,1,1.0,1.0,6.123233995736766e-17,0.0,1.0,12.195999994874
0.0,15.544,1.0,0.0,0.0,0.0,50.0,0.0,1020.0,98.85,2779.6180000000004,1,1.0,1.0,6.123233995736766e-17,0.0,1.0,20.51400000229478
0.0,15.47,1.0,0.0,0.0,0.0,50.0,0.0,1020.0,98.85,2779.784,1,1.0,1.0,6.123233995736766e-17,0.0,1.0,16.56749999895692
0.0,15.417333333333334,1.0,0.0,0.0,0.0,50.0,0.0,1020.0,98.85,2779.5133333333333,1,1.0,1.0,6.123233995736766e-17,0.0,1.0,15.862500000745058
0.0,15.386666666666668,1.0,0.0,0.0,0.0,38.333333333333336,0.0,1020.0,98.85,2779.5826666666667,1,1.0,0.9659258262890684,-0.2588190451025206,0.0,1.0,22.164000000804663
0.0,15.382666666666667,1.8666666666666667,0.0,0.0,0.0,6.666666666666667,0.0,1020.0,98.85,2779.6066666666666,1,1.0,0.9659258262890684,-0.2588190451025206,0.0,1.0,26.56700000166893
0.0,15.428666666666668,335.7333333333333,0.0,0.9333333333333332,0.0,68.33333333333333,0.0,1020.0,98.85,2779.854,1,1.0,0.9659258262890684,-0.2588190451025206,0.0,1.0,17.027999997138977
0.0,15.164,1222.0,0.0,0.2,0.0,100.0,0.0,1020.0,98.85,2779.3106666666663,1,1.0,0.9659258262890684,-0.2588190451025206,0.0,1.0,17.207000002264977
0.0,15.018,1222.0,0.0,0.0,0.0,100.0,0.0,1020.0,98.85,2779.4646666666667,1,1.0,0.8660254037844387,-0.4999999999999998,0.0,1.0,26.12099999934435
0.0,14.978,1222.0,0.0,0.0,0.0,100.0,0.0,1020.0,98.85,2779.246,1,1.0,0.8660254037844387,-0.4999999999999998,0.0,1.0,34.55399999767542
0.0,14.796,1222.0,0.0,0.0,0.0,100.0,0.0,1020.0,98.85,2779.671333333333,1,1.0,0.8660254037844387,-0.4999999999999998,0.0,1.0,27.48200000077486
0.0,14.896666666666668,979.6,0.0,1.3333333333333333,0.0,100.0,0.0,1020.0,98.85,2773.133333333333,1,1.0,0.8660254037844387,-0.4999999999999998,0.0,1.0,24.69799999892712
0.0,15.116666666666667,1228.0,0.0,0.0,0.0,100.0,0.0,1020.0,98.85,2766.163333333333,1,1.0,0.7071067811865476,-0.7071067811865475,0.0,1.0,24.60300000011921
0.0,15.498666666666669,574.1333333333333,0.0,0.0,0.0,98.66666666666669,0.0,1020.0,98.85,2738.812,1,1.0,0.7071067811865476,-0.7071067811865475,0.0,1.0,33.07299999892712
0.0,16.417333333333332,2.0,0.0,0.0,0.0,100.0,0.0,1020.0,98.85,2725.0946666666664,1,1.0,0.7071067811865476,-0.7071067811865475,0.0,1.0,34.71100000292063
0.0,17.063333333333333,326.7333333333333,0.2,1.933333333333333,8738.133333333333,99.66666666666669,0.0,1020.0,98.85,2733.9453333333336,1,0.0,0.7071067811865476,-0.7071067811865475,0.0,1.0,29.975999999791384
0.0,17.152,491.8666666666667,0.6666666666666666,3.2666666666666666,48059.73333333333,99.33333333333331,0.0,1020.0,98.85,2760.749333333333,0,0.0,0.4999999999999999,-0.8660254037844387,0.0,1.0,121.17700000107288
0.0,17.341333333333335,313.8,1.2,2.6,109226.66666666669,100.0,0.0,1020.0,98.85,2773.704,0,0.0,0.4999999999999999,-0.8660254037844387,0.0,1.0,125.17199999839067
0.0,17.935333333333332,588.9333333333333,1.8666666666666667,0.9333333333333332,275251.2,100.0,0.0,1020.0,98.85,2770.190666666667,0,0.0,0.4999999999999999,-0.8660254037844387,0.0,1.0,97.14300000295044
0.0,19.122,537.0,1.8666666666666667,1.0,187869.86666666667,100.0,0.0,1020.0,98.85,2773.784,0,0.0,0.4999999999999999,-0.8660254037844387,0.0,1.0,113.79199999570848
134.66666666666666,20.040666666666667,718.6,1.3333333333333333,3.8,131072.0,100.0,0.0,1020.0,98.85,2751.2146666666667,0,0.0,0.258819045102521,-0.9659258262890682,0.0,1.0,111.58300000429152
0.0,19.845333333333333,812.2666666666667,3.333333333333333,5.133333333333334,179131.73333333334,100.0,0.0,1020.0,98.85,2769.684,0,0.0,0.258819045102521,-0.9659258262890682,0.0,1.0,135.1439999975264
0.0,20.766,569.7333333333333,1.933333333333333,1.933333333333333,179131.73333333334,100.0,0.0,1020.0,98.85,2746.168,0,0.0,0.258819045102521,-0.9659258262890682,0.0,1.0,110.03400000184774
146.66666666666666,21.538666666666664,618.1333333333333,1.8,3.2666666666666666,117964.8,100.0,0.0,1020.0,98.85,2755.798666666667,0,0.0,0.258819045102521,-0.9659258262890682,0.0,1.0,140.20599999651313
26.666666666666668,21.716,928.2666666666668,1.1333333333333333,4.666666666666667,0.0,100.0,0.0,1020.0,98.85,2746.39,0,0.0,1.2246467991473532e-16,-1.0,0.0,1.0,128.8560000024736
0.0,21.712666666666667,1008.3333333333334,0.7333333333333333,2.0,0.0,100.0,0.0,1020.0,98.85,2775.3886666666667,0,0.0,1.2246467991473532e-16,-1.0,0.0,1.0,88.57950000092387
100.0,22.02133333333333,701.0,3.6,45.2,96119.46666666666,100.0,0.0,1020.0,98.85,2757.8806666666665,0,0.0,1.2246467991473532e-16,-1.0,0.0,1.0,75.88949999958277
56.66666666666666,22.23,497.6,2.2,3.866666666666666,65536.0,100.0,0.0,1020.0,98.85,2746.992,0,0.0,1.2246467991473532e-16,-1.0,0.0,1.0,146.32999999821186
200.0,22.262666666666668,869.7333333333333,1.4666666666666666,7.2,314572.8,100.0,0.0,1020.0,98.85,2771.372666666666,0,0.0,-0.2588190451025208,-0.9659258262890684,0.0,1.0,143.70199999958277
257.3333333333333,23.25733333333333,812.3333333333334,0.2,12.0,91750.4,100.0,0.0,1020.0,98.85,2730.8886666666667,0,0.0,-0.2588190451025208,-0.9659258262890684,0.0,1.0,154.82000000029802
203.3333333333333,23.686,636.6666666666666,1.3333333333333333,4.066666666666666,69905.06666666667,100.0,0.0,1020.0,98.85,2734.172,0,0.0,-0.2588190451025208,-0.9659258262890684,0.0,1.0,147.67799999937415
63.333333333333336,23.644,399.2,1.3333333333333333,5.466666666666667,65536.0,100.0,0.0,1020.0,98.85,2775.4646666666667,0,0.0,-0.2588190451025208,-0.9659258262890684,0.0,1.0,143.7060000039637
54.0,23.956000000000003,588.1333333333333,0.9333333333333332,1.8,148548.26666666666,100.0,0.0,1020.0,98.85,2768.512666666667,0,0.0,-0.4999999999999997,-0.8660254037844388,0.0,1.0,101.37399999797344
253.3333333333333,24.57333333333333,1057.8666666666666,2.0,18.2,166024.53333333333,100.0,0.0,1020.0,98.85,2728.2053333333333,0,0.0,-0.4999999999999997,-0.8660254037844388,0.0,1.0,175.4039999991655
190.0,24.194,920.7333333333332,2.066666666666667,12.733333333333333,139810.13333333333,100.0,22278.23,1034.0,140.36,2739.876,0,0.0,-0.4999999999999997,-0.8660254037844388,0.0,1.0,178.20700000226498
0.0,28.71933333333333,732.8,0.6,2.8,34952.53333333333,100.0,41447.68,1080.6666666666667,288.18,2781.8826666666664,0,0.0,-0.4999999999999997,-0.8660254037844388,0.0,1.0,166.04800000041723
0.0,28.840666666666667,965.2,0.0,0.2666666666666666,52428.8,100.0,31953.66,1043.3333333333333,243.3,2786.38,0,0.0,-0.7071067811865471,-0.7071067811865479,0.0,1.0,66.53999999910593
146.66666666666666,27.976666666666667,1026.2,1.2666666666666666,3.2666666666666666,244667.7333333333,100.0,33855.66,1054.0,174.79,2780.27,0,0.0,-0.7071067811865471,-0.7071067811865479,0.0,1.0,121.09400000050664
246.66666666666663,27.546666666666667,946.0,1.6666666666666667,2.466666666666667,192238.9333333333,100.0,30937.79,1038.0,327.41,2775.4193333333333,0,0.0,-0.7071067811865471,-0.7071067811865479,0.0,1.0,171.937999997288
80.66666666666667,27.14333333333333,953.6666666666666,0.6666666666666666,3.1333333333333333,100488.53333333334,100.0,29955.82,1052.0,233.0,2772.674666666667,0,0.0,-0.7071067811865471,-0.7071067811865479,0.0,1.0,139.68400000035763
247.3333333333333,28.1,948.8666666666668,1.4,3.1333333333333333,196608.0,100.0,16818.39,1059.3333333333333,273.35,2764.526,0,0.0,-0.8660254037844384,-0.5000000000000004,0.0,1.0,145.19200000166893
257.3333333333333,30.32333333333333,1341.6,1.0666666666666669,7.066666666666666,174762.66666666666,100.0,26039.69,1036.6666666666667,269.36,2761.582,0,0.0,-0.8660254037844384,-0.5000000000000004,0.0,1.0,173.45299999788404
0.0,31.576,772.2,0.8666666666666667,2.0,104857.6,100.0,30816.08,1042.6666666666667,183.48,2756.9586666666664,0,0.0,-0.8660254037844384,-0.5000000000000004,0.0,1.0,162.15700000151992
246.66666666666663,32.096666666666664,1094.2666666666669,1.8666666666666667,13.666666666666666,222822.4,100.0,25790.17,1048.6666666666667,244.99,2750.739333333333,0,0.0,-0.8660254037844384,-0.5000000000000004,0.0,1.0,123.35500000044703
440.0,32.094,929.6,0.3333333333333333,7.466666666666667,152917.33333333334,100.0,23546.45,1043.3333333333333,261.24,2748.755333333333,0,0.0,-0.9659258262890684,-0.2588190451025206,0.0,1.0,175.85499999672174
270.6666666666667,32.16466666666667,1330.6,1.2666666666666666,5.866666666666666,161655.46666666667,100.0,34889.02,1044.6666666666667,246.72,2741.44,0,0.0,-0.9659258262890684,-0.2588190451025206,0.0,1.0,150.52400000020862
173.33333333333334,32.244,622.2666666666667,0.8,1.5333333333333334,104857.6,100.0,24634.45,1058.0,285.06,2735.3826666666664,0,0.0,-0.9659258262890684,-0.2588190451025206,0.0,1.0,134.33799999952316
97.33333333333331,32.084666666666664,1251.0666666666666,1.4,6.866666666666666,200977.06666666668,100.0,24650.56,1057.3333333333333,277.09,2727.762,0,0.0,-0.9659258262890684,-0.2588190451025206,0.0,1.0,163.19900000467896
203.3333333333333,31.825333333333333,1128.9333333333334,1.2666666666666666,6.933333333333334,135441.06666666668,100.0,28355.95,1020.0,236.56,2732.212,0,0.0,-1.0,-1.8369701987210292e-16,0.0,1.0,175.41799999773502
190.0,31.540666666666667,555.3333333333334,0.8666666666666667,3.933333333333333,96119.46666666666,100.0,19558.14,1068.6666666666667,110.61,2736.1646666666666,0,0.0,-1.0,-1.8369701987210292e-16,0.0,1.0,131.125
428.0,30.75,355.53333333333336,0.0,0.0666666666666666,0.0,100.0,0.0,1090.0,99.9,2717.901333333333,0,0.0,-1.0,-1.8369701987210292e-16,0.0,1.0,101.21000000089408
146.66666666666666,30.322,1156.0,0.0,0.0,0.0,100.0,0.0,1090.0,99.9,2721.4446666666668,0,0.0,-1.0,-1.8369701987210292e-16,0.0,1.0,50.63199999928474
0.0,27.136000000000003,1156.0,0.0,0.0,0.0,100.0,30942.12,1084.0,172.26999999999998,2730.5666666666666,0,0.0,-0.9659258262890684,0.2588190451025203,0.0,1.0,56.60099999979138
0.0,24.256,821.6,1.7333333333333334,3.1333333333333333,52428.8,100.0,40450.98,1025.3333333333333,181.87,2737.3166666666666,0,0.0,-0.9659258262890684,0.2588190451025203,0.0,1.0,86.81599999964237
0.0,21.72133333333333,1119.9333333333334,1.933333333333333,8.866666666666667,200977.06666666668,100.0,21828.39,1046.0,371.13,2738.9193333333333,0,0.0,-0.9659258262890684,0.2588190451025203,0.0,1.0,168.70800000056624
233.3333333333333,21.96933333333333,1109.2,1.933333333333333,12.733333333333333,209715.2,100.0,33503.16,1055.3333333333333,226.29,2739.088,0,0.0,-0.9659258262890684,0.2588190451025203,0.0,1.0,180.51999999955297
233.3333333333333,28.35666666666667,913.2666666666668,0.6666666666666666,6.533333333333333,144179.2,100.0,23643.88,1041.3333333333333,252.13,2785.642,0,0.0,-0.8660254037844386,0.5000000000000001,0.0,1.0,147.3339999988675
244.0,27.554666666666662,1334.6,1.0666666666666669,8.066666666666666,235929.6,100.0,30901.24,1062.6666666666667,247.16,2784.206,0,0.0,-0.8660254037844386,0.5000000000000001,0.0,1.0,171.44500000029802
43.333333333333336,29.517333333333333,395.4,1.8,7.666666666666667,179131.73333333334,100.0,31110.94,1035.3333333333333,212.41,2781.05,0,0.0,-0.8660254037844386,0.5000000000000001,0.0,1.0,140.1820000037551
134.0,29.326,793.5333333333333,1.4,3.6,288358.4,100.0,30312.54,1063.3333333333333,145.98,2773.266666666667,0,0.0,-0.8660254037844386,0.5000000000000001,0.0,1.0,140.13199999555945
26.666666666666668,28.654666666666667,1107.7333333333331,0.4,2.1333333333333333,362632.5333333333,100.0,19567.41,1032.0,593.15,2767.7726666666663,0,0.0,-0.7071067811865477,0.7071067811865474,0.0,1.0,191.2440000027418
0.0,29.81,1410.8,1.4,2.466666666666667,270882.13333333336,100.0,23725.72,1050.6666666666667,366.84,2764.718,0,0.0,-0.7071067811865477,0.7071067811865474,0.0,1.0,179.94199999794364
86.66666666666667,30.255333333333333,1349.6,0.0,14.666666666666666,222822.4,100.0,37521.41,1030.6666666666667,109.81,2760.786666666667,0,0.0,-0.7071067811865477,0.7071067811865474,0.0,1.0,164.8370000012219
146.66666666666666,30.304,318.06666666666666,0.3333333333333333,1.7333333333333334,205346.13333333333,100.0,28141.26,1048.6666666666667,410.87,2754.906,0,0.0,-0.7071067811865477,0.7071067811865474,0.0,1.0,113.19750000163911
0.0,30.46333333333333,909.8,0.3333333333333333,1.7333333333333334,152917.33333333334,100.0,41282.93,1032.6666666666667,120.07,2748.325333333333,0,0.0,-0.5000000000000004,0.8660254037844384,0.0,1.0,163.5684999972582
113.33333333333331,29.73,536.9333333333333,0.2,4.6,297096.5333333333,100.0,27070.59,1046.6666666666667,240.29,2744.866666666667,0,0.0,-0.5000000000000004,0.8660254037844384,0.0,1.0,138.867000002414
0.0,29.416,944.8,0.2666666666666666,2.2666666666666666,218453.3333333333,100.0,43978.76,1032.6666666666667,140.51,2738.6706666666664,0,0.0,-0.5000000000000004,0.8660254037844384,0.0,1.0,190.3040000014007
146.66666666666666,30.01333333333333,913.7333333333332,0.0666666666666666,1.6,48059.73333333333,100.0,26149.32,1020.0,312.85,2735.3066666666664,0,0.0,-0.5000000000000004,0.8660254037844384,0.0,1.0,144.69500000029802
0.0,30.148666666666667,1213.0,0.0,0.0,0.0,100.0,1518.45,1024.0,462.32,2728.398666666667,0,0.0,-0.2588190451025215,0.965925826289068,0.0,1.0,59.4569999948144
293.3333333333333,29.726666666666667,1156.9333333333334,0.9333333333333332,2.2,196608.0,100.0,38192.97,1024.6666666666667,165.86,2720.478,0,0.0,-0.2588190451025215,0.965925826289068,0.0,1.0,65.65300000458956
293.3333333333333,28.34,993.2,1.4,3.1333333333333333,270882.13333333336,100.0,24912.45,1047.3333333333333,323.42,2706.089333333333,0,0.0,-0.2588190451025215,0.965925826289068,0.0,1.0,181.1689999997616
170.0,25.896666666666665,985.3333333333334,0.2666666666666666,8.733333333333333,235929.6,100.0,32865.770000000004,1024.0,177.05,2698.256,0,0.0,-0.2588190451025215,0.965925826289068,0.0,1.0,182.4839999973774
257.3333333333333,28.424,1200.2,0.0,6.0,253405.86666666667,100.0,32925.4,1036.6666666666667,181.48,2739.2073333333333,0,0.0,0.0,1.0,0.7818314824680298,0.6234898018587336,166.82699999958277
173.33333333333334,25.556,620.8666666666667,0.0,8.866666666666667,166024.53333333333,99.0,21265.43,1045.3333333333333,222.54,2745.910666666666,0,0.0,0.0,1.0,0.7818314824680298,0.6234898018587336,157.19200000166893
43.333333333333336,24.484,1184.3333333333333,0.2666666666666666,3.2666666666666666,78643.2,100.0,34943.78,1012.6666666666666,132.7,2750.162,0,0.0,0.0,1.0,0.7818314824680298,0.6234898018587336,159.01799999922514
70.0,28.811333333333334,350.06666666666666,0.8,4.6,0.0,100.0,0.0,1000.0,95.55,2751.974666666667,0,0.0,0.0,1.0,0.7818314824680298,0.6234898018587336,124.05799999833108
364.6666666666667,25.70133333333333,1073.9333333333334,0.0,1.3333333333333333,0.0,86.0,0.0,1000.0,95.55,2746.986,0,0.0,0.2588190451025207,0.9659258262890684,0.7818314824680298,0.6234898018587336,49.21400000154972
43.333333333333336,24.504,1007.2,0.0,0.7333333333333333,126702.93333333332,85.0,41990.59,1030.6666666666667,118.46,2746.1113333333333,0,0.0,0.2588190451025207,0.9659258262890684,0.7818314824680298,0.6234898018587336,53.00499999895692
0.0,21.673333333333336,416.73333333333335,1.5333333333333334,2.0,253405.86666666667,100.0,67896.65,1057.3333333333333,304.75,2762.224,0,0.0,0.2588190451025207,0.9659258262890684,0.7818314824680298,0.6234898018587336,148.06450000032785
0.0,19.85,703.8666666666667,0.8666666666666667,2.466666666666667,345156.26666666666,98.66666666666669,65489.18,1022.0,227.96,2779.0413333333336,0,0.0,0.2588190451025207,0.9659258262890684,0.7818314824680298,0.6234898018587336,181.5024999976158
0.0,20.858,689.4666666666667,0.0,0.0666666666666666,253405.86666666667,100.0,86493.31,1050.0,129.85,2775.5086666666666,0,0.0,0.4999999999999999,0.8660254037844387,0.7818314824680298,0.6234898018587336,199.859000004828
56.66666666666666,22.21933333333333,585.2666666666667,0.3333333333333333,0.5333333333333333,349525.3333333333,99.33333333333331,91719.96,1026.0,255.79,2768.1406666666667,0,0.0,0.4999999999999999,0.8660254037844387,0.7818314824680298,0.6234898018587336,161.94999999552965
440.0,23.26,581.8666666666667,0.0,4.666666666666667,183500.8,97.33333333333331,65433.52,1048.0,294.38,2762.512666666667,0,0.0,0.4999999999999999,0.8660254037844387,0.7818314824680298,0.6234898018587336,157.31600000336766
443.3333333333333,23.807333333333336,517.6666666666666,1.6666666666666667,0.8666666666666667,358263.4666666667,93.33333333333331,40359.14,1045.3333333333333,486.01,2755.424666666667,0,0.0,0.4999999999999999,0.8660254037844387,0.7818314824680298,0.6234898018587336,158.13199999928474
146.66666666666666,24.114,1024.0,0.7333333333333333,0.6,0.0,98.66666666666669,7.68,1080.0,1500.0,2751.154,0,0.0,0.7071067811865475,0.7071067811865476,0.7818314824680298,0.6234898018587336,146.56599999964237
146.66666666666666,24.338666666666665,1017.8,0.0,0.0,83012.26666666666,84.0,81771.37,1048.0,473.67,2747.4393333333337,0,0.0,0.7071067811865475,0.7071067811865476,0.7818314824680298,0.6234898018587336,57.22800000011921
240.0,24.602,572.7333333333333,0.0,1.0,283989.3333333333,100.0,67901.14,1028.6666666666667,296.15,2742.968,0,0.0,0.7071067811865475,0.7071067811865476,0.7818314824680298,0.6234898018587336,151.10999999940395
266.6666666666667,24.932,574.2666666666667,0.0666666666666666,0.6,192238.9333333333,100.0,93440.86,1023.3333333333334,217.03,2737.750666666667,0,0.0,0.7071067811865475,0.7071067811865476,0.7818314824680298,0.6234898018587336,170.035000000149
353.3333333333333,25.038,374.6,0.3333333333333333,2.8,367001.6,98.66666666666669,79711.18,1017.3333333333334,173.15,2733.2406666666666,0,0.0,0.8660254037844386,0.5000000000000001,0.7818314824680298,0.6234898018587336,152.35200000181794
293.3333333333333,25.056,708.4,0.9333333333333332,0.6666666666666666,240298.66666666663,99.66666666666669,82169.76,1032.0,253.87,2725.180666666666,0,0.0,0.8660254037844386,0.5000000000000001,0.7818314824680298,0.6234898018587336,165.93099999800324
976.6666666666666,24.264666666666667,637.6,1.6666666666666667,0.3333333333333333,257774.9333333333,96.33333333333331,63036.53,1032.6666666666667,137.29,2726.872666666666,0,0.0,0.8660254037844386,0.5000000000000001,0.7818314824680298,0.6234898018587336,153.97600000351667
616.6666666666666,23.498,469.1333333333333,0.3333333333333333,0.8666666666666667,301465.6,98.33333333333331,66424.01,1035.3333333333333,227.0,2733.894,0,0.0,0.8660254037844386,0.5000000000000001,0.7818314824680298,0.6234898018587336,180.6109999977052
443.3333333333333,22.466666666666665,500.06666666666666,1.2,0.5333333333333333,292727.4666666667,99.0,79483.62,1025.3333333333333,273.32,2741.6466666666665,0,0.0,0.9659258262890684,0.2588190451025207,0.7818314824680298,0.6234898018587336,173.6660000011325
500.0,21.822666666666667,435.6,0.1333333333333333,0.3333333333333333,179131.73333333334,96.33333333333331,88748.82,1038.0,153.78,2753.2066666666665,0,0.0,0.9659258262890684,0.2588190451025207,0.7818314824680298,0.6234898018587336,182.91200000047684
856.6666666666666,21.933333333333334,374.53333333333336,1.2,1.8,323310.93333333335,89.0,64901.69,1051.3333333333333,170.16,2767.128,0,0.0,0.9659258262890684,0.2588190451025207,0.7818314824680298,0.6234898018587336,129.65899999812245
146.66666666666666,21.25133333333333,724.3333333333334,1.2,14.8,345156.26666666666,100.0,58149.41,1032.6666666666667,128.63,2775.142666666666,0,0.0,0.9659258262890684,0.2588190451025207,0.7818314824680298,0.6234898018587336,156.5920000001788
443.3333333333333,21.054666666666662,605.4,0.9333333333333332,5.4,301465.6,99.66666666666669,64949.35,1038.6666666666667,224.68,2775.1586666666667,0,0.0,1.0,6.123233995736766e-17,0.7818314824680298,0.6234898018587336,154.77299999818206
146.66666666666666,21.93133333333333,534.9333333333333,0.4,3.333333333333333,305834.6666666667,83.33333333333333,62626.32,1016.6666666666666,302.7,2772.0286666666666,0,0.0,1.0,6.123233995736766e-17,0.7818314824680298,0.6234898018587336,158.64300000295043
563.3333333333334,24.006666666666668,304.4,0.0,0.3333333333333333,4369.066666666667,63.333333333333336,0.0,1020.0,82.5,2761.052,0,0.0,1.0,6.123233995736766e-17,0.7818314824680298,0.6234898018587336,142.64099999517202
0.0,26.50933333333333,1.0,0.0,0.0,0.0,25.0,0.0,1020.0,82.5,2743.584666666667,0,0.0,1.0,6.123233995736766e-17,0.7818314824680298,0.6234898018587336,68.64400000497699
266.6666666666667,27.102666666666664,1.0,0.0,0.0,0.0,26.0,0.0,1020.0,82.5,2738.264666666667,0,0.0,0.9659258262890684,-0.2588190451025206,0.7818314824680298,0.6234898018587336,44.83999999985099
203.3333333333333,34.54066666666667,1.0,0.0,0.0,0.0,30.0,0.0,1020.0,82.5,2729.2833333333333,0,0.0,0.9659258262890684,-0.2588190451025206,0.7818314824680298,0.6234898018587336,59.00699999928474
56.66666666666666,34.57733333333333,1.0,0.0,0.0,0.0,30.0,0.0,1020.0,82.5,2723.3586666666665,0,0.0,0.9659258262890684,-0.2588190451025206,0.7818314824680298,0.6234898018587336,61.81599999964237
146.66666666666666,26.134666666666664,1.0,0.0,0.8666666666666667,0.0,67.33333333333333,0.0,1020.0,82.5,2719.0393333333336,0,0.0,0.9659258262890684,-0.2588190451025206,0.7818314824680298,0.6234898018587336,66.97300000116229
90.0,23.645333333333333,1.0,0.0,0.0,0.0,100.0,0.0,1020.0,82.5,2723.588,0,0.0,0.8660254037844387,-0.4999999999999998,0.7818314824680298,0.6234898018587336,53.16499999910593
0.0,20.966,650.2,0.8,0.4,34952.53333333333,100.0,78986.17,1034.6666666666667,110.72,2736.498666666667,0,0.0,0.8660254037844387,-0.4999999999999998,0.7818314824680298,0.6234898018587336,44.279000002890825
0.0,19.747333333333334,447.1333333333333,1.3333333333333333,4.0,279620.26666666666,100.0,19625.57,1056.6666666666667,197.48,2750.2833333333333,0,0.0,0.8660254037844387,-0.4999999999999998,0.7818314824680298,0.6234898018587336,110.56099999696016
293.3333333333333,19.389333333333337,903.4666666666668,1.7333333333333334,5.533333333333333,292727.4666666667,99.33333333333331,18570.23,1038.6666666666667,84.3,2760.787333333333,0,0.0,0.8660254037844387,-0.4999999999999998,0.7818314824680298,0.6234898018587336,108.70850000157952
733.3333333333334,19.49,1202.1333333333334,3.066666666666667,5.533333333333333,283989.3333333333,100.0,16302.94,1053.3333333333333,99.92,2769.3826666666664,0,0.0,0.7071067811865476,-0.7071067811865475,0.7818314824680298,0.6234898018587336,115.41750000044703
310.0,22.392666666666667,564.0666666666667,0.5333333333333333,3.6666666666666665,227191.46666666667,100.0,14341.13,1046.6666666666667,102.54,2773.8993333333333,0,0.0,0.7071067811865476,-0.7071067811865475,0.7818314824680298,0.6234898018587336,129.2529999986291
293.3333333333333,25.866666666666667,693.8,0.0,6.266666666666667,279620.26666666666,100.0,22672.99,1046.0,206.23,2772.6873333333333,0,0.0,0.7071067811865476,-0.7071067811865475,0.7818314824680298,0.6234898018587336,110.61499999836089
260.0,27.388,672.0,1.0666666666666669,23.066666666666663,244667.7333333333,84.33333333333333,25447.49,1052.6666666666667,88.05,2770.674666666667,0,0.0,0.7071067811865476,-0.7071067811865475,0.7818314824680298,0.6234898018587336,130.30099999904633
350.0,29.61866666666667,1042.1333333333334,0.8666666666666667,17.0,349525.3333333333,100.0,14988.56,1056.0,385.48,2762.463333333333,0,0.0,0.4999999999999999,-0.8660254037844387,0.7818314824680298,0.6234898018587336,117.76700000092389
440.0,28.133333333333333,958.4,0.5333333333333333,2.533333333333333,244667.7333333333,97.33333333333331,17894.67,1030.0,194.14,2755.8106666666667,0,0.0,0.4999999999999999,-0.8660254037844387,0.7818314824680298,0.6234898018587336,130.09000000357628
1026.6666666666667,28.336,588.2,0.0,3.466666666666667,131072.0,98.66666666666669,20942.84,1036.0,72.66,2750.715333333333,0,0.0,0.4999999999999999,-0.8660254037844387,0.7818314824680298,0.6234898018587336,141.9319999963045
293.3333333333333,28.350666666666665,785.6,0.0,1.8,336418.13333333336,100.0,12788.41,1027.3333333333333,348.94,2744.512666666667,0,0.0,0.4999999999999999,-0.8660254037844387,0.7818314824680298,0.6234898018587336,118.01300000026822
440.0,28.43733333333333,1061.2,0.4666666666666667,2.4,257774.9333333333,99.66666666666669,23310.91,1034.0,88.14,2741.116,0,0.0,0.258819045102521,-0.9659258262890682,0.7818314824680298,0.6234898018587336,126.58800000324844
220.0,28.447333333333333,451.4666666666666,1.6666666666666667,3.1333333333333333,283989.3333333333,95.0,20666.61,1042.6666666666667,195.93,2734.8406666666665,0,0.0,0.258819045102521,-0.9659258262890682,0.7818314824680298,0.6234898018587336,108.95999999716878
350.0,29.748,1136.0666666666666,1.8,7.2,375739.7333333333,100.0,15789.54,1032.6666666666667,214.44,2732.976666666667,0,0.0,0.258819045102521,-0.9659258262890682,0.7818314824680298,0.6234898018587336,134.11300000175834
310.0,28.418,1138.1333333333334,1.3333333333333333,3.066666666666667,318941.86666666664,100.0,18757.69,1020.6666666666666,375.52,2739.526,0,0.0,0.258819045102521,-0.9659258262890682,0.7818314824680298,0.6234898018587336,146.27299999818206
146.66666666666666,28.98133333333333,1103.7333333333331,0.2,3.2,83012.26666666666,94.66666666666669,17087.75,1048.6666666666667,87.36,2748.3593333333333,0,0.0,1.2246467991473532e-16,-1.0,0.7818314824680298,0.6234898018587336,132.14799999818206
0.0,29.380666666666663,1057.2,0.0,0.5333333333333333,117964.8,87.66666666666667,16094.75,1038.6666666666667,249.46,2751.3553333333334,0,0.0,1.2246467991473532e-16,-1.0,0.7818314824680298,0.6234898018587336,69.55099999904633
496.6666666666667,30.570666666666668,1211.3333333333333,0.8666666666666667,2.066666666666667,332049.06666666665,100.0,20152.54,1037.3333333333333,82.11,2759.976666666667,0,0.0,1.2246467991473532e-16,-1.0,0.7818314824680298,0.6234898018587336,123.94900000467896
790.0,28.236666666666668,716.6666666666666,0.0666666666666666,1.6,157286.4,98.0,20188.11,1037.3333333333333,171.79,2767.273333333333,0,0.0,1.2246467991473532e-16,-1.0,0.7818314824680298,0.6234898018587336,120.71799999848008
293.3333333333333,28.767333333333333,1299.8666666666666,0.5333333333333333,6.266666666666667,266513.06666666665,100.0,20517.13,1034.6666666666667,178.19,2772.9846666666667,0,0.0,-0.2588190451025208,-0.9659258262890684,0.7818314824680298,0.6234898018587336,131.54199999943376
496.6666666666667,29.274,626.6666666666666,1.8,2.2,196608.0,90.66666666666669,17972.59,1032.0,174.99,2767.9440000000004,0,0.0,-0.2588190451025208,-0.9659258262890684,0.7818314824680298,0.6234898018587336,127.00750000029802
56.66666666666666,29.52,559.8666666666667,1.2,1.933333333333333,48059.73333333333,79.0,22078.08,1040.6666666666667,66.47,2762.7940000000003,0,0.0,-0.2588190451025208,-0.9659258262890684,0.7818314824680298,0.6234898018587336,126.40650000050664
293.3333333333333,29.588,935.6666666666666,0.0666666666666666,2.6666666666666665,200977.06666666668,89.0,18859.78,1036.0,82.41,2756.63,0,0.0,-0.2588190451025208,-0.9659258262890684,0.7818314824680298,0.6234898018587336,113.18600000068544
496.6666666666667,29.562666666666665,736.4666666666667,1.6666666666666667,4.466666666666667,323310.93333333335,100.0,15634.47,1032.0,192.78,2751.643333333333,0,0.0,-0.4999999999999997,-0.8660254037844388,0.7818314824680298,0.6234898018587336,128.75200000032785
350.0,29.634,820.0666666666667,1.1333333333333333,2.7333333333333334,187869.86666666667,90.33333333333331,19654.76,1034.6666666666667,94.92,2745.5646666666667,0,0.0,-0.4999999999999997,-0.8660254037844388,0.7818314824680298,0.6234898018587336,138.35500000044703
733.3333333333334,29.813333333333333,792.9333333333333,0.3333333333333333,12.733333333333333,262144.0,100.0,23344.79,1040.6666666666667,108.03,2739.134,0,0.0,-0.4999999999999997,-0.8660254037844388,0.7818314824680298,0.6234898018587336,138.24500000104308
0.0,29.898666666666667,1052.9333333333334,0.0,1.0,34952.53333333333,53.0,13016.75,1068.0,137.74,2734.238666666666,0,0.0,-0.4999999999999997,-0.8660254037844388,0.7818314824680298,0.6234898018587336,117.64599999785425
0.0,31.197333333333333,975.4,0.0,0.0666666666666666,74274.13333333333,73.33333333333333,17673.760000000002,1070.6666666666667,153.25,2730.277333333333,0,0.0,-0.7071067811865471,-0.7071067811865479,0.7818314824680298,0.6234898018587336,65.11199999973178
146.66666666666666,32.758,829.5333333333333,3.333333333333333,8.066666666666666,222822.4,100.0,18729.52,1048.6666666666667,84.17,2727.6,0,0.0,-0.7071067811865471,-0.7071067811865479,0.7818314824680298,0.6234898018587336,93.20299999788404
766.6666666666666,29.474,935.1333333333332,3.1333333333333333,3.6666666666666665,249036.8,100.0,19403.06,1020.6666666666666,80.4,2730.7946666666667,0,0.0,-0.7071067811865471,-0.7071067811865479,0.7818314824680298,0.6234898018587336,131.28999999910593
293.3333333333333,28.628666666666668,737.5333333333333,1.8,1.6,227191.46666666667,93.66666666666669,22883.08,1022.0,128.93,2736.618,0,0.0,-0.7071067811865471,-0.7071067811865479,0.7818314824680298,0.6234898018587336,141.25300000235438
146.66666666666666,28.986,1135.1333333333334,1.5333333333333334,8.6,266513.06666666665,100.0,20613.26,1031.3333333333333,187.8,2743.274,0,0.0,-0.8660254037844384,-0.5000000000000004,0.7818314824680298,0.6234898018587336,132.3099999986589
440.0,28.872,340.53333333333336,0.4666666666666667,1.3333333333333333,104857.6,63.0,2256.29,1019.3333333333334,73.71000000000001,2747.736,0,0.0,-0.8660254037844384,-0.5000000000000004,0.7818314824680298,0.6234898018587336,119.17500000447036
456.6666666666667,28.279333333333334,651.1333333333333,0.0,0.0,0.0,36.333333333333336,0.0,1020.0,73.65,2744.4100000000003,0,0.0,-0.8660254037844384,-0.5000000000000004,0.7818314824680298,0.6234898018587336,56.07499999925494
16.666666666666668,26.377333333333336,1025.4666666666667,0.0,0.6666666666666666,43690.66666666666,56.66666666666666,48598.31,1042.6666666666667,306.97,2755.006,0,0.0,-0.8660254037844384,-0.5000000000000004,0.7818314824680298,0.6234898018587336,51.69199999794364
0.0,24.395333333333333,744.5333333333333,1.2,1.3333333333333333,196608.0,100.0,42188.23,1066.6666666666667,261.76,2770.9733333333334,0,0.0,-0.9659258262890684,-0.2588190451025206,0.7818314824680298,0.6234898018587336,162.5329999998212
0.0,25.107333333333333,761.2666666666667,0.8,6.533333333333333,152917.33333333334,100.0,41787.69,1035.3333333333333,151.35,2776.974,0,0.0,-0.9659258262890684,-0.2588190451025206,0.7818314824680298,0.6234898018587336,165.30599999800324
30.0,25.962,850.7333333333333,0.5333333333333333,0.6,83012.26666666666,100.0,43668.01,1034.6666666666667,89.68,2767.639333333333,0,0.0,-0.9659258262890684,-0.2588190451025206,0.7818314824680298,0.6234898018587336,150.7960000000894
293.3333333333333,26.36,416.6666666666667,0.0666666666666666,7.666666666666667,43690.66666666666,100.0,41680.95,1018.0,227.29,2765.0773333333336,0,0.0,-0.9659258262890684,-0.2588190451025206,0.7818314824680298,0.6234898018587336,137.63250000029802
293.3333333333333,26.422,536.8666666666667,0.5333333333333333,7.666666666666667,144179.2,100.0,42025.21,1029.3333333333333,140.93,2760.3426666666664,0,0.0,-1.0,-1.8369701987210292e-16,0.7818314824680298,0.6234898018587336,137.62350000068545
56.66666666666666,25.97733333333333,471.9333333333333,0.0,3.2666666666666666,13107.2,100.0,36412.67,1044.0,193.71,2748.3766666666666,0,0.0,-1.0,-1.8369701987210292e-16,0.7818314824680298,0.6234898018587336,120.63399999961256
30.0,24.776,317.6666666666667,0.0,8.8,30583.466666666667,98.66666666666669,48067.34,1018.0,116.19,2771.3740000000003,0,0.0,-1.0,-1.8369701987210292e-16,0.7818314824680298,0.6234898018587336,122.04550000280142
296.6666666666667,24.962,914.0,0.6,0.5333333333333333,43690.66666666666,98.0,26705.58,1022.0,116.45,2768.674666666667,0,0.0,-1.0,-1.8369701987210292e-16,0.7818314824680298,0.6234898018587336,120.70850000157952
0.0,24.523333333333333,1215.0,0.0,0.0,0.0,98.66666666666669,24211.14,1029.3333333333333,348.57,2773.4353333333333,0,0.0,-0.9659258262890684,0.2588190451025203,0.7818314824680298,0.6234898018587336,68.38399999961257
203.3333333333333,25.1,622.2,0.9333333333333332,1.2666666666666666,196608.0,100.0,45953.62,1041.3333333333333,168.51,2766.6313333333333,0,0.0,-0.9659258262890684,0.2588190451025203,0.7818314824680298,0.6234898018587336,94.5409999974072
410.0,25.584,341.26666666666665,0.3333333333333333,2.1333333333333333,48059.73333333333,100.0,43949.65,1025.3333333333333,102.68,2735.952,0,0.0,-0.9659258262890684,0.2588190451025203,0.7818314824680298,0.6234898018587336,132.53200000151992
266.6666666666667,24.358,592.5333333333333,0.3333333333333333,0.8666666666666667,74274.13333333333,100.0,39309.31,1022.6666666666666,232.47,2766.17,0,0.0,-0.9659258262890684,0.2588190451025203,0.7818314824680298,0.6234898018587336,129.8264999985695
296.6666666666667,24.423333333333336,607.9333333333333,0.6,2.4,96119.46666666666,100.0,39437.95,1030.6666666666667,188.28,2740.038,0,0.0,-0.8660254037844386,0.5000000000000001,0.7818314824680298,0.6234898018587336,139.06649999693036
176.66666666666666,23.726,351.6,0.0,2.6,0.0,91.0,43957.39,1083.3333333333333,102.5,2774.8106666666667,0,0.0,-0.8660254037844386,0.5000000000000001,0.7818314824680298,0.6234898018587336,140.21900000050664
296.6666666666667,24.10933333333333,292.53333333333336,0.6,5.066666666666666,74274.13333333333,84.33333333333333,46965.58,1051.3333333333333,210.13,2774.962666666667,0,0.0,-0.8660254037844386,0.5000000000000001,0.7818314824680298,0.6234898018587336,89.02600000053644
293.3333333333333,25.13266666666667,400.8,1.2666666666666666,5.266666666666667,117964.8,97.33333333333331,46529.83,1032.6666666666667,108.44,2769.5466666666666,0,0.0,-0.8660254037844386,0.5000000000000001,0.7818314824680298,0.6234898018587336,138.98700000345707
240.0,25.642666666666667,588.5333333333333,0.0666666666666666,2.2666666666666666,26214.4,98.66666666666669,43117.74,1043.3333333333333,101.0,2762.961333333333,0,0.0,-0.7071067811865477,0.7071067811865474,0.7818314824680298,0.6234898018587336,130.57299999892712
296.6666666666667,25.716666666666665,464.53333333333336,0.6,0.8,78643.2,88.33333333333333,45977.83,1028.6666666666667,224.58,2757.736,0,0.0,-0.7071067811865477,0.7071067811865474,0.7818314824680298,0.6234898018587336,132.1330000013113
413.3333333333333,25.81,588.4,0.8,9.533333333333331,74274.13333333333,98.0,45616.11,1038.0,104.53,2752.7346666666663,0,0.0,-0.7071067811865477,0.7071067811865474,0.7818314824680298,0.6234898018587336,127.15399999916552
0.0,25.858,961.6,1.2666666666666666,5.533333333333333,152917.33333333334,94.66666666666669,31048.53,1030.6666666666667,224.55,2749.7986666666666,0,0.0,-0.7071067811865477,0.7071067811865474,0.7818314824680298,0.6234898018587336,125.30099999904633
110.0,25.476666666666667,1010.8666666666668,2.6,10.333333333333334,170393.6,100.0,25409.86,1039.3333333333333,260.23,2747.776666666666,0,0.0,-0.5000000000000004,0.8660254037844384,0.7818314824680298,0.6234898018587336,155.55200000107288
483.3333333333333,24.532,1293.4,0.8,5.066666666666666,187869.86666666667,100.0,28877.57,1046.0,296.95,2749.9466666666663,0,0.0,-0.5000000000000004,0.8660254037844384,0.7818314824680298,0.6234898018587336,170.08100000023842
0.0,24.216,786.3333333333334,0.8666666666666667,0.8,8738.133333333333,89.0,40375.62,1026.6666666666667,205.63,2760.983333333333,0,0.0,-0.5000000000000004,0.8660254037844384,0.7818314824680298,0.6234898018587336,155.50400000065565
0.0,24.461333333333336,1223.0,0.0,0.0,0.0,55.0,997.5,1020.0,492.15,2774.2046666666665,0,0.0,-0.5000000000000004,0.8660254037844384,0.7818314824680298,0.6234898018587336,71.54699999839067
0.0,24.854,1223.0,0.0,0.0,0.0,61.0,63179.17,1023.3333333333334,205.13,2776.926,0,0.0,-0.2588190451025215,0.965925826289068,0.7818314824680298,0.6234898018587336,44.50299999862909
0.0,25.762666666666668,884.2,0.8,2.6,152917.33333333334,100.0,23829.26,1038.6666666666667,282.13,2771.7966666666666,0,0.0,-0.2588190451025215,0.965925826289068,0.7818314824680298,0.6234898018587336,94.92700000107288
227.3333333333333,26.250666666666667,1317.3333333333333,1.4,4.866666666666666,196608.0,100.0,24590.97,1027.3333333333333,377.36,2766.152,0,0.0,-0.2588190451025215,0.965925826289068,0.7818314824680298,0.6234898018587336,170.19500000029802
293.3333333333333,26.606,1344.8,1.4,15.0,200977.06666666668,100.0,24292.66,1026.6666666666667,216.55,2762.516666666667,0,0.0,-0.2588190451025215,0.965925826289068,0.7818314824680298,0.6234898018587336,187.45499999821183
360.0,29.074,1250.4666666666667,0.8666666666666667,14.266666666666667,192238.9333333333,100.0,24049.31,1046.6666666666667,417.46,2757.5026666666668,0,0.0,0.0,1.0,0.9749279121818236,-0.2225209339563143,161.617000002414
66.66666666666667,30.68133333333333,1168.7333333333331,1.933333333333333,8.533333333333333,192238.9333333333,100.0,28494.31,1039.3333333333333,264.21,2751.9073333333336,0,0.0,0.0,1.0,0.9749279121818236,-0.2225209339563143,172.21299999952316
54.0,31.40533333333333,655.8,0.7333333333333333,2.6,65536.0,100.0,34891.2,1048.0,120.83,2748.425333333333,0,0.0,0.0,1.0,0.9749279121818236,-0.2225209339563143,169.0789999999106
173.33333333333334,31.563333333333333,1056.4666666666667,0.9333333333333332,2.4,235929.6,96.66666666666669,23121.45,1031.3333333333333,292.01,2740.177333333333,0,0.0,0.0,1.0,0.9749279121818236,-0.2225209339563143,133.42199999839067
293.3333333333333,31.54866666666667,1067.1333333333334,1.1333333333333333,7.733333333333333,187869.86666666667,100.0,29633.94,1060.6666666666667,403.1,2735.1286666666665,0,0.0,0.2588190451025207,0.9659258262890684,0.9749279121818236,-0.2225209339563143,167.1389999985695
338.0,31.65333333333333,1038.8666666666666,1.0,10.2,196608.0,100.0,28849.32,1066.6666666666667,266.04,2732.1953333333336,0,0.0,0.2588190451025207,0.9659258262890684,0.9749279121818236,-0.2225209339563143,177.93550000339746
146.66666666666666,31.146,1198.0666666666666,0.8666666666666667,3.333333333333333,200977.06666666668,100.0,20184.13,1042.6666666666667,393.02,2739.425333333333,0,0.0,0.2588190451025207,0.9659258262890684,0.9749279121818236,-0.2225209339563143,149.9730000011623
347.3333333333333,31.09933333333333,1319.7333333333331,1.0,5.866666666666666,205346.13333333333,100.0,36896.35,1037.3333333333333,186.69,2747.85,0,0.0,0.2588190451025207,0.9659258262890684,0.9749279121818236,-0.2225209339563143,177.04749999940395
0.0,31.423333333333336,335.46666666666664,0.0,0.7333333333333333,56797.86666666667,99.0,46784.61,1021.3333333333334,129.43,2757.816,0,0.0,0.4999999999999999,0.8660254037844387,0.9749279121818236,-0.2225209339563143,166.5920000001788
230.0,31.604,1196.8666666666666,0.9333333333333332,11.066666666666666,231560.53333333333,98.66666666666669,19110.66,1061.3333333333333,327.1,2758.302666666667,0,0.0,0.4999999999999999,0.8660254037844387,0.9749279121818236,-0.2225209339563143,116.18800000101328
474.0,31.15,1240.1333333333334,1.8,4.8,161655.46666666667,100.0,22719.93,1041.3333333333333,329.74,2768.4966666666664,0,0.0,0.4999999999999999,0.8660254037844387,0.9749279121818236,-0.2225209339563143,176.79599999636412
393.3333333333333,31.998,1262.6666666666667,1.7333333333333334,9.2,218453.3333333333,100.0,23254.57,1061.3333333333333,394.87,2770.2293333333337,0,0.0,0.4999999999999999,0.8660254037844387,0.9749279121818236,-0.2225209339563143,191.664999999106
54.0,32.686,1270.1333333333334,1.0,1.3333333333333333,30583.466666666667,99.33333333333331,9989.1,1080.0,460.65,2763.128,0,0.0,0.7071067811865475,0.7071067811865476,0.9749279121818236,-0.2225209339563143,155.7880000025034
56.66666666666666,32.14066666666667,961.2,0.0,0.6,0.0,90.0,34806.44,1044.6666666666667,251.22,2760.774,0,0.0,0.7071067811865475,0.7071067811865476,0.9749279121818236,-0.2225209339563143,61.23699999973178
374.0,31.578666666666667,1160.2,1.0666666666666669,5.6,205346.13333333333,98.0,30408.59,1040.6666666666667,362.03,2753.54,0,0.0,0.7071067811865475,0.7071067811865476,0.9749279121818236,-0.2225209339563143,147.3559999987483
244.0,31.454666666666665,403.8666666666667,1.4666666666666666,2.2666666666666666,52428.8,100.0,37526.19,1036.6666666666667,222.02,2750.313333333333,0,0.0,0.7071067811865475,0.7071067811865476,0.9749279121818236,-0.2225209339563143,167.35000000149012
54.0,31.293333333333333,1180.0666666666666,1.7333333333333334,3.733333333333333,218453.3333333333,100.0,31315.72,1043.3333333333333,179.4,2741.168,0,0.0,0.8660254037844386,0.5000000000000001,0.9749279121818236,-0.2225209339563143,155.98999999836087
43.333333333333336,30.94533333333333,388.6,0.0,3.6666666666666665,52428.8,100.0,26533.75,1032.0,193.39,2738.0733333333333,0,0.0,0.8660254037844386,0.5000000000000001,0.9749279121818236,-0.2225209339563143,147.7310000024736
80.66666666666667,30.836,1258.1333333333334,1.7333333333333334,4.133333333333334,179131.73333333334,100.0,22043.19,1066.6666666666667,259.09000000000003,2734.688,0,0.0,0.8660254037844386,0.5000000000000001,0.9749279121818236,-0.2225209339563143,131.01799999922514
110.66666666666669,30.466666666666665,865.1333333333333,1.3333333333333333,2.1333333333333333,161655.46666666667,100.0,37255.57,1048.6666666666667,169.94,2741.152,0,0.0,0.8660254037844386,0.5000000000000001,0.9749279121818236,-0.2225209339563143,177.88399999961257
23.33333333333333,30.639333333333333,1237.4,0.6666666666666666,9.2,183500.8,100.0,24500.3,1062.0,332.97,2747.2686666666664,0,0.0,0.9659258262890684,0.2588190451025207,0.9749279121818236,-0.2225209339563143,152.4890000000596
254.0,31.02533333333333,1042.6666666666667,2.466666666666667,4.533333333333333,157286.4,100.0,39454.95,1032.0,259.85,2755.8866666666668,0,0.0,0.9659258262890684,0.2588190451025207,0.9749279121818236,-0.2225209339563143,168.4919999986887
586.6666666666666,30.932,901.2666666666668,1.7333333333333334,12.2,135441.06666666668,100.0,27151.68,1056.0,382.41,2759.052,0,0.0,0.9659258262890684,0.2588190451025207,0.9749279121818236,-0.2225209339563143,141.48200000077486
74.0,31.375333333333334,1289.3333333333333,1.1333333333333333,4.333333333333333,227191.46666666667,100.0,24963.05,1036.0,227.87,2767.458666666667,0,1.0,0.9659258262890684,0.2588190451025207,0.9749279121818236,-0.2225209339563143,170.86500000208616
336.6666666666667,31.89333333333333,1260.7333333333331,2.0,3.6,196608.0,100.0,21947.59,1071.3333333333333,351.98,2768.032,1,1.0,1.0,6.123233995736766e-17,0.9749279121818236,-0.2225209339563143,179.3070000000298
0.0,32.51866666666667,1146.6,1.2,2.066666666666667,135441.06666666668,100.0,39642.84,1030.6666666666667,144.09,2762.088666666667,1,1.0,1.0,6.123233995736766e-17,0.9749279121818236,-0.2225209339563143,172.46399999782443
336.6666666666667,32.71666666666667,708.4666666666667,0.0666666666666666,4.666666666666667,78643.2,81.0,16979.84,1019.3333333333334,103.16,2754.4413333333337,1,1.0,1.0,6.123233995736766e-17,0.9749279121818236,-0.2225209339563143,140.4350000023842
146.66666666666666,32.82266666666666,1.0,0.0,0.0,0.0,5.0,0.0,1000.0,91.95,2758.3740000000003,1,1.0,1.0,6.123233995736766e-17,0.9749279121818236,-0.2225209339563143,90.22099999710916
176.66666666666666,31.342666666666663,1.0,0.0,0.0,0.0,5.0,0.0,1000.0,91.95,2762.8506666666667,1,1.0,0.9659258262890684,-0.2588190451025206,0.9749279121818236,-0.2225209339563143,51.73300000280142
493.3333333333333,30.07,1.0,0.0,0.0,0.0,5.0,0.0,1000.0,91.95,2770.6113333333333,1,1.0,0.9659258262890684,-0.2588190451025206,0.9749279121818236,-0.2225209339563143,52.40599999949336
0.0,29.212666666666667,1.0,0.0,0.5333333333333333,0.0,5.0,0.0,1000.0,91.95,2774.392,1,1.0,0.9659258262890684,-0.2588190451025206,0.9749279121818236,-0.2225209339563143,52.372999999672174
0.0,28.542,1.0,0.0,0.0,0.0,5.0,0.0,1000.0,91.95,2775.402,1,1.0,0.9659258262890684,-0.2588190451025206,0.9749279121818236,-0.2225209339563143,50.46800000220537
0.0,27.990666666666662,1.0,0.0,0.0,0.0,5.0,0.0,1000.0,91.95,2776.089333333333,1,1.0,0.8660254037844387,-0.4999999999999998,0.9749279121818236,-0.2225209339563143,49.65899999439716
0.0,27.458666666666662,1.0,0.0,0.0,0.0,5.0,0.0,1000.0,91.95,2776.4286666666667,1,1.0,0.8660254037844387,-0.4999999999999998,0.9749279121818236,-0.2225209339563143,48.7200000025332
0.0,27.05133333333333,244.0,0.0,0.2666666666666666,0.0,5.0,0.0,1000.0,91.95,2776.942,1,1.0,0.8660254037844387,-0.4999999999999998,0.9749279121818236,-0.2225209339563143,48.5109999999404
0.0,26.78,730.0,0.0,0.0,0.0,5.0,0.0,1000.0,91.95,2777.1853333333333,1,1.0,0.8660254037844387,-0.4999999999999998,0.9749279121818236,-0.2225209339563143,44.49600000306964
0.0,26.46333333333333,730.0,0.0,0.0,0.0,4.666666666666667,0.0,1000.0,91.95,2777.1600000000003,1,1.0,0.7071067811865476,-0.7071067811865475,0.9749279121818236,-0.2225209339563143,40.36299999803305
0.0,26.22,730.0,0.0,0.0,0.0,5.0,0.0,1000.0,91.95,2777.326,1,1.0,0.7071067811865476,-0.7071067811865475,0.9749279121818236,-0.2225209339563143,40.28999999910593
0.0,25.912666666666667,730.0,0.0,0.0,0.0,5.0,0.0,1000.0,91.95,2777.476666666667,1,1.0,0.7071067811865476,-0.7071067811865475,0.9749279121818236,-0.2225209339563143,40.51799999922514
0.0,25.52466666666667,730.0,0.0,0.0,0.0,23.0,0.0,1000.0,91.95,2777.754,1,1.0,0.7071067811865476,-0.7071067811865475,0.9749279121818236,-0.2225209339563143,38.76600000262261
0.0,25.37933333333333,730.0,0.0,0.0,0.0,50.0,0.0,1000.0,91.95,2777.997333333333,1,1.0,0.4999999999999999,-0.8660254037844387,0.9749279121818236,-0.2225209339563143,18.71799999848008
0.0,25.408,730.0,0.0,0.0,0.0,50.0,0.0,1000.0,91.95,2777.8106666666667,1,1.0,0.4999999999999999,-0.8660254037844387,0.9749279121818236,-0.2225209339563143,20.69700000062585
0.0,25.16866666666667,730.0,0.0,0.0,0.0,50.0,0.0,1000.0,91.95,2777.8233333333333,1,1.0,0.4999999999999999,-0.8660254037844387,0.9749279121818236,-0.2225209339563143,21.92449999973178
0.0,24.918,730.0,0.0,0.0,0.0,50.0,0.0,1000.0,91.95,2778.0173333333337,1,1.0,0.4999999999999999,-0.8660254037844387,0.9749279121818236,-0.2225209339563143,23.52749999985099
0.0,24.938,730.0,0.0,0.0,0.0,50.0,0.0,1000.0,91.95,2777.9846666666663,1,1.0,0.258819045102521,-0.9659258262890682,0.9749279121818236,-0.2225209339563143,21.256999999284744
0.0,24.856666666666666,730.0,0.0,0.0,0.0,50.0,0.0,1000.0,91.95,2777.896,1,1.0,0.258819045102521,-0.9659258262890682,0.9749279121818236,-0.2225209339563143,21.04100000113249
0.0,24.83533333333333,730.0,0.0,0.0,0.0,50.0,0.0,1000.0,91.95,2777.7746666666667,1,1.0,0.258819045102521,-0.9659258262890682,0.9749279121818236,-0.2225209339563143,20.114000000059605
0.0,24.742,730.0,0.0,0.0,0.0,50.0,0.0,1000.0,91.95,2777.1786666666667,1,1.0,0.258819045102521,-0.9659258262890682,0.9749279121818236,-0.2225209339563143,18.05799999833107
0.0,24.702,730.0,0.0,0.0,0.0,50.0,0.0,1000.0,91.95,2777.692,1,1.0,1.2246467991473532e-16,-1.0,0.9749279121818236,-0.2225209339563143,21.33700000122189
0.0,24.63733333333333,730.0,0.0,0.0,0.0,50.0,0.0,1000.0,91.95,2777.298666666667,1,1.0,1.2246467991473532e-16,-1.0,0.9749279121818236,-0.2225209339563143,16.557000000029802
0.0,24.564,730.0,0.0,0.0,0.0,50.0,0.0,1000.0,91.95,2777.4333333333334,1,1.0,1.2246467991473532e-16,-1.0,0.9749279121818236,-0.2225209339563143,13.37999999895692
0.0,24.534,730.0,0.0,0.0,0.0,50.0,0.0,1000.0,91.95,2777.714,1,1.0,1.2246467991473532e-16,-1.0,0.9749279121818236,-0.2225209339563143,27.79399999976158
0.0,24.476,730.0,0.0,0.0,0.0,47.0,0.0,1000.0,91.95,2776.737333333333,1,1.0,-0.2588190451025208,-0.9659258262890684,0.9749279121818236,-0.2225209339563143,28.78599999845028
0.0,24.600666666666665,730.0,0.0,0.0,0.0,5.0,0.0,1000.0,91.95,2776.872666666666,1,1.0,-0.2588190451025208,-0.9659258262890684,0.9749279121818236,-0.2225209339563143,32.190000001341105
0.0,24.794,730.0,0.0,0.0,0.0,5.0,0.0,1000.0,91.95,2777.000666666667,1,1.0,-0.2588190451025208,-0.9659258262890684,0.9749279121818236,-0.2225209339563143,28.414000000804663
0.0,24.81533333333333,730.0,0.0,0.0,0.0,56.0,0.0,1000.0,91.95,2776.500666666667,1,1.0,-0.2588190451025208,-0.9659258262890684,0.9749279121818236,-0.2225209339563143,23.85300000011921
0.0,24.718,730.0,0.0,0.0,0.0,100.0,0.0,1000.0,91.95,2767.152,1,1.0,-0.4999999999999997,-0.8660254037844388,0.9749279121818236,-0.2225209339563143,27.969999998807907
0.0,24.688666666666663,730.0,0.0,0.0,0.0,100.0,0.0,1000.0,91.95,2777.839333333333,1,1.0,-0.4999999999999997,-0.8660254037844388,0.9749279121818236,-0.2225209339563143,44.49500000104308
0.0,24.65666666666667,730.0,0.0,0.0,0.0,100.0,0.0,1000.0,91.95,2779.3946666666666,1,1.0,-0.4999999999999997,-0.8660254037844388,0.9749279121818236,-0.2225209339563143,48.547000002115965
0.0,25.154666666666667,730.0,0.0,0.0,0.0,100.0,0.0,1000.0,91.95,2777.8720000000003,1,0.0,-0.4999999999999997,-0.8660254037844388,0.9749279121818236,-0.2225209339563143,53.29999999701977
0.0,25.776,730.0,0.0,0.0,0.0,100.0,0.0,1000.0,91.95,2733.362666666667,0,0.0,-0.7071067811865471,-0.7071067811865479,0.9749279121818236,-0.2225209339563143,43.89799999818206
0.0,26.16933333333333,730.0,0.0,0.0,0.0,100.0,0.0,1000.0,91.95,2724.238666666666,0,0.0,-0.7071067811865471,-0.7071067811865479,0.9749279121818236,-0.2225209339563143,46.94300000369549
0.0,25.290000000000003,1040.5333333333333,0.5333333333333333,0.0,0.0,100.0,50935.27,1020.6666666666666,91.56,2733.3686666666667,0,0.0,-0.7071067811865471,-0.7071067811865479,0.9749279121818236,-0.2225209339563143,45.03899999707937
0.0,24.0,821.3333333333334,0.8666666666666667,5.333333333333333,205346.13333333333,100.0,71547.05,1032.0,229.36,2742.924,0,0.0,-0.7071067811865471,-0.7071067811865479,0.9749279121818236,-0.2225209339563143,70.31399999931455
0.0,23.100666666666665,334.7333333333333,1.8,4.4,17476.266666666666,99.33333333333331,58985.35,1034.0,126.17,2758.9446666666668,0,0.0,-0.8660254037844384,-0.5000000000000004,0.9749279121818236,-0.2225209339563143,114.527000002563
0.0,22.729333333333333,748.3333333333334,1.933333333333333,0.8,117964.8,100.0,37939.39,1030.0,162.73,2775.2206666666666,0,0.0,-0.8660254037844384,-0.5000000000000004,0.9749279121818236,-0.2225209339563143,123.78599999845028
0.0,23.77533333333333,654.9333333333333,1.0,4.333333333333333,74274.13333333333,100.0,33613.65,1030.0,359.12,2737.8846666666664,0,0.0,-0.8660254037844384,-0.5000000000000004,0.9749279121818236,-0.2225209339563143,136.58500000089407
284.0,24.48133333333333,790.9333333333333,0.6666666666666666,1.6666666666666667,91750.4,100.0,34836.38,1031.3333333333333,218.51,2767.8553333333334,0,0.0,-0.8660254037844384,-0.5000000000000004,0.9749279121818236,-0.2225209339563143,141.12599999830127
90.66666666666669,24.555333333333333,648.8,1.0,5.8,122333.86666666668,100.0,48284.81,1068.6666666666667,220.6,2763.78,0,0.0,-0.9659258262890684,-0.2588190451025206,0.9749279121818236,-0.2225209339563143,123.09000000357628
146.66666666666666,24.756666666666668,477.06666666666666,1.2,1.3333333333333333,131072.0,100.0,34844.880000000005,1035.3333333333333,178.69,2758.6446666666666,0,0.0,-0.9659258262890684,-0.2588190451025206,0.9749279121818236,-0.2225209339563143,148.53599999845028
23.33333333333333,25.136000000000003,924.7333333333332,1.6,3.1333333333333333,87381.33333333333,100.0,38530.56,1048.6666666666667,215.63,2754.2746666666667,0,0.0,-0.9659258262890684,-0.2588190451025206,0.9749279121818236,-0.2225209339563143,151.76400000229478
234.66666666666663,25.488666666666667,844.7333333333333,0.2,4.333333333333333,87381.33333333333,100.0,43622.62,1051.3333333333333,212.92,2749.7033333333334,0,0.0,-0.9659258262890684,-0.2588190451025206,0.9749279121818236,-0.2225209339563143,152.10699999704957
0.0,25.72,623.4,0.6,0.7333333333333333,109226.66666666669,100.0,29610.14,1057.3333333333333,293.15,2744.064,0,0.0,-1.0,-1.8369701987210292e-16,0.9749279121818236,-0.2225209339563143,103.50400000065564
334.6666666666667,25.814,1368.2,1.6,8.4,231560.53333333333,100.0,20433.39,1040.6666666666667,294.77,2737.235333333333,0,0.0,-1.0,-1.8369701987210292e-16,0.9749279121818236,-0.2225209339563143,175.25900000333786
314.0,26.88,1211.1333333333334,2.066666666666667,5.266666666666667,131072.0,100.0,24506.35,1068.6666666666667,274.64,2732.2526666666668,0,0.0,-1.0,-1.8369701987210292e-16,0.9749279121818236,-0.2225209339563143,174.7799999974668
0.0,29.762,1287.5333333333333,0.3333333333333333,2.8,87381.33333333333,100.0,33031.2,1022.0,97.18,2738.8426666666664,0,0.0,-1.0,-1.8369701987210292e-16,0.9749279121818236,-0.2225209339563143,182.05900000035763
0.0,30.344,1244.0,0.0,0.0,0.0,100.0,21319.71,1021.3333333333334,234.69,2748.2533333333336,0,0.0,-0.9659258262890684,0.2588190451025203,0.9749279121818236,-0.2225209339563143,80.12900000065565
98.0,27.706,845.0666666666667,1.5333333333333334,3.733333333333333,161655.46666666667,100.0,23946.72,1038.6666666666667,322.68,2756.244,0,0.0,-0.9659258262890684,0.2588190451025203,0.9749279121818236,-0.2225209339563143,92.6629999987781
41.333333333333336,26.15533333333333,1066.2666666666669,1.1333333333333333,16.8,117964.8,100.0,41712.39,1056.6666666666667,248.28,2766.874666666667,0,0.0,-0.9659258262890684,0.2588190451025203,0.9749279121818236,-0.2225209339563143,182.2659999988973
211.3333333333333,25.58333333333333,870.3333333333334,0.9333333333333332,6.333333333333333,179131.73333333334,100.0,33080.15,1058.6666666666667,252.03,2775.5206666666663,0,0.0,-0.9659258262890684,0.2588190451025203,0.9749279121818236,-0.2225209339563143,136.64900000020862
146.66666666666666,28.974,881.0,1.7333333333333334,4.133333333333334,117964.8,100.0,37402.32,1044.6666666666667,218.8,2770.058,0,0.0,-0.8660254037844386,0.5000000000000001,0.9749279121818236,-0.2225209339563143,155.98000000044703
43.333333333333336,30.318,772.2,0.2,1.2666666666666666,148548.26666666666,100.0,21342.99,1034.6666666666667,257.64,2767.0673333333334,0,0.0,-0.8660254037844386,0.5000000000000001,0.9749279121818236,-0.2225209339563143,154.05499999970198
178.66666666666666,30.839333333333336,1338.5333333333333,2.1333333333333333,22.133333333333333,196608.0,100.0,21704.82,1033.3333333333333,348.33,2764.302,0,0.0,-0.8660254037844386,0.5000000000000001,0.9749279121818236,-0.2225209339563143,175.82999999821186
41.333333333333336,31.896,893.1333333333333,1.2666666666666666,8.666666666666666,83012.26666666666,100.0,46167.48,1040.6666666666667,174.04999999999998,2755.9933333333333,0,0.0,-0.8660254037844386,0.5000000000000001,0.9749279121818236,-0.2225209339563143,183.2019999995828
41.333333333333336,31.857333333333333,510.1333333333333,1.0,6.533333333333333,135441.06666666668,100.0,25634.97,1045.3333333333333,361.77,2753.7253333333333,0,0.0,-0.7071067811865477,0.7071067811865474,0.9749279121818236,-0.2225209339563143,111.51700000092389
370.0,31.81933333333333,1235.1333333333334,1.2,5.0,161655.46666666667,100.0,31680.48,1042.0,189.25,2745.603333333333,0,0.0,-0.7071067811865477,0.7071067811865474,0.9749279121818236,-0.2225209339563143,171.15599999949336
74.0,32.07933333333333,755.7333333333333,0.7333333333333333,2.7333333333333334,222822.4,100.0,31031.51,1025.3333333333333,252.06,2742.202,0,0.0,-0.7071067811865477,0.7071067811865474,0.9749279121818236,-0.2225209339563143,149.00600000098348
122.0,32.47533333333333,1203.5333333333333,2.0,10.933333333333334,227191.46666666667,100.0,26200.07,1067.3333333333333,340.57,2735.314,0,0.0,-0.7071067811865477,0.7071067811865474,0.9749279121818236,-0.2225209339563143,172.66450000181794
110.66666666666669,32.666666666666664,1000.8,0.8666666666666667,6.466666666666667,174762.66666666666,100.0,26852.43,1051.3333333333333,266.55,2731.1726666666664,0,0.0,-0.5000000000000004,0.8660254037844384,0.9749279121818236,-0.2225209339563143,157.08049999922514
26.666666666666668,32.54333333333333,1097.9333333333334,1.0666666666666669,5.2,87381.33333333333,100.0,26750.16,1026.6666666666667,356.35,2734.458,0,0.0,-0.5000000000000004,0.8660254037844384,0.9749279121818236,-0.2225209339563143,178.18300000205636
313.3333333333333,32.496,686.9333333333333,0.8,3.466666666666667,48059.73333333333,100.0,39970.18,1012.0,202.44,2742.1940000000004,0,0.0,-0.5000000000000004,0.8660254037844384,0.9749279121818236,-0.2225209339563143,159.2149999961257
0.0,31.752666666666663,1215.0,0.0,0.0,0.0,100.0,997.25,1010.0,521.4,2745.246,0,0.0,-0.5000000000000004,0.8660254037844384,0.9749279121818236,-0.2225209339563143,80.88199999928474
0.0,29.80333333333333,1215.0,0.0,0.0,0.0,100.0,23244.13,1025.3333333333333,450.1,2749.4866666666667,0,0.0,-0.2588190451025215,0.965925826289068,0.9749279121818236,-0.2225209339563143,49.55200000107288
613.3333333333334,27.396666666666665,679.4,0.8666666666666667,2.933333333333333,166024.53333333333,100.0,33940.8,1038.6666666666667,257.28000000000003,2753.023333333333,0,0.0,-0.2588190451025215,0.965925826289068,0.9749279121818236,-0.2225209339563143,107.3559999987483
74.0,25.807333333333336,895.6666666666666,0.5333333333333333,12.933333333333334,148548.26666666666,100.0,30586.22,1058.0,322.44,2758.8233333333333,0,0.0,-0.2588190451025215,0.965925826289068,0.9749279121818236,-0.2225209339563143,173.57700000330806
346.6666666666667,25.090666666666667,1273.4666666666667,1.7333333333333334,16.066666666666666,196608.0,100.0,25778.04,1043.3333333333333,309.08,2763.0693333333334,0,0.0,-0.2588190451025215,0.965925826289068,0.9749279121818236,-0.2225209339563143,167.0869999974966
188.0,27.430666666666664,1389.9333333333334,1.7333333333333334,3.0,227191.46666666667,100.0,20730.06,1016.6666666666666,324.44,2769.848,0,0.0,0.0,1.0,0.4338837391175582,-0.900968867902419,166.22700000181794
188.0,31.290666666666667,1370.9333333333334,1.4666666666666666,9.066666666666666,183500.8,100.0,25290.4,1019.3333333333334,279.24,2767.934,0,0.0,0.0,1.0,0.4338837391175582,-0.900968867902419,190.56199999898672
301.3333333333333,32.21,535.8666666666667,0.2666666666666666,4.733333333333333,113595.73333333334,100.0,42455.3,1038.6666666666667,215.98,2764.718666666666,0,0.0,0.0,1.0,0.4338837391175582,-0.900968867902419,167.6810000017285
200.66666666666663,32.29533333333333,1049.0666666666666,1.4666666666666666,8.933333333333334,161655.46666666667,100.0,23710.17,1040.6666666666667,286.49,2756.726,0,0.0,0.0,1.0,0.4338837391175582,-0.900968867902419,132.2960000000894
230.0,32.522666666666666,1250.0,1.8666666666666667,5.066666666666666,166024.53333333333,100.0,28070.75,1054.6666666666667,252.83,2752.050666666667,0,0.0,0.2588190451025207,0.9659258262890684,0.4338837391175582,-0.900968867902419,182.0140000022948
134.0,32.98266666666667,1009.5333333333332,1.2666666666666666,6.466666666666667,135441.06666666668,100.0,28586.94,1054.6666666666667,354.03000000000003,2744.9713333333334,0,0.0,0.2588190451025207,0.9659258262890684,0.4338837391175582,-0.900968867902419,163.50499999523163
267.3333333333333,33.182,1048.8666666666666,1.6,14.066666666666666,174762.66666666666,100.0,29263.57,1050.0,324.13,2740.554,0,0.0,0.2588190451025207,0.9659258262890684,0.4338837391175582,-0.900968867902419,173.28200000151992
129.33333333333334,33.304,1040.1333333333334,1.2666666666666666,8.733333333333333,222822.4,100.0,33673.84,1043.3333333333333,240.03,2733.4793333333337,0,0.0,0.2588190451025207,0.9659258262890684,0.4338837391175582,-0.900968867902419,165.30250000208616
56.66666666666666,32.830666666666666,489.8,0.0,2.6,65536.0,100.0,47456.67,1061.3333333333333,124.71,2746.998666666667,0,0.0,0.4999999999999999,0.8660254037844387,0.4338837391175582,-0.900968867902419,180.36249999701977
355.3333333333333,32.55866666666667,1020.7333333333332,1.2,11.933333333333334,240298.66666666663,100.0,22590.81,1031.3333333333333,345.67,2752.756,0,0.0,0.4999999999999999,0.8660254037844387,0.4338837391175582,-0.900968867902419,110.9130000025034
122.0,32.24333333333333,1341.2666666666669,1.4666666666666666,15.066666666666666,222822.4,100.0,18232.98,1058.6666666666667,364.3,2758.9680000000003,0,0.0,0.4999999999999999,0.8660254037844387,0.4338837391175582,-0.900968867902419,194.02499999850988
612.0,32.982,1249.4666666666667,1.4666666666666666,7.133333333333334,170393.6,100.0,29181.28,1060.0,233.53,2756.0326666666665,0,0.0,0.4999999999999999,0.8660254037844387,0.4338837391175582,-0.900968867902419,185.5080000013113
41.333333333333336,33.366,1188.8,0.0,1.0666666666666669,0.0,100.0,9967.6,1030.0,442.05,2759.9146666666666,0,0.0,0.7071067811865475,0.7071067811865476,0.4338837391175582,-0.900968867902419,170.68899999931455
0.0,31.956000000000003,1215.2,0.0,0.0,34952.53333333333,100.0,42795.43,1049.3333333333333,361.8,2773.389333333333,0,0.0,0.7071067811865475,0.7071067811865476,0.4338837391175582,-0.900968867902419,98.77050000056624
176.0,31.464666666666663,1262.9333333333334,1.7333333333333334,5.133333333333334,240298.66666666663,100.0,19884.78,1052.6666666666667,305.05,2768.807333333333,0,0.0,0.7071067811865475,0.7071067811865476,0.4338837391175582,-0.900968867902419,102.25349999964236
304.0,31.042666666666666,869.4666666666667,1.2,4.133333333333334,135441.06666666668,100.0,38757.87,1016.0,264.12,2769.713333333333,0,0.0,0.7071067811865475,0.7071067811865476,0.4338837391175582,-0.900968867902419,185.9999999962747
402.6666666666667,30.61733333333333,1072.9333333333334,1.0,12.6,235929.6,100.0,22686.95,1042.6666666666667,302.1,2770.250666666667,0,0.0,0.8660254037844386,0.5000000000000001,0.4338837391175582,-0.900968867902419,150.1030000038445
254.0,31.712666666666667,1187.5333333333333,0.8,18.933333333333334,196608.0,100.0,29428.71,1030.0,356.54,2763.3033333333337,0,0.0,0.8660254037844386,0.5000000000000001,0.4338837391175582,-0.900968867902419,167.14900000020862
0.0,32.038666666666664,1082.6,1.2666666666666666,4.8,187869.86666666667,100.0,23580.55,1047.3333333333333,254.93,2759.839333333333,0,0.0,0.8660254037844386,0.5000000000000001,0.4338837391175582,-0.900968867902419,174.53599999845028
522.6666666666666,32.41266666666667,1171.9333333333334,2.4,15.6,157286.4,100.0,22050.05,1048.0,261.49,2754.21,0,0.0,0.8660254037844386,0.5000000000000001,0.4338837391175582,-0.900968867902419,163.41100000217557
438.0,33.12866666666667,1243.4,1.6,9.933333333333334,161655.46666666667,100.0,41713.68,1032.0,178.26,2739.892666666666,0,0.0,0.9659258262890684,0.2588190451025207,0.4338837391175582,-0.900968867902419,193.554999999702
220.66666666666663,33.028,257.0,0.3333333333333333,2.0,78643.2,100.0,45161.89,1052.6666666666667,153.37,2747.1833333333334,0,0.0,0.9659258262890684,0.2588190451025207,0.4338837391175582,-0.900968867902419,154.13399999961257
0.0,32.918,1395.6666666666667,1.4,6.8,148548.26666666666,98.0,23620.52,1026.6666666666667,311.87,2739.3720000000003,0,0.0,0.9659258262890684,0.2588190451025207,0.4338837391175582,-0.900968867902419,122.72199999913572
640.0,32.324,1115.4666666666667,1.7333333333333334,18.466666666666665,187869.86666666667,100.0,22569.57,1037.3333333333333,296.89,2732.4333333333334,0,0.0,0.9659258262890684,0.2588190451025207,0.4338837391175582,-0.900968867902419,166.13399999961257
334.6666666666667,32.354,1210.6,1.7333333333333334,6.733333333333333,200977.06666666668,100.0,25769.78,1012.6666666666666,339.9,2730.156,0,0.0,1.0,6.123233995736766e-17,0.4338837391175582,-0.900968867902419,185.93400000035763
347.3333333333333,32.266666666666666,180.53333333333333,0.3333333333333333,1.4,0.0,100.0,0.0,1000.0,100.2,2723.5353333333333,0,0.0,1.0,6.123233995736766e-17,0.4338837391175582,-0.900968867902419,140.8480000011623
254.66666666666663,32.022666666666666,1139.7333333333331,0.0,0.3333333333333333,0.0,100.0,0.0,1000.0,100.2,2702.794,0,0.0,1.0,6.123233995736766e-17,0.4338837391175582,-0.900968867902419,58.63699999824166
0.0,31.032,1221.0,0.0,0.0,0.0,99.33333333333331,0.0,1000.0,100.2,2705.177333333333,0,0.0,1.0,6.123233995736766e-17,0.4338837391175582,-0.900968867902419,49.4130000025034
0.0,30.127333333333336,1221.0,0.0,0.0,0.0,70.0,49286.4,1014.0,194.97,2707.386,0,0.0,0.9659258262890684,-0.2588190451025206,0.4338837391175582,-0.900968867902419,58.82000000029802
0.0,26.564,526.8,0.0666666666666666,2.333333333333333,30583.466666666667,100.0,62436.26,1040.6666666666667,151.96,2717.871333333333,0,0.0,0.9659258262890684,-0.2588190451025206,0.4338837391175582,-0.900968867902419,85.57399999722838
293.3333333333333,23.311333333333334,1115.4666666666667,1.0,12.733333333333333,152917.33333333334,100.0,30842.4,1025.3333333333333,319.54,2728.036,0,0.0,0.9659258262890684,-0.2588190451025206,0.4338837391175582,-0.900968867902419,159.4670000001788
188.0,23.290666666666667,1302.5333333333333,1.933333333333333,5.0,161655.46666666667,100.0,29541.79,1052.6666666666667,253.57,2716.3013333333333,0,0.0,0.9659258262890684,-0.2588190451025206,0.4338837391175582,-0.900968867902419,167.75600000098348
224.0,29.57733333333333,1135.0,0.6,7.4,117964.8,100.0,40016.77,1056.0,161.66,2751.039333333333,0,0.0,0.8660254037844387,-0.4999999999999998,0.4338837391175582,-0.900968867902419,181.882999997586
30.0,27.608666666666668,896.6666666666666,0.2,1.8,117964.8,100.0,30275.4,1044.0,273.43,2758.472,0,0.0,0.8660254037844387,-0.4999999999999998,0.4338837391175582,-0.900968867902419,147.99000000208616
56.66666666666666,29.203333333333333,1015.5333333333332,1.5333333333333334,7.2,104857.6,100.0,54150.54,1036.0,159.19,2769.2319999999995,0,0.0,0.8660254037844387,-0.4999999999999998,0.4338837391175582,-0.900968867902419,163.0289999991655
188.0,30.328666666666667,887.2,0.0,3.4,231560.53333333333,100.0,29005.56,1035.3333333333333,206.37,2766.8593333333333,0,0.0,0.8660254037844387,-0.4999999999999998,0.4338837391175582,-0.900968867902419,140.25899999961257
126.66666666666669,30.954666666666665,1118.0,1.7333333333333334,13.6,262144.0,100.0,41320.4,1042.0,354.95,2763.59,0,0.0,0.7071067811865476,-0.7071067811865475,0.4338837391175582,-0.900968867902419,192.64900000020864
26.666666666666668,31.506666666666668,647.1333333333333,1.5333333333333334,1.4666666666666666,144179.2,100.0,52847.13,1034.0,136.57,2760.2653333333333,0,0.0,0.7071067811865476,-0.7071067811865475,0.4338837391175582,-0.900968867902419,161.67000000178814
56.66666666666666,31.921333333333333,738.1333333333333,2.4,3.866666666666666,279620.26666666666,100.0,42520.84,1031.3333333333333,178.14,2753.6,0,0.0,0.7071067811865476,-0.7071067811865475,0.4338837391175582,-0.900968867902419,140.8099999986589
312.6666666666667,31.75333333333333,1075.2,2.1333333333333333,4.733333333333333,244667.7333333333,100.0,28001.93,1030.6666666666667,314.19,2747.7586666666666,0,0.0,0.7071067811865476,-0.7071067811865475,0.4338837391175582,-0.900968867902419,161.64500000327826
188.0,31.875333333333334,1505.4,1.8666666666666667,17.266666666666666,288358.4,100.0,36447.35,1021.3333333333334,220.0,2741.809333333333,0,0.0,0.4999999999999999,-0.8660254037844387,0.4338837391175582,-0.900968867902419,191.4489999972284
284.0,32.36933333333334,932.2,0.0666666666666666,2.6,166024.53333333333,100.0,41524.65,1029.3333333333333,269.31,2737.324,0,0.0,0.4999999999999999,-0.8660254037844387,0.4338837391175582,-0.900968867902419,162.57799999788404
98.0,31.948666666666668,474.8666666666667,0.7333333333333333,5.533333333333333,218453.3333333333,100.0,45345.94,1040.6666666666667,280.78,2735.863333333333,0,0.0,0.4999999999999999,-0.8660254037844387,0.4338837391175582,-0.900968867902419,157.05000000074506
41.333333333333336,31.93,1137.9333333333334,0.9333333333333332,5.866666666666666,371370.6666666667,99.0,30990.24,1041.3333333333333,175.05,2738.976,0,0.0,0.4999999999999999,-0.8660254037844387,0.4338837391175582,-0.900968867902419,151.62000000104308
520.6666666666666,31.73733333333333,1215.8,1.5333333333333334,6.933333333333334,275251.2,100.0,25819.92,1041.3333333333333,371.04,2741.8213333333333,0,0.0,0.258819045102521,-0.9659258262890682,0.4338837391175582,-0.900968867902419,196.3139999993145
244.66666666666663,31.883333333333333,1310.4666666666667,1.7333333333333334,6.066666666666666,310203.73333333334,100.0,29583.55,1044.6666666666667,273.21,2748.246,0,0.0,0.258819045102521,-0.9659258262890682,0.4338837391175582,-0.900968867902419,185.5879999995232
54.0,32.28933333333333,1318.9333333333334,1.4666666666666666,8.733333333333333,332049.06666666665,100.0,26756.46,1037.3333333333333,381.17,2755.7946666666667,0,0.0,0.258819045102521,-0.9659258262890682,0.4338837391175582,-0.900968867902419,190.8230000026524
511.3333333333333,32.704,1292.2,1.7333333333333334,5.066666666666666,283989.3333333333,100.0,40444.19,1037.3333333333333,270.34000000000003,2763.585333333333,0,0.0,0.258819045102521,-0.9659258262890682,0.4338837391175582,-0.900968867902419,187.6519999988377
26.666666666666668,33.14266666666666,867.5333333333333,0.0,4.6,34952.53333333333,100.0,35416.23,1058.6666666666667,122.74,2771.9066666666668,0,0.0,1.2246467991473532e-16,-1.0,0.4338837391175582,-0.900968867902419,152.8179999999702
208.66666666666663,33.136,785.1333333333333,0.7333333333333333,0.4666666666666667,78643.2,100.0,34355.24,1042.6666666666667,188.0,2767.372666666667,0,0.0,1.2246467991473532e-16,-1.0,0.4338837391175582,-0.900968867902419,70.20199999958277
347.3333333333333,33.06466666666667,1132.2,0.6,6.0,257774.9333333333,100.0,28501.62,1035.3333333333333,258.97,2763.278,0,0.0,1.2246467991473532e-16,-1.0,0.4338837391175582,-0.900968867902419,170.09299999848008
313.3333333333333,32.83266666666667,1210.9333333333334,2.1333333333333333,4.533333333333333,297096.5333333333,100.0,32083.870000000003,1038.6666666666667,322.16,2760.2913333333336,0,0.0,1.2246467991473532e-16,-1.0,0.4338837391175582,-0.900968867902419,189.0580000020564
262.0,33.084666666666664,1101.1333333333334,1.6,3.0,305834.6666666667,100.0,27491.29,1028.6666666666667,433.47,2752.045333333333,0,0.0,-0.2588190451025208,-0.9659258262890684,0.4338837391175582,-0.900968867902419,187.57200000062585
146.66666666666666,33.302,877.6,0.3333333333333333,3.6,305834.6666666667,100.0,45822.97,1031.3333333333333,228.33,2749.440666666667,0,0.0,-0.2588190451025208,-0.9659258262890684,0.4338837391175582,-0.900968867902419,180.7239999994636
134.66666666666666,33.614000000000004,379.0,0.8666666666666667,1.8,174762.66666666666,100.0,32961.45,1040.6666666666667,216.48,2744.528,0,0.0,-0.2588190451025208,-0.9659258262890684,0.4338837391175582,-0.900968867902419,158.3179999999702
146.66666666666666,33.60933333333333,879.3333333333334,1.4666666666666666,9.6,161655.46666666667,100.0,48418.68,1029.3333333333333,157.72,2738.7853333333333,0,0.0,-0.2588190451025208,-0.9659258262890684,0.4338837391175582,-0.900968867902419,166.1539999991655
0.0,32.58266666666667,508.2,0.0,4.2,139810.13333333333,100.0,48810.93,1055.3333333333333,170.53,2729.961333333333,0,0.0,-0.4999999999999997,-0.8660254037844388,0.4338837391175582,-0.900968867902419,103.21400000154972
146.66666666666666,32.884,1007.4666666666668,1.4,1.6,218453.3333333333,100.0,32202.2,1024.6666666666667,149.58,2734.792,0,0.0,-0.4999999999999997,-0.8660254037844388,0.4338837391175582,-0.900968867902419,156.74399999901652
53.333333333333336,32.342666666666666,1110.6,0.2666666666666666,3.4,279620.26666666666,100.0,44574.04,1048.0,220.6,2729.2833333333333,0,0.0,-0.4999999999999997,-0.8660254037844388,0.4338837391175582,-0.900968867902419,180.8819999992848
0.0,32.28133333333333,1168.0,0.0666666666666666,2.0,0.0,100.0,32041.14,1025.3333333333333,171.52,2729.7893333333336,0,0.0,-0.4999999999999997,-0.8660254037844388,0.4338837391175582,-0.900968867902419,164.4780000001192
0.0,32.772,977.0666666666668,0.0,0.3333333333333333,21845.33333333333,100.0,34697.91,1034.0,127.0,2724.2200000000003,0,0.0,-0.7071067811865471,-0.7071067811865479,0.4338837391175582,-0.900968867902419,61.11700000241399
220.66666666666663,31.22533333333333,841.6,2.0,3.466666666666667,310203.73333333334,98.0,29756.13,1036.6666666666667,216.51,2720.3786666666665,0,0.0,-0.7071067811865471,-0.7071067811865479,0.4338837391175582,-0.900968867902419,128.97899999842048
458.6666666666667,29.029333333333334,1217.5333333333333,1.6,14.066666666666666,157286.4,100.0,51824.99,1040.0,167.16,2725.476666666667,0,0.0,-0.7071067811865471,-0.7071067811865479,0.4338837391175582,-0.900968867902419,192.32299999892712
200.66666666666663,28.214666666666663,890.4666666666667,0.0,1.8,257774.9333333333,99.66666666666669,32619.7,1045.3333333333333,370.3,2731.7233333333334,0,0.0,-0.7071067811865471,-0.7071067811865479,0.4338837391175582,-0.900968867902419,145.1790000014007
188.0,30.37066666666667,954.7333333333332,3.0,1.4,166024.53333333333,100.0,38965.35,1038.0,131.65,2727.921333333333,0,0.0,-0.8660254037844384,-0.5000000000000004,0.4338837391175582,-0.900968867902419,175.56199999898672
200.66666666666663,31.11866666666667,675.7333333333333,0.0,1.6666666666666667,235929.6,98.66666666666669,31146.57,1039.3333333333333,322.06,2730.488666666666,0,0.0,-0.8660254037844384,-0.5000000000000004,0.4338837391175582,-0.900968867902419,161.73700000345707
83.33333333333333,32.01933333333333,1383.5333333333333,3.1333333333333333,6.666666666666667,310203.73333333334,98.66666666666669,32655.6,1036.6666666666667,240.72,2732.4413333333337,0,0.0,-0.8660254037844384,-0.5000000000000004,0.4338837391175582,-0.900968867902419,169.6629999987781
136.66666666666666,32.504666666666665,651.2666666666667,1.8666666666666667,7.066666666666666,183500.8,100.0,18797.79,1014.6666666666666,95.5,2731.0246666666667,0,0.0,-0.8660254037844384,-0.5000000000000004,0.4338837391175582,-0.900968867902419,176.37899999693036
320.0,31.712666666666667,326.0,0.0,1.2,0.0,100.0,0.0,1000.0,88.35,2712.1473333333333,0,0.0,-0.9659258262890684,-0.2588190451025206,0.4338837391175582,-0.900968867902419,86.15799999982119
0.0,30.968666666666667,1217.0,0.0,0.0,17476.266666666666,100.0,97833.67,1019.3333333333334,91.55,2730.331333333333,0,0.0,-0.9659258262890684,-0.2588190451025206,0.4338837391175582,-0.900968867902419,52.48200000077486
30.0,29.82133333333333,668.4666666666667,0.0,0.7333333333333333,214084.26666666663,100.0,66575.75,1017.3333333333334,114.95,2740.3106666666667,0,0.0,-0.9659258262890684,-0.2588190451025206,0.4338837391175582,-0.900968867902419,106.85999999940395
30.0,28.02466666666667,408.8,1.1333333333333333,5.733333333333333,292727.4666666667,100.0,51796.98,1028.6666666666667,247.43,2752.416,0,0.0,-0.9659258262890684,-0.2588190451025206,0.4338837391175582,-0.900968867902419,161.0300000011921
0.0,27.74333333333333,821.1333333333333,0.2,0.5333333333333333,297096.5333333333,100.0,50431.86,1032.6666666666667,208.38,2757.676,0,0.0,-1.0,-1.8369701987210292e-16,0.4338837391175582,-0.900968867902419,165.62900000065565
266.6666666666667,27.78933333333333,836.0666666666667,0.4666666666666667,1.2,340787.2,98.0,55732.28,1045.3333333333333,192.78,2749.931333333333,0,0.0,-1.0,-1.8369701987210292e-16,0.4338837391175582,-0.900968867902419,183.9129999987781
176.66666666666666,27.78933333333333,854.7333333333333,0.0,0.6666666666666666,266513.06666666665,100.0,76157.01,1022.0,101.37,2735.772,0,0.0,-1.0,-1.8369701987210292e-16,0.4338837391175582,-0.900968867902419,144.61899999901652
176.66666666666666,27.970666666666663,608.4666666666667,0.2666666666666666,3.733333333333333,65536.0,100.0,95483.21,1041.3333333333333,109.25,2742.67,0,0.0,-1.0,-1.8369701987210292e-16,0.4338837391175582,-0.900968867902419,144.12100000306964
0.0,27.81,1209.0,0.0,0.0,8738.133333333333,88.0,60967.96,1048.6666666666667,271.14,2741.216,0,0.0,-0.9659258262890684,0.2588190451025203,0.4338837391175582,-0.900968867902419,88.92599999904633
176.66666666666666,27.424666666666667,427.6666666666667,0.3333333333333333,0.6666666666666666,279620.26666666666,97.0,109432.2,1026.0,280.5,2732.524,0,0.0,-0.9659258262890684,0.2588190451025203,0.4338837391175582,-0.900968867902419,101.23499999940395
326.6666666666667,27.352666666666668,608.8666666666667,0.3333333333333333,3.533333333333333,187869.86666666667,100.0,84661.54,1022.0,187.07,2732.5186666666664,0,0.0,-0.9659258262890684,0.2588190451025203,0.4338837391175582,-0.900968867902419,167.48500000312924
500.0,27.10933333333333,382.26666666666665,0.3333333333333333,3.933333333333333,358263.4666666667,100.0,79979.48999999999,1028.6666666666667,149.19,2729.7,0,0.0,-0.9659258262890684,0.2588190451025203,0.4338837391175582,-0.900968867902419,139.49299999698997
146.66666666666666,26.20533333333333,652.8,1.2666666666666666,4.4,249036.8,100.0,66840.72,1027.3333333333333,232.99,2730.911333333333,0,0.0,-0.8660254037844386,0.5000000000000001,0.4338837391175582,-0.900968867902419,160.49799999967215
56.66666666666666,25.51333333333333,571.9333333333333,0.4,1.8666666666666667,305834.6666666667,100.0,79820.61,1051.3333333333333,157.75,2731.5733333333333,0,0.0,-0.8660254037844386,0.5000000000000001,0.4338837391175582,-0.900968867902419,166.01799999922514
706.6666666666666,25.462666666666667,266.46666666666664,0.3333333333333333,0.3333333333333333,152917.33333333334,100.0,102814.09,1040.6666666666667,117.67,2730.578666666667,0,0.0,-0.8660254037844386,0.5000000000000001,0.4338837391175582,-0.900968867902419,148.83800000324845
266.6666666666667,24.9,287.46666666666664,0.5333333333333333,1.4,222822.4,100.0,76417.02,1054.0,136.02,2740.358,0,0.0,-0.8660254037844386,0.5000000000000001,0.4338837391175582,-0.900968867902419,120.44799999892712
526.6666666666666,24.806,463.0,0.2666666666666666,0.7333333333333333,353894.4,100.0,61164.68,1036.6666666666667,158.7,2734.028,0,0.0,-0.7071067811865477,0.7071067811865474,0.4338837391175582,-0.900968867902419,162.75600000098348
590.0,24.65533333333333,324.0,1.6,2.8,235929.6,100.0,60195.53,1020.0,196.67,2735.038,0,0.0,-0.7071067811865477,0.7071067811865474,0.4338837391175582,-0.900968867902419,166.00999999791384
680.0,24.276666666666664,566.8,0.8666666666666667,7.333333333333333,170393.6,98.0,78827.53,1028.0,128.87,2733.0080000000003,0,0.0,-0.7071067811865477,0.7071067811865474,0.4338837391175582,-0.900968867902419,123.24000000208616
413.3333333333333,25.05333333333333,461.73333333333335,0.3333333333333333,0.0666666666666666,240298.66666666663,98.66666666666669,65719.19,1032.0,284.24,2729.32,0,0.0,-0.7071067811865477,0.7071067811865474,0.4338837391175582,-0.900968867902419,143.5219999998808
470.0,24.336,633.9333333333333,0.8,1.2666666666666666,336418.13333333336,94.66666666666669,65526.27,1052.0,228.76,2735.451333333333,0,0.0,-0.5000000000000004,0.8660254037844384,0.4338837391175582,-0.900968867902419,147.42299999669194
560.0,24.808,789.2666666666667,0.4666666666666667,2.6,301465.6,98.0,79718.0,1030.0,157.15,2735.9126666666666,0,0.0,-0.5000000000000004,0.8660254037844384,0.4338837391175582,-0.900968867902419,176.47900000214577
146.66666666666666,24.846666666666668,455.06666666666666,0.3333333333333333,0.7333333333333333,214084.26666666663,86.66666666666667,65066.43,1027.3333333333333,122.59,2732.4033333333336,0,0.0,-0.5000000000000004,0.8660254037844384,0.4338837391175582,-0.900968867902419,145.6849999986589
30.0,24.946666666666665,809.3333333333334,0.7333333333333333,0.3333333333333333,74274.13333333333,100.0,51169.2,1010.0,250.03,2735.7613333333334,0,0.0,-0.5000000000000004,0.8660254037844384,0.4338837391175582,-0.900968867902419,140.59349999949336
0.0,25.41,1215.0,0.0,0.0,0.0,100.0,16068.88,1021.3333333333334,409.79,2732.7253333333333,0,0.0,-0.2588190451025215,0.965925826289068,0.4338837391175582,-0.900968867902419,56.44050000235438
86.66666666666667,25.782666666666668,601.4,0.9333333333333332,0.4,253405.86666666667,97.0,73149.04,1042.0,245.98,2727.9100000000003,0,0.0,-0.2588190451025215,0.965925826289068,0.4338837391175582,-0.900968867902419,76.78199999779463
473.3333333333333,25.388666666666666,558.8,0.5333333333333333,4.066666666666666,222822.4,100.0,74668.22,1034.6666666666667,212.08,2725.811333333333,0,0.0,-0.2588190451025215,0.965925826289068,0.4338837391175582,-0.900968867902419,165.6820000000298
206.66666666666663,25.000666666666667,479.26666666666665,0.0,0.6666666666666666,126702.93333333332,96.0,43339.74,1021.3333333333334,102.73,2726.277333333333,0,0.0,-0.2588190451025215,0.965925826289068,0.4338837391175582,-0.900968867902419,162.51400000229478
800.0,23.98733333333333,321.46666666666664,0.0,0.0,0.0,100.0,0.0,1020.0,81.44999999999999,2708.930666666666,0,0.0,0.0,1.0,-0.433883739117558,-0.9009688679024191,87.09349999949336
443.3333333333333,23.782,960.4,0.3333333333333333,0.0,8738.133333333333,100.0,29716.11,1035.3333333333333,187.2,2713.1893333333333,0,0.0,0.0,1.0,-0.433883739117558,-0.9009688679024191,53.926500000059605
146.66666666666666,23.08333333333333,882.6,0.5333333333333333,6.933333333333334,196608.0,100.0,48563.8,1027.3333333333333,252.52,2727.497333333333,0,0.0,0.0,1.0,-0.433883739117558,-0.9009688679024191,127.2170000001788
146.66666666666666,22.528,584.4,1.1333333333333333,4.666666666666667,126702.93333333332,100.0,38258.59,1033.3333333333333,363.8,2730.5686666666666,0,0.0,0.0,1.0,-0.433883739117558,-0.9009688679024191,157.71999999508262
54.0,22.305333333333333,791.5333333333333,1.2,13.333333333333334,109226.66666666669,97.33333333333331,45502.28,1028.0,150.9,2753.065333333333,0,0.0,0.2588190451025207,0.9659258262890684,-0.433883739117558,-0.9009688679024191,145.06100000441074
174.0,22.610666666666667,798.6666666666666,0.8666666666666667,2.333333333333333,222822.4,86.0,27956.59,1044.6666666666667,321.9,2739.498,0,0.0,0.2588190451025207,0.9659258262890684,-0.433883739117558,-0.9009688679024191,131.1959999985993
80.66666666666667,22.946,1120.4,1.0,12.066666666666666,222822.4,100.0,21780.38,1042.0,357.19,2743.608,0,0.0,0.2588190451025207,0.9659258262890684,-0.433883739117558,-0.9009688679024191,183.52600000053644
354.6666666666667,23.292666666666666,1322.7333333333331,1.2666666666666666,4.266666666666667,200977.06666666668,100.0,23812.43,1027.3333333333333,298.71,2740.2913333333336,0,0.0,0.2588190451025207,0.9659258262890684,-0.433883739117558,-0.9009688679024191,172.85099999979138
257.3333333333333,27.70533333333333,1305.3333333333333,1.4666666666666666,7.8,152917.33333333334,100.0,27239.94,1024.6666666666667,167.49,2734.942666666667,0,0.0,0.4999999999999999,0.8660254037844387,-0.433883739117558,-0.9009688679024191,192.195000000298
188.0,30.244,1214.4666666666667,0.8666666666666667,15.8,183500.8,100.0,36780.6,1040.0,273.22,2737.5906666666665,0,0.0,0.4999999999999999,0.8660254037844387,-0.433883739117558,-0.9009688679024191,160.7419999986887
95.33333333333331,30.21466666666667,449.8666666666667,0.0,1.8666666666666667,109226.66666666669,100.0,24402.36,1041.3333333333333,264.45,2743.652,0,0.0,0.4999999999999999,0.8660254037844387,-0.433883739117558,-0.9009688679024191,150.56100000068545
191.3333333333333,30.446666666666665,1274.3333333333333,1.2666666666666666,6.066666666666666,170393.6,100.0,30287.8,1040.6666666666667,266.18,2745.9080000000004,0,0.0,0.4999999999999999,0.8660254037844387,-0.433883739117558,-0.9009688679024191,140.7960000000894
0.0,30.852,1238.3333333333333,0.3333333333333333,1.4666666666666666,0.0,76.66666666666667,19596.39,1020.0,347.76,2741.656,0,0.0,0.7071067811865475,0.7071067811865476,-0.433883739117558,-0.9009688679024191,175.75499999895692
0.0,30.70533333333333,919.1333333333332,0.0,0.0,43690.66666666666,43.0,34034.55,1029.3333333333333,215.83,2735.8066666666664,0,0.0,0.7071067811865475,0.7071067811865476,-0.433883739117558,-0.9009688679024191,55.54199999943376
172.0,26.811333333333334,1271.9333333333334,2.6,27.6,161655.46666666667,94.0,21846.23,1068.6666666666667,360.55,2739.964,0,0.0,0.7071067811865475,0.7071067811865476,-0.433883739117558,-0.9009688679024191,139.25400000438094
374.0,24.85,1057.0666666666666,2.1333333333333333,4.266666666666667,170393.6,100.0,31372.18,1046.6666666666667,250.0,2741.480666666667,0,0.0,0.7071067811865475,0.7071067811865476,-0.433883739117558,-0.9009688679024191,172.51499999687076
262.0,28.394,738.4,0.2,2.8666666666666667,104857.6,100.0,28260.35,1030.6666666666667,223.44,2735.249333333333,0,0.0,0.8660254037844386,0.5000000000000001,-0.433883739117558,-0.9009688679024191,167.3530000001192
80.66666666666667,28.961333333333336,815.8666666666667,1.4,2.4,179131.73333333334,95.33333333333331,20945.25,1025.3333333333333,280.39,2733.532,0,0.0,0.8660254037844386,0.5000000000000001,-0.433883739117558,-0.9009688679024191,102.60500000044703
20.0,28.97,1263.8666666666666,1.7333333333333334,4.533333333333333,117964.8,100.0,44710.48,1036.0,258.02,2736.2426666666665,0,0.0,0.8660254037844386,0.5000000000000001,-0.433883739117558,-0.9009688679024191,201.09100000187755
227.3333333333333,29.462666666666667,711.3333333333334,0.0,2.7333333333333334,48059.73333333333,97.66666666666669,40993.89,1067.3333333333333,185.79,2732.6666666666665,0,0.0,0.8660254037844386,0.5000000000000001,-0.433883739117558,-0.9009688679024191,139.41899999976158
54.0,29.82133333333333,1182.4,1.933333333333333,9.333333333333334,183500.8,92.66666666666669,38737.25,1048.6666666666667,241.2,2732.042,0,0.0,0.9659258262890684,0.2588190451025207,-0.433883739117558,-0.9009688679024191,144.97499999776483
146.66666666666666,28.915333333333333,891.9333333333333,0.3333333333333333,6.133333333333334,74274.13333333333,100.0,33050.82,1037.3333333333333,317.15,2730.3526666666667,0,0.0,0.9659258262890684,0.2588190451025207,-0.433883739117558,-0.9009688679024191,191.7060000039637
113.33333333333331,28.90266666666667,1083.1333333333334,1.4666666666666666,3.6,139810.13333333333,100.0,29968.24,1032.6666666666667,207.71,2732.815333333333,0,0.0,0.9659258262890684,0.2588190451025207,-0.433883739117558,-0.9009688679024191,169.36799999698997
262.0,29.24533333333333,1191.0,0.8,2.2666666666666666,266513.06666666665,100.0,26412.64,1051.3333333333333,356.26,2731.0773333333336,0,0.0,0.9659258262890684,0.2588190451025207,-0.433883739117558,-0.9009688679024191,155.91500000283122
282.0,30.383333333333333,1242.9333333333334,1.4666666666666666,8.266666666666667,179131.73333333334,100.0,22194.71,1057.3333333333333,235.75,2730.372666666666,0,0.0,1.0,6.123233995736766e-17,-0.433883739117558,-0.9009688679024191,184.8069999963045
448.0,30.01,699.6666666666666,0.8,3.6666666666666665,52428.8,100.0,21601.2,1019.3333333333334,107.31,2732.962,0,0.0,1.0,6.123233995736766e-17,-0.433883739117558,-0.9009688679024191,170.2690000012517
388.6666666666667,32.13066666666666,2.0,0.0,0.0,0.0,100.0,0.0,1000.0,94.5,2712.563333333333,0,0.0,1.0,6.123233995736766e-17,-0.433883739117558,-0.9009688679024191,111.05200000107288
54.0,30.444,2.0,0.0,0.0,0.0,100.0,0.0,1000.0,94.5,2719.336,0,0.0,1.0,6.123233995736766e-17,-0.433883739117558,-0.9009688679024191,57.10999999940395
0.0,29.344,2.0,0.0,0.0,0.0,100.0,0.0,1000.0,94.5,2735.747333333333,0,0.0,0.9659258262890684,-0.2588190451025206,-0.433883739117558,-0.9009688679024191,58.92899999767542
0.0,32.54,2.0,0.0,0.0,0.0,100.0,0.0,1000.0,94.5,2744.372666666667,0,0.0,0.9659258262890684,-0.2588190451025206,-0.433883739117558,-0.9009688679024191,54.7690000012517
0.0,30.668666666666663,2.0,0.0,0.0,0.0,100.0,0.0,1000.0,94.5,2746.654666666667,0,0.0,0.9659258262890684,-0.2588190451025206,-0.433883739117558,-0.9009688679024191,53.60999999940395
0.0,33.782000000000004,2.0,0.0,0.0,0.0,100.0,0.0,1000.0,94.5,2744.48,0,0.0,0.9659258262890684,-0.2588190451025206,-0.433883739117558,-0.9009688679024191,58.04600000008941
0.0,34.599333333333334,2.0,0.0,0.2,0.0,100.0,0.0,1000.0,94.5,2738.7786666666666,0,0.0,0.8660254037844387,-0.4999999999999998,-0.433883739117558,-0.9009688679024191,53.675999999046326
0.0,34.76933333333333,82.86666666666666,0.0,0.0,0.0,98.33333333333331,0.0,1000.0,94.5,2735.3786666666665,0,0.0,0.8660254037844387,-0.4999999999999998,-0.433883739117558,-0.9009688679024191,58.29300000146032
0.0,34.772666666666666,907.5333333333332,0.0,0.3333333333333333,96119.46666666666,100.0,46182.77,1044.6666666666667,274.23,2731.7973333333334,0,0.0,0.8660254037844387,-0.4999999999999998,-0.433883739117558,-0.9009688679024191,50.07249999791384
0.0,34.751333333333335,848.5333333333333,1.8,4.6,152917.33333333334,100.0,16832.02,1034.0,108.82,2734.4333333333334,0,0.0,0.8660254037844387,-0.4999999999999998,-0.433883739117558,-0.9009688679024191,146.8125
293.3333333333333,29.66733333333333,921.4,0.0,9.6,441275.7333333333,100.0,17205.43,1045.3333333333333,128.94,2727.668,0,0.0,0.7071067811865476,-0.7071067811865475,-0.433883739117558,-0.9009688679024191,122.42600000277162
406.6666666666667,25.23333333333333,933.0,2.2666666666666666,3.466666666666667,275251.2,100.0,16107.3,1042.6666666666667,201.87,2729.132,0,0.0,0.7071067811865476,-0.7071067811865475,-0.433883739117558,-0.9009688679024191,151.1030000001192
203.3333333333333,27.37933333333333,1415.0,1.0666666666666669,11.333333333333334,292727.4666666667,98.66666666666669,24022.99,1032.0,286.93,2728.14,0,0.0,0.7071067811865476,-0.7071067811865475,-0.433883739117558,-0.9009688679024191,138.6030000001192
293.3333333333333,27.932,759.7333333333333,1.1333333333333333,4.0,179131.73333333334,97.66666666666669,24911.45,1028.6666666666667,277.51,2728.6846666666665,0,0.0,0.7071067811865476,-0.7071067811865475,-0.433883739117558,-0.9009688679024191,153.49299999698997
293.3333333333333,28.43933333333333,718.7333333333333,1.2666666666666666,2.0,231560.53333333333,99.66666666666669,24415.95,1042.0,103.75,2731.746,0,0.0,0.4999999999999999,-0.8660254037844387,-0.433883739117558,-0.9009688679024191,109.7090000025928
163.33333333333334,28.24866666666667,692.0,0.4,10.266666666666667,314572.8,100.0,18228.28,1038.6666666666667,185.08,2733.052666666667,0,0.0,0.4999999999999999,-0.8660254037844387,-0.433883739117558,-0.9009688679024191,119.757999997586
790.0,29.11,1354.2666666666669,0.5333333333333333,13.933333333333334,297096.5333333333,100.0,18382.34,1029.3333333333333,189.05,2731.134,0,0.0,0.4999999999999999,-0.8660254037844387,-0.433883739117558,-0.9009688679024191,136.04500000178814
293.3333333333333,29.453333333333333,1299.9333333333334,0.9333333333333332,18.33333333333333,436906.6666666667,100.0,14614.52,1028.0,486.59,2726.434,0,0.0,0.4999999999999999,-0.8660254037844387,-0.433883739117558,-0.9009688679024191,142.33500000089407
456.6666666666667,29.50133333333333,1395.0,0.4666666666666667,17.466666666666665,332049.06666666665,100.0,17877.07,1058.6666666666667,159.28,2728.538666666667,0,0.0,0.258819045102521,-0.9659258262890682,-0.433883739117558,-0.9009688679024191,142.6900000013411
350.0,30.03666666666667,1292.2,0.0,18.53333333333333,353894.4,100.0,12889.8,1090.0,269.54999999999995,2730.709333333333,0,0.0,0.258819045102521,-0.9659258262890682,-0.433883739117558,-0.9009688679024191,157.4210000000894
440.0,29.99,278.06666666666666,0.0,1.0,157286.4,100.0,13548.96,1076.6666666666667,230.23,2733.4073333333336,0,0.0,0.258819045102521,-0.9659258262890682,-0.433883739117558,-0.9009688679024191,119.63899999856947
643.3333333333334,30.212,656.7333333333333,0.2,6.6,218453.3333333333,100.0,18840.07,1032.6666666666667,175.47,2734.822,0,0.0,0.258819045102521,-0.9659258262890682,-0.433883739117558,-0.9009688679024191,133.83299999684095
0.0,30.456666666666667,1152.0,0.2,0.7333333333333333,30583.466666666667,100.0,14931.23,1025.3333333333333,57.0,2729.8740000000003,0,0.0,1.2246467991473532e-16,-1.0,-0.433883739117558,-0.9009688679024191,121.0
0.0,31.673333333333336,943.1333333333332,0.1333333333333333,0.6666666666666666,157286.4,100.0,12292.23,1033.3333333333333,449.63,2729.7546666666667,0,0.0,1.2246467991473532e-16,-1.0,-0.433883739117558,-0.9009688679024191,82.1929999999702
513.3333333333334,31.756000000000004,1069.5333333333333,0.7333333333333333,2.0,279620.26666666666,100.0,23207.97,1039.3333333333333,117.45,2729.756,0,0.0,1.2246467991473532e-16,-1.0,-0.433883739117558,-0.9009688679024191,127.67600000277162
880.0,29.394,657.2666666666667,0.1333333333333333,7.266666666666667,209715.2,100.0,18942.98,1053.3333333333333,461.2,2733.635333333333,0,0.0,1.2246467991473532e-16,-1.0,-0.433883739117558,-0.9009688679024191,135.94799999892712
440.0,30.032,830.3333333333334,0.5333333333333333,3.533333333333333,297096.5333333333,100.0,20486.45,1046.6666666666667,119.52,2731.599333333333,0,0.0,-0.2588190451025208,-0.9659258262890684,-0.433883739117558,-0.9009688679024191,152.222999997437
440.0,30.39333333333333,974.1333333333332,1.8666666666666667,5.466666666666667,262144.0,100.0,13999.4,1059.3333333333333,365.24,2733.372666666666,0,0.0,-0.2588190451025208,-0.9659258262890684,-0.433883739117558,-0.9009688679024191,143.97400000318885
406.6666666666667,30.89,1014.6,1.6666666666666667,3.6666666666666665,419430.4,100.0,13902.38,1044.0,126.64,2726.5626666666667,0,0.0,-0.2588190451025208,-0.9659258262890684,-0.433883739117558,-0.9009688679024191,135.62700000032785
293.3333333333333,31.510666666666665,1401.1333333333334,0.0,11.733333333333333,340787.2,100.0,18160.35,1028.6666666666667,84.75,2730.642,0,0.0,-0.2588190451025208,-0.9659258262890684,-0.433883739117558,-0.9009688679024191,136.83799999952316
586.6666666666666,31.41733333333333,1548.2666666666669,0.0,7.2,275251.2,100.0,20392.09,1020.6666666666666,192.1,2728.393333333333,0,0.0,-0.4999999999999997,-0.8660254037844388,-0.433883739117558,-0.9009688679024191,151.285000000149
293.3333333333333,31.468,592.5333333333333,0.0666666666666666,5.933333333333334,266513.06666666665,100.0,15096.49,1038.0,268.72,2735.5666666666666,0,0.0,-0.4999999999999997,-0.8660254037844388,-0.433883739117558,-0.9009688679024191,129.9290000014007
846.6666666666666,31.698666666666668,586.0,0.0666666666666666,5.533333333333333,104857.6,100.0,2721.0,1010.6666666666666,73.26,2728.18,0,0.0,-0.4999999999999997,-0.8660254037844388,-0.433883739117558,-0.9009688679024191,142.74699999764562
0.0,30.372666666666664,646.0,0.0,1.2666666666666666,0.0,100.0,0.0,1010.0,72.45,2728.942,0,0.0,-0.4999999999999997,-0.8660254037844388,-0.433883739117558,-0.9009688679024191,74.94500000402331
203.3333333333333,28.59466666666667,1210.0,0.0,0.0,0.0,100.0,19879.9,1029.3333333333333,82.63,2746.552,0,0.0,-0.7071067811865471,-0.7071067811865479,-0.433883739117558,-0.9009688679024191,54.51899999752641
513.3333333333334,27.28,982.4,0.4,1.4666666666666666,113595.73333333334,100.0,58512.81,1032.0,156.55,2749.298,0,0.0,-0.7071067811865471,-0.7071067811865479,-0.433883739117558,-0.9009688679024191,69.56100000068545
0.0,27.258,966.6666666666666,1.0,6.466666666666667,314572.8,100.0,43789.21,1030.6666666666667,308.81,2743.3686666666667,0,0.0,-0.7071067811865471,-0.7071067811865479,-0.433883739117558,-0.9009688679024191,158.66499999910593
0.0,26.978666666666665,846.9333333333333,0.2,2.8666666666666667,196608.0,100.0,40372.68,1056.6666666666667,180.53,2728.322666666667,0,0.0,-0.7071067811865471,-0.7071067811865479,-0.433883739117558,-0.9009688679024191,164.93400000035763
176.66666666666666,26.626,1005.7333333333332,1.0,10.533333333333331,187869.86666666667,100.0,21379.75,1039.3333333333333,381.78,2727.7940000000003,0,0.0,-0.8660254037844384,-0.5000000000000004,-0.433883739117558,-0.9009688679024191,162.20199999958277
134.0,31.000666666666667,1299.2,0.8,9.066666666666666,161655.46666666667,100.0,30652.98,1027.3333333333333,249.42,2769.3233333333333,0,0.0,-0.8660254037844384,-0.5000000000000004,-0.433883739117558,-0.9009688679024191,171.46100000292063
0.0,31.456000000000003,658.2666666666667,0.8,2.8,117964.8,100.0,24431.47,1030.6666666666667,266.83,2766.6873333333333,0,0.0,-0.8660254037844384,-0.5000000000000004,-0.433883739117558,-0.9009688679024191,157.3179999962449
203.3333333333333,32.12733333333333,989.0,0.0,5.466666666666667,113595.73333333334,100.0,40953.14,1034.6666666666667,233.63,2760.2853333333333,0,0.0,-0.8660254037844384,-0.5000000000000004,-0.433883739117558,-0.9009688679024191,153.0289999991655
257.3333333333333,32.50666666666667,853.6,2.0,6.333333333333333,183500.8,100.0,31541.48,1032.0,264.27,2753.923333333333,0,0.0,-0.9659258262890684,-0.2588190451025206,-0.433883739117558,-0.9009688679024191,142.3200000040233
54.0,32.556666666666665,644.9333333333333,0.1333333333333333,7.6,100488.53333333334,100.0,55752.85,1047.3333333333333,121.63,2751.551333333334,0,0.0,-0.9659258262890684,-0.2588190451025206,-0.433883739117558,-0.9009688679024191,154.04499999806285
244.66666666666663,32.452666666666666,315.2,0.0,1.8,74274.13333333333,100.0,45618.06,1044.6666666666667,154.67,2742.641333333333,0,0.0,-0.9659258262890684,-0.2588190451025206,-0.433883739117558,-0.9009688679024191,145.43299999833107
82.66666666666667,31.002666666666663,498.2,1.4666666666666666,4.2,148548.26666666666,100.0,51259.88,1032.6666666666667,112.9,2744.384,0,0.0,-0.9659258262890684,-0.2588190451025206,-0.433883739117558,-0.9009688679024191,117.42750000208616
0.0,28.63,23.4,0.0,0.4,0.0,100.0,25135.15,1024.6666666666667,232.9,2743.788666666667,0,0.0,-1.0,-1.8369701987210292e-16,-0.433883739117558,-0.9009688679024191,122.9404999986291
54.0,28.082,647.1333333333333,0.6666666666666666,6.066666666666666,152917.33333333334,100.0,32276.82,1035.3333333333333,336.72,2734.692666666667,0,0.0,-1.0,-1.8369701987210292e-16,-0.433883739117558,-0.9009688679024191,86.76300000026822
361.3333333333333,27.955333333333336,1317.2666666666669,1.1333333333333333,16.533333333333335,205346.13333333333,100.0,29776.16,1056.6666666666667,257.46,2735.7826666666665,0,0.0,-1.0,-1.8369701987210292e-16,-0.433883739117558,-0.9009688679024191,199.46300000324845
98.0,28.14333333333333,905.7333333333332,1.4,3.2,0.0,100.0,38128.73,1031.3333333333333,127.92,2731.987333333333,0,0.0,-1.0,-1.8369701987210292e-16,-0.433883739117558,-0.9009688679024191,160.8149999976158
0.0,31.13733333333333,1222.0,0.0,0.0,0.0,100.0,16659.09,1030.0,290.28000000000003,2729.523333333333,0,0.0,-0.9659258262890684,0.2588190451025203,-0.433883739117558,-0.9009688679024191,81.90100000053644
68.0,29.954666666666665,1088.1333333333334,1.6,5.733333333333333,166024.53333333333,100.0,20949.73,1034.0,250.05,2719.414,0,0.0,-0.9659258262890684,0.2588190451025203,-0.433883739117558,-0.9009688679024191,83.44799999892712
396.0,28.311333333333334,1267.8666666666666,1.8666666666666667,3.2666666666666666,200977.06666666668,100.0,22629.99,1052.6666666666667,256.11,2725.4173333333333,0,0.0,-0.9659258262890684,0.2588190451025203,-0.433883739117558,-0.9009688679024191,196.4979999996721
166.66666666666666,27.262666666666668,1014.0666666666668,1.4666666666666666,16.066666666666666,69905.06666666667,100.0,40185.64,1064.0,123.09,2731.505333333333,0,0.0,-0.9659258262890684,0.2588190451025203,-0.433883739117558,-0.9009688679024191,176.71299999952316
173.33333333333334,30.752,447.9333333333333,0.2,2.6666666666666665,126702.93333333332,100.0,29421.08,1040.0,352.55,2726.7926666666667,0,0.0,-0.8660254037844386,0.5000000000000001,-0.433883739117558,-0.9009688679024191,134.99599999934435
241.3333333333333,31.118666666666662,1226.4,1.0666666666666669,3.066666666666667,235929.6,100.0,36458.89,1054.6666666666667,204.22,2731.2686666666664,0,0.0,-0.8660254037844386,0.5000000000000001,-0.433883739117558,-0.9009688679024191,147.5560000017285
146.66666666666666,31.260666666666665,339.0,0.6,1.933333333333333,13107.2,100.0,27623.67,1026.0,304.67,2736.7253333333333,0,0.0,-0.8660254037844386,0.5000000000000001,-0.433883739117558,-0.9009688679024191,167.0920000001788
229.3333333333333,30.866666666666667,1092.6,1.0666666666666669,1.8,187869.86666666667,100.0,22620.04,1032.6666666666667,366.29,2738.6066666666666,0,0.0,-0.8660254037844386,0.5000000000000001,-0.433883739117558,-0.9009688679024191,106.23249999806283
298.6666666666667,31.702666666666666,1198.6,1.4666666666666666,5.4,113595.73333333334,100.0,36676.39,1032.6666666666667,230.27,2734.4226666666664,0,0.0,-0.7071067811865477,0.7071067811865474,-0.433883739117558,-0.9009688679024191,194.7475000023842
107.33333333333331,31.492,794.4666666666667,0.4,3.1333333333333333,196608.0,100.0,24975.03,1038.0,407.7,2732.9666666666667,0,0.0,-0.7071067811865477,0.7071067811865474,-0.433883739117558,-0.9009688679024191,136.13699999824166
227.3333333333333,32.14866666666667,955.9333333333332,1.0666666666666669,3.0,87381.33333333333,100.0,37828.62,1048.6666666666667,217.25,2731.179333333333,0,0.0,-0.7071067811865477,0.7071067811865474,-0.433883739117558,-0.9009688679024191,191.49500000104308
26.666666666666668,32.12733333333333,752.2666666666667,1.0,3.466666666666667,113595.73333333334,100.0,40472.64,1029.3333333333333,327.3,2724.456,0,0.0,-0.7071067811865477,0.7071067811865474,-0.433883739117558,-0.9009688679024191,125.91099999845028
53.333333333333336,31.48133333333333,1064.3333333333333,0.9333333333333332,4.333333333333333,200977.06666666668,100.0,26618.26,1038.6666666666667,330.85,2730.2973333333334,0,0.0,-0.5000000000000004,0.8660254037844384,-0.433883739117558,-0.9009688679024191,169.69400000199676
296.0,31.808,1301.7333333333331,1.8666666666666667,5.8,148548.26666666666,100.0,35096.02,1036.0,320.81,2732.51,0,0.0,-0.5000000000000004,0.8660254037844384,-0.433883739117558,-0.9009688679024191,167.60099999979138
0.0,32.047333333333334,898.4,0.6666666666666666,0.6666666666666666,13107.2,100.0,21999.53,1080.0,312.07,2733.3786666666665,0,0.0,-0.5000000000000004,0.8660254037844384,-0.433883739117558,-0.9009688679024191,162.57699999958277
0.0,31.292,1216.0,0.0,0.0,0.0,100.0,0.0,1080.0,487.35,2742.9793333333337,0,0.0,-0.5000000000000004,0.8660254037844384,-0.433883739117558,-0.9009688679024191,52.78199999779463
0.0,28.63733333333333,1216.0,0.0,0.0,0.0,100.0,33313.12,1062.0,450.23,2749.001333333333,0,0.0,-0.2588190451025215,0.965925826289068,-0.433883739117558,-0.9009688679024191,52.73600000143051
146.66666666666666,26.848000000000003,887.6666666666666,0.0,2.333333333333333,157286.4,100.0,37617.43,1039.3333333333333,251.79,2743.242,0,0.0,-0.2588190451025215,0.965925826289068,-0.433883739117558,-0.9009688679024191,102.82800000160933
188.0,26.93933333333333,1275.6666666666667,2.2666666666666666,8.266666666666667,218453.3333333333,100.0,20905.59,1056.6666666666667,277.28,2739.234,0,0.0,-0.2588190451025215,0.965925826289068,-0.433883739117558,-0.9009688679024191,203.3310000002384
200.66666666666663,27.176,1460.7333333333331,0.1333333333333333,9.2,157286.4,100.0,33327.01,1062.0,277.33,2736.136,0,0.0,-0.2588190451025215,0.965925826289068,-0.433883739117558,-0.9009688679024191,181.47199999913573
298.6666666666667,30.478,1199.8666666666666,1.933333333333333,7.0,240298.66666666663,100.0,27088.22,1048.0,260.9,2729.331333333333,0,0.0,0.0,1.0,-0.9749279121818236,-0.2225209339563146,164.5689999982715
388.6666666666667,31.066666666666663,1282.2,2.333333333333333,8.6,183500.8,100.0,29611.55,1029.3333333333333,291.41,2731.4533333333334,0,0.0,0.0,1.0,-0.9749279121818236,-0.2225209339563146,166.6140000000596
345.3333333333333,31.12,865.1333333333333,1.1333333333333333,3.2,117964.8,100.0,45870.15,1024.6666666666667,223.69,2736.324,0,0.0,0.0,1.0,-0.9749279121818236,-0.2225209339563146,169.50600000098348
301.3333333333333,31.32266666666667,193.8,0.0,1.933333333333333,100488.53333333334,69.66666666666667,25374.65,1047.3333333333333,322.87,2735.886,0,0.0,0.0,1.0,-0.9749279121818236,-0.2225209339563146,107.15100000053644
54.0,31.27533333333333,1297.0,1.4666666666666666,3.4,235929.6,100.0,22342.76,1034.6666666666667,366.69,2738.694,0,0.0,0.2588190451025207,0.9659258262890684,-0.9749279121818236,-0.2225209339563146,159.03999999910593
227.3333333333333,31.00133333333333,1402.0666666666666,1.6666666666666667,7.933333333333334,205346.13333333333,100.0,20266.38,1029.3333333333333,297.26,2734.8886666666667,0,0.0,0.2588190451025207,0.9659258262890684,-0.9749279121818236,-0.2225209339563146,180.22900000214577
268.6666666666667,31.22266666666667,1192.2666666666669,1.6666666666666667,2.6,126702.93333333332,100.0,33470.04,1041.3333333333333,188.27,2742.3126666666667,0,0.0,0.2588190451025207,0.9659258262890684,-0.9749279121818236,-0.2225209339563146,194.1959999985993
173.33333333333334,31.79133333333333,1221.4666666666667,1.8666666666666667,6.6,139810.13333333333,100.0,23541.81,1047.3333333333333,309.66,2749.7793333333334,0,0.0,0.2588190451025207,0.9659258262890684,-0.9749279121818236,-0.2225209339563146,158.77299999818206
0.0,32.05733333333333,935.4,2.2666666666666666,6.0,56797.86666666667,100.0,42345.87,1046.0,210.33,2762.846,0,0.0,0.4999999999999999,0.8660254037844387,-0.9749279121818236,-0.2225209339563146,180.43800000473857
53.333333333333336,31.75,763.6,1.0666666666666669,7.333333333333333,161655.46666666667,100.0,22264.74,1036.0,302.92,2768.2106666666664,0,0.0,0.4999999999999999,0.8660254037844387,-0.9749279121818236,-0.2225209339563146,144.5299999974668
227.3333333333333,31.894,1278.2,2.1333333333333333,3.6666666666666665,305834.6666666667,100.0,21749.91,1056.6666666666667,412.58,2769.726666666667,0,0.0,0.4999999999999999,0.8660254037844387,-0.9749279121818236,-0.2225209339563146,178.9539999999106
146.66666666666666,32.49333333333333,1257.6,1.5333333333333334,4.533333333333333,179131.73333333334,100.0,21722.09,1040.6666666666667,523.51,2758.8340000000003,0,0.0,0.4999999999999999,0.8660254037844387,-0.9749279121818236,-0.2225209339563146,190.6680000014603
80.66666666666667,33.26266666666667,898.6,0.8,2.8,43690.66666666666,100.0,0.0,1080.0,1500.0,2753.7446666666665,0,0.0,0.7071067811865475,0.7071067811865476,-0.9749279121818236,-0.2225209339563146,174.00949999690056
0.0,32.06933333333333,1211.6,0.0,0.0,8738.133333333333,100.0,57939.33,1052.0,372.51,2754.6693333333333,0,0.0,0.7071067811865475,0.7071067811865476,-0.9749279121818236,-0.2225209339563146,59.69150000065565
80.66666666666667,31.27133333333333,858.7333333333333,1.0,3.2666666666666666,187869.86666666667,91.0,28750.31,1044.6666666666667,200.87,2746.2906666666668,0,0.0,0.7071067811865475,0.7071067811865476,-0.9749279121818236,-0.2225209339563146,133.08500000089407
188.0,29.954666666666665,1176.8,1.0,3.866666666666666,100488.53333333334,100.0,41951.06,1033.3333333333333,220.45,2744.46,0,0.0,0.7071067811865475,0.7071067811865476,-0.9749279121818236,-0.2225209339563146,184.9499999992549
208.0,29.944666666666667,1012.6666666666666,1.0666666666666669,7.6,192238.9333333333,100.0,31428.19,1036.0,396.68,2738.095333333333,0,0.0,0.8660254037844386,0.5000000000000001,-0.9749279121818236,-0.2225209339563146,134.49799999967215
54.0,29.17533333333333,849.8666666666667,0.2,5.6,187869.86666666667,100.0,26778.84,1048.0,416.71,2738.246,0,0.0,0.8660254037844386,0.5000000000000001,-0.9749279121818236,-0.2225209339563146,185.32400000095367
283.3333333333333,30.186666666666667,1115.5333333333333,1.7333333333333334,7.2,183500.8,100.0,44180.41,1053.3333333333333,140.83,2737.2273333333333,0,0.0,0.8660254037844386,0.5000000000000001,-0.9749279121818236,-0.2225209339563146,166.74599999934435
293.3333333333333,30.57133333333333,501.0,0.0,5.666666666666667,48059.73333333333,100.0,31365.32,1036.6666666666667,209.11,2734.4073333333336,0,0.0,0.8660254037844386,0.5000000000000001,-0.9749279121818236,-0.2225209339563146,161.16499999910593
26.666666666666668,29.912,875.8666666666667,1.5333333333333334,2.933333333333333,144179.2,94.0,23315.69,1035.3333333333333,339.99,2735.960666666667,0,0.0,0.9659258262890684,0.2588190451025207,-0.9749279121818236,-0.2225209339563146,120.23699999973178
224.0,30.51533333333333,1328.0666666666666,1.6666666666666667,8.4,209715.2,100.0,33255.75,1036.0,171.32,2732.8326666666667,0,0.0,0.9659258262890684,0.2588190451025207,-0.9749279121818236,-0.2225209339563146,183.214999999851
270.6666666666667,29.654666666666667,752.8666666666667,0.6,2.4,139810.13333333333,88.0,28356.98,1036.6666666666667,259.29,2730.284666666667,0,0.0,0.9659258262890684,0.2588190451025207,-0.9749279121818236,-0.2225209339563146,157.11500000208616
274.6666666666667,30.242,1256.9333333333334,1.0,8.4,179131.73333333334,100.0,21758.66,1055.3333333333333,349.78,2735.1600000000003,0,0.0,0.9659258262890684,0.2588190451025207,-0.9749279121818236,-0.2225209339563146,158.910000000149
227.3333333333333,31.218,1346.0666666666666,1.0666666666666669,4.6,161655.46666666667,100.0,30826.87,1022.6666666666666,285.87,2731.74,0,0.0,1.0,6.123233995736766e-17,-0.9749279121818236,-0.2225209339563146,184.5580000020564
214.66666666666663,30.958,1110.5333333333333,1.3333333333333333,2.2666666666666666,170393.6,100.0,28754.76,1028.6666666666667,315.42,2729.052666666667,0,0.0,1.0,6.123233995736766e-17,-0.9749279121818236,-0.2225209339563146,159.7919999957085
54.0,30.394,962.9333333333332,0.0666666666666666,6.533333333333333,8738.133333333333,93.33333333333331,0.0,990.0,90.6,2737.179333333333,0,0.0,1.0,6.123233995736766e-17,-0.9749279121818236,-0.2225209339563146,162.06600000336766
0.0,29.80133333333333,1245.0,0.0,0.0,0.0,80.0,0.0,990.0,90.6,2738.0,0,0.0,1.0,6.123233995736766e-17,-0.9749279121818236,-0.2225209339563146,58.33599999919534
26.666666666666668,28.762666666666668,830.4,0.0666666666666666,0.0,56797.86666666667,89.33333333333333,30327.55,1006.6666666666666,277.44,2726.502,0,0.0,0.9659258262890684,-0.2588190451025206,-0.9749279121818236,-0.2225209339563146,48.29800000041723
54.0,27.176666666666662,1268.2666666666669,1.0,4.666666666666667,196608.0,100.0,30349.52,1037.3333333333333,412.44,2735.344,0,0.0,0.9659258262890684,-0.2588190451025206,-0.9749279121818236,-0.2225209339563146,160.10999999940395
68.0,25.498,1099.2666666666669,0.6666666666666666,6.866666666666666,179131.73333333334,100.0,34370.79,1048.0,320.58,2729.8686666666667,0,0.0,0.9659258262890684,-0.2588190451025206,-0.9749279121818236,-0.2225209339563146,173.57699999958277
293.3333333333333,25.064666666666668,1127.2666666666669,0.6,13.533333333333331,166024.53333333333,100.0,23673.15,1028.6666666666667,369.2,2734.0966666666664,0,0.0,0.9659258262890684,-0.2588190451025206,-0.9749279121818236,-0.2225209339563146,176.96799999848008
441.3333333333333,29.288,1074.4,1.8,4.133333333333334,196608.0,100.0,26817.16,1036.6666666666667,303.89,2733.822,0,0.0,0.8660254037844387,-0.4999999999999998,-0.9749279121818236,-0.2225209339563146,169.69099999964237
146.66666666666666,29.796,1103.7333333333331,0.8666666666666667,3.0,205346.13333333333,100.0,34248.63,1036.6666666666667,190.35,2735.369333333333,0,0.0,0.8660254037844387,-0.4999999999999998,-0.9749279121818236,-0.2225209339563146,187.71300000324845
377.3333333333333,30.128666666666668,736.9333333333333,0.9333333333333332,2.8666666666666667,74274.13333333333,91.33333333333331,40775.350000000006,1036.6666666666667,170.76999999999998,2732.045333333333,0,0.0,0.8660254037844387,-0.4999999999999998,-0.9749279121818236,-0.2225209339563146,151.14750000089407
0.0,30.711333333333336,833.6,0.9333333333333332,4.333333333333333,83012.26666666666,93.66666666666669,27312.67,1066.0,326.08,2735.826,0,0.0,0.8660254037844387,-0.4999999999999998,-0.9749279121818236,-0.2225209339563146,152.45449999719858
242.0,31.15,1315.3333333333333,2.0,4.466666666666667,170393.6,100.0,32524.83,1046.6666666666667,165.15,2734.099333333333,0,0.0,0.7071067811865476,-0.7071067811865475,-0.9749279121818236,-0.2225209339563146,161.55099999904633
0.0,31.396666666666665,708.6,0.5333333333333333,0.7333333333333333,83012.26666666666,98.33333333333331,24497.77,1026.6666666666667,272.27,2735.711333333333,0,0.0,0.7071067811865476,-0.7071067811865475,-0.9749279121818236,-0.2225209339563146,147.7769999988377
41.333333333333336,31.626666666666665,1185.4,1.2,4.466666666666667,122333.86666666668,100.0,37590.42,1046.0,145.55,2736.8446666666664,0,0.0,0.7071067811865476,-0.7071067811865475,-0.9749279121818236,-0.2225209339563146,159.26800000295043
214.66666666666663,32.10666666666666,1251.6,0.8666666666666667,5.533333333333333,183500.8,98.66666666666669,21975.3,1054.6666666666667,298.41,2728.224,0,0.0,0.7071067811865476,-0.7071067811865475,-0.9749279121818236,-0.2225209339563146,163.30399999767542
0.0,31.790000000000003,1103.8,1.8,8.0,157286.4,100.0,47481.68,1019.3333333333334,300.19,2734.8706666666667,0,0.0,0.4999999999999999,-0.8660254037844387,-0.9749279121818236,-0.2225209339563146,172.50100000202656
74.0,32.32266666666667,523.0,2.0,6.6,152917.33333333334,100.0,34556.869999999995,1040.0,436.7,2733.2793333333334,0,0.0,0.4999999999999999,-0.8660254037844387,-0.9749279121818236,-0.2225209339563146,151.5460000000894
146.66666666666666,32.919333333333334,1294.6666666666667,2.6666666666666665,15.0,135441.06666666668,100.0,23225.3,1028.0,302.91,2734.7533333333336,0,0.0,0.4999999999999999,-0.8660254037844387,-0.9749279121818236,-0.2225209339563146,171.4919999986887
320.0,33.346,932.0,1.4666666666666666,3.8,200977.06666666668,100.0,29039.45,1023.3333333333334,257.37,2731.1626666666666,0,0.0,0.4999999999999999,-0.8660254037844387,-0.9749279121818236,-0.2225209339563146,174.50899999961257
200.66666666666663,33.37266666666667,1120.6,0.3333333333333333,5.066666666666666,65536.0,100.0,36363.49,1022.0,199.88,2730.717333333333,0,0.0,0.258819045102521,-0.9659258262890682,-0.9749279121818236,-0.2225209339563146,168.26800000295043
214.66666666666663,33.138,961.6,0.4666666666666667,8.8,183500.8,100.0,22283.58,1054.6666666666667,375.26,2734.2526666666668,0,0.0,0.258819045102521,-0.9659258262890682,-0.9749279121818236,-0.2225209339563146,137.53399999812245
95.33333333333331,32.79066666666667,1242.6666666666667,1.7333333333333334,7.133333333333334,179131.73333333334,100.0,31716.76,1035.3333333333333,168.63,2745.6626666666666,0,0.0,0.258819045102521,-0.9659258262890682,-0.9749279121818236,-0.2225209339563146,174.5269999988377
272.0,32.67333333333333,476.2,0.0666666666666666,1.6666666666666667,52428.8,100.0,52599.04,1027.3333333333333,113.79,2750.002,0,0.0,0.258819045102521,-0.9659258262890682,-0.9749279121818236,-0.2225209339563146,168.19500000029802
173.33333333333334,33.326,851.6666666666666,0.0,0.2,0.0,100.0,7362.26,1010.0,356.7,2741.101333333333,0,0.0,1.2246467991473532e-16,-1.0,-0.9749279121818236,-0.2225209339563146,70.03900000080466
0.0,32.91866666666667,1218.0,0.0,0.0,52428.8,100.0,38017.58,1018.6666666666666,231.47,2735.966,0,0.0,1.2246467991473532e-16,-1.0,-0.9749279121818236,-0.2225209339563146,52.372999999672174
100.66666666666669,31.566,748.5333333333333,0.4,2.0,117964.8,100.0,31630.26,1048.0,478.61,2736.5946666666664,0,0.0,1.2246467991473532e-16,-1.0,-0.9749279121818236,-0.2225209339563146,110.33500000089408
0.0,31.124666666666663,1382.2666666666669,1.2,10.333333333333334,205346.13333333333,100.0,27630.05,1068.6666666666667,311.32,2754.7073333333333,0,0.0,1.2246467991473532e-16,-1.0,-0.9749279121818236,-0.2225209339563146,181.88399999961257
110.66666666666669,30.874,905.8,1.6666666666666667,7.533333333333333,148548.26666666666,100.0,32877.61,1045.3333333333333,278.63,2747.4013333333337,0,0.0,-0.2588190451025208,-0.9659258262890684,-0.9749279121818236,-0.2225209339563146,169.8100000023842
121.33333333333331,32.718,1148.0,1.0,6.333333333333333,214084.26666666663,100.0,24711.81,1056.0,302.4,2744.778,0,0.0,-0.2588190451025208,-0.9659258262890684,-0.9749279121818236,-0.2225209339563146,153.73499999940395
227.3333333333333,33.028,1303.0,1.7333333333333334,5.933333333333334,231560.53333333333,100.0,33506.75,1062.6666666666667,237.1,2740.38,0,0.0,-0.2588190451025208,-0.9659258262890684,-0.9749279121818236,-0.2225209339563146,193.6429999992252
415.3333333333333,33.49666666666666,460.06666666666666,0.8666666666666667,2.2,39321.6,100.0,41860.59,1042.6666666666667,228.68,2732.6046666666666,0,0.0,-0.2588190451025208,-0.9659258262890684,-0.9749279121818236,-0.2225209339563146,165.1899999976158
173.33333333333334,33.42133333333333,784.9333333333333,2.1333333333333333,2.1333333333333333,83012.26666666666,100.0,49351.3,1026.0,200.97,2727.738666666666,0,0.0,-0.4999999999999997,-0.8660254037844388,-0.9749279121818236,-0.2225209339563146,123.51400000229478
218.0,33.175333333333334,666.9333333333333,1.2666666666666666,5.266666666666667,113595.73333333334,100.0,27115.01,1024.0,366.92,2723.9460000000004,0,0.0,-0.4999999999999997,-0.8660254037844388,-0.9749279121818236,-0.2225209339563146,133.47499999776483
98.0,33.07533333333333,985.2666666666668,1.0,2.333333333333333,139810.13333333333,100.0,42429.15,1056.0,151.35,2718.286666666667,0,0.0,-0.4999999999999997,-0.8660254037844388,-0.9749279121818236,-0.2225209339563146,173.5380000025034
0.0,33.082,831.7333333333333,0.6,1.2666666666666666,39321.6,100.0,32725.35,1014.6666666666666,134.82,2715.6940000000004,0,0.0,-0.4999999999999997,-0.8660254037844388,-0.9749279121818236,-0.2225209339563146,155.5219999998808
0.0,33.122,881.4666666666667,0.0666666666666666,0.8,56797.86666666667,100.0,35332.79,1012.0,324.31,2709.396666666667,0,0.0,-0.7071067811865471,-0.7071067811865479,-0.9749279121818236,-0.2225209339563146,70.4349999986589
146.66666666666666,31.95266666666667,911.7333333333332,2.066666666666667,5.4,187869.86666666667,100.0,37691.1,1054.0,332.24,2699.659333333333,0,0.0,-0.7071067811865471,-0.7071067811865479,-0.9749279121818236,-0.2225209339563146,123.92700000107288
68.0,31.054,1071.5333333333333,2.0,3.6666666666666665,131072.0,100.0,24613.66,1042.0,278.99,2695.3613333333333,0,0.0,-0.7071067811865471,-0.7071067811865479,-0.9749279121818236,-0.2225209339563146,170.23999999836087
430.6666666666667,32.138666666666666,1135.9333333333334,1.6666666666666667,2.6,157286.4,100.0,31329.05,1053.3333333333333,407.02,2690.842,0,0.0,-0.7071067811865471,-0.7071067811865479,-0.9749279121818236,-0.2225209339563146,185.86250000074503
68.0,32.832,796.6666666666666,1.8,3.6666666666666665,96119.46666666666,100.0,37831.41,1027.3333333333333,248.18,2687.6386666666667,0,0.0,-0.8660254037844384,-0.5000000000000004,-0.9749279121818236,-0.2225209339563146,161.9805000014603
156.66666666666666,33.187333333333335,745.3333333333334,0.2,5.533333333333333,122333.86666666668,100.0,37006.1,1030.0,247.91,2680.6113333333333,0,0.0,-0.8660254037844384,-0.5000000000000004,-0.9749279121818236,-0.2225209339563146,139.30499999970198
200.66666666666663,33.20733333333333,750.7333333333333,1.4666666666666666,4.933333333333334,96119.46666666666,100.0,26977.84,1061.3333333333333,363.59,2676.686666666667,0,0.0,-0.8660254037844384,-0.5000000000000004,-0.9749279121818236,-0.2225209339563146,123.9049999974668
640.6666666666666,33.129333333333335,1305.0666666666666,1.8666666666666667,8.066666666666666,218453.3333333333,100.0,24686.46,1045.3333333333333,295.79,2669.518,0,0.0,-0.8660254037844384,-0.5000000000000004,-0.9749279121818236,-0.2225209339563146,154.74300000071526
182.0,33.556,1138.2,0.8666666666666667,4.733333333333333,170393.6,100.0,31024.0,1044.0,195.95,2666.764666666667,0,0.0,-0.9659258262890684,-0.2588190451025206,-0.9749279121818236,-0.2225209339563146,189.47900000214577
364.6666666666667,33.73066666666667,846.6,1.4666666666666666,3.733333333333333,170393.6,55.66666666666666,32197.83,1030.6666666666667,269.57,2655.0706666666665,0,0.0,-0.9659258262890684,-0.2588190451025206,-0.9749279121818236,-0.2225209339563146,163.29399999976158
146.66666666666666,34.31133333333333,1063.2,0.0,2.8666666666666667,0.0,5.0,48909.08,1044.0,112.61,2648.1453333333334,0,0.0,-0.9659258262890684,-0.2588190451025206,-0.9749279121818236,-0.2225209339563146,168.61600000038743
293.3333333333333,33.302,479.73333333333335,0.0,2.4,83012.26666666666,5.0,47345.05,1038.0,384.3,2652.192,0,0.0,-0.9659258262890684,-0.2588190451025206,-0.9749279121818236,-0.2225209339563146,142.6440000012517
95.33333333333331,32.946,910.4666666666668,0.0,10.333333333333334,161655.46666666667,47.0,46949.06,1036.0,227.25,2659.0873333333334,0,0.0,-1.0,-1.8369701987210292e-16,-0.9749279121818236,-0.2225209339563146,152.29799999669194
286.6666666666667,32.924,867.8,0.0,2.1333333333333333,52428.8,50.0,47778.3,1060.0,266.16,2658.394,0,0.0,-1.0,-1.8369701987210292e-16,-0.9749279121818236,-0.2225209339563146,154.67799999937415
0.0,32.11266666666667,538.2,0.0,2.0,43690.66666666666,50.0,0.0,1020.0,99.0,2686.527333333333,0,0.0,-1.0,-1.8369701987210292e-16,-0.9749279121818236,-0.2225209339563146,179.0460000000894
0.0,29.119333333333334,2.0,0.0,0.0,0.0,50.0,0.0,1020.0,99.0,2726.7046666666665,0,1.0,-1.0,-1.8369701987210292e-16,-0.9749279121818236,-0.2225209339563146,24.691000003367662
0.0,27.07333333333333,2.0,0.0,0.0,0.0,50.0,0.0,1020.0,99.0,2724.308,1,1.0,-0.9659258262890684,0.2588190451025203,-0.9749279121818236,-0.2225209339563146,18.20699999853969
0.0,25.92866666666667,2.0,0.0,0.0,0.0,50.0,0.0,1020.0,99.0,2736.483333333333,1,1.0,-0.9659258262890684,0.2588190451025203,-0.9749279121818236,-0.2225209339563146,9.653999999165537
0.0,24.990666666666662,2.0,0.0,0.0,0.0,50.0,0.0,1020.0,99.0,2742.7526666666668,1,1.0,-0.9659258262890684,0.2588190451025203,-0.9749279121818236,-0.2225209339563146,9.805000003427269
0.0,24.132,2.0,0.0,0.0,0.0,50.0,0.0,1020.0,99.0,2745.3146666666667,1,1.0,-0.9659258262890684,0.2588190451025203,-0.9749279121818236,-0.2225209339563146,9.61099999770522
0.0,23.654,2.0,0.0,0.0,0.0,50.0,0.0,1020.0,99.0,2750.2580000000003,1,1.0,-0.8660254037844386,0.5000000000000001,-0.9749279121818236,-0.2225209339563146,10.157999999821186
0.0,22.826666666666664,2.0,0.0,0.0,0.0,50.0,0.0,1020.0,99.0,2760.7486666666664,1,1.0,-0.8660254037844386,0.5000000000000001,-0.9749279121818236,-0.2225209339563146,9.962999999523165
0.0,22.434,2.0,0.0,0.0,0.0,50.0,0.0,1020.0,99.0,2770.436666666667,1,1.0,-0.8660254037844386,0.5000000000000001,-0.9749279121818236,-0.2225209339563146,9.89699999988079
0.0,22.174,2.0,0.0,0.0,0.0,50.0,0.0,1020.0,99.0,2779.88,1,1.0,-0.8660254037844386,0.5000000000000001,-0.9749279121818236,-0.2225209339563146,9.855000000447037
0.0,22.278,2.0,0.0,0.0,0.0,50.0,0.0,1020.0,99.0,2781.4553333333333,1,1.0,-0.7071067811865477,0.7071067811865474,-0.9749279121818236,-0.2225209339563146,9.99100000038743
0.0,22.505333333333333,2.0,0.0,0.0,0.0,50.0,0.0,1020.0,99.0,2782.0026666666668,1,1.0,-0.7071067811865477,0.7071067811865474,-0.9749279121818236,-0.2225209339563146,9.877000000327826
0.0,22.654,2.0,0.0,0.0,0.0,50.0,0.0,1020.0,99.0,2783.188666666667,1,1.0,-0.7071067811865477,0.7071067811865474,-0.9749279121818236,-0.2225209339563146,10.416999999433756
0.0,22.888,2.0,0.0,0.0,0.0,50.0,0.0,1020.0,99.0,2783.4986666666664,1,1.0,-0.7071067811865477,0.7071067811865474,-0.9749279121818236,-0.2225209339563146,9.706999998539686
0.0,23.209333333333333,2.0,0.0,0.0,0.0,50.0,0.0,1020.0,99.0,2783.503333333333,1,1.0,-0.5000000000000004,0.8660254037844384,-0.9749279121818236,-0.2225209339563146,10.56700000166893
0.0,23.421333333333333,2.0,0.0,0.0,0.0,50.0,0.0,1020.0,99.0,2783.6086666666665,1,1.0,-0.5000000000000004,0.8660254037844384,-0.9749279121818236,-0.2225209339563146,9.62999999895692
0.0,23.580666666666666,2.0,0.0,0.0,0.0,50.0,0.0,1020.0,99.0,2783.6446666666666,1,1.0,-0.5000000000000004,0.8660254037844384,-0.9749279121818236,-0.2225209339563146,10.74500000104308
0.0,23.618,2.0,0.0,0.0,0.0,50.0,0.0,1020.0,99.0,2783.6313333333333,1,1.0,-0.5000000000000004,0.8660254037844384,-0.9749279121818236,-0.2225209339563146,9.936000000685452
0.0,23.666,2.0,0.0,0.0,0.0,50.0,0.0,1020.0,99.0,2783.172666666667,1,1.0,-0.2588190451025215,0.965925826289068,-0.9749279121818236,-0.2225209339563146,10.752999998629091
0.0,23.616,2.0,0.0,0.0,0.0,50.0,0.0,1020.0,99.0,2783.2806666666665,1,1.0,-0.2588190451025215,0.965925826289068,-0.9749279121818236,-0.2225209339563146,9.989000000059605
0.0,23.52,2.0,0.0,0.0,0.0,50.0,0.0,1020.0,99.0,2783.088,1,1.0,-0.2588190451025215,0.965925826289068,-0.9749279121818236,-0.2225209339563146,10.63399999961257
0.0,23.53533333333333,2.0,0.0,0.0,0.0,50.0,0.0,1020.0,99.0,2783.1326666666664,1,1.0,-0.2588190451025215,0.965925826289068,-0.9749279121818236,-0.2225209339563146,9.802999999374151
0.0,23.488666666666667,2.0,0.0,0.0,0.0,50.0,0.0,1020.0,99.0,2783.143333333333,1,1.0,0.0,1.0,-0.7818314824680299,0.6234898018587334,10.339999999850988
0.0,23.382,2.0,0.0,0.0,0.0,50.0,0.0,1020.0,99.0,2783.324,1,1.0,0.0,1.0,-0.7818314824680299,0.6234898018587334,10.569000001996756
0.0,23.304,2.0,0.0,0.0,0.0,50.0,0.0,1020.0,99.0,2782.741333333333,1,1.0,0.0,1.0,-0.7818314824680299,0.6234898018587334,11.232999999076128
0.0,23.350666666666665,2.0,0.0,0.0,0.0,50.0,0.0,1020.0,99.0,2782.8106666666667,1,1.0,0.0,1.0,-0.7818314824680299,0.6234898018587334,8.245999999344349
0.0,23.42,2.0,0.0,0.0,0.0,46.66666666666666,0.0,1020.0,99.0,2782.717333333333,1,1.0,0.2588190451025207,0.9659258262890684,-0.7818314824680299,0.6234898018587334,8.063000001013279
0.0,23.484,2.0,0.0,0.0,0.0,50.0,0.0,1020.0,99.0,2782.801333333334,1,1.0,0.2588190451025207,0.9659258262890684,-0.7818314824680299,0.6234898018587334,7.436999998986721
0.0,23.452,2.0,0.0,0.0,0.0,50.0,0.0,1020.0,99.0,2782.749333333333,1,1.0,0.2588190451025207,0.9659258262890684,-0.7818314824680299,0.6234898018587334,8.146000001579523
0.0,23.47,2.0,0.0,0.0,0.0,50.0,0.0,1020.0,99.0,2782.2546666666667,1,1.0,0.2588190451025207,0.9659258262890684,-0.7818314824680299,0.6234898018587334,7.291999999433756
0.0,23.558,2.0,0.0,0.0,0.0,50.0,0.0,1020.0,99.0,2782.3426666666664,1,1.0,0.4999999999999999,0.8660254037844387,-0.7818314824680299,0.6234898018587334,8.265499997884035
0.0,23.584,2.0,0.0,0.0,0.0,50.0,0.0,1020.0,99.0,2781.9166666666665,1,1.0,0.4999999999999999,0.8660254037844387,-0.7818314824680299,0.6234898018587334,7.322500001639128
0.0,23.608,2.0,0.0,0.0,0.0,50.0,0.0,1020.0,99.0,2782.0353333333333,1,1.0,0.4999999999999999,0.8660254037844387,-0.7818314824680299,0.6234898018587334,7.657999999821186
0.0,23.586,2.0,0.0,0.0,0.0,50.0,0.0,1020.0,99.0,2782.0180000000005,1,1.0,0.4999999999999999,0.8660254037844387,-0.7818314824680299,0.6234898018587334,7.944000001996756
0.0,23.59,2.0,0.0,0.0,0.0,50.0,0.0,1020.0,99.0,2781.800666666667,1,1.0,0.7071067811865475,0.7071067811865476,-0.7818314824680299,0.6234898018587334,9.989000000059605
0.0,23.519333333333336,2.0,0.0,0.0,0.0,50.0,0.0,1020.0,99.0,2781.550666666667,1,1.0,0.7071067811865475,0.7071067811865476,-0.7818314824680299,0.6234898018587334,11.220999997109177
0.0,23.504666666666665,2.0,0.0,0.0,0.0,50.0,0.0,1020.0,99.0,2781.335333333333,1,1.0,0.7071067811865475,0.7071067811865476,-0.7818314824680299,0.6234898018587334,8.578000001609325
0.0,23.416,2.0,0.0,0.0,0.0,50.0,0.0,1020.0,99.0,2781.3206666666665,1,1.0,0.7071067811865475,0.7071067811865476,-0.7818314824680299,0.6234898018587334,7.903999999165535
0.0,23.15533333333333,2.0,0.0,0.0,0.0,50.0,0.0,1020.0,99.0,2781.25,1,1.0,0.8660254037844386,0.5000000000000001,-0.7818314824680299,0.6234898018587334,7.771999999880791
0.0,22.994666666666667,2.0,0.0,0.0,0.0,50.0,0.0,1020.0,99.0,2781.074,1,1.0,0.8660254037844386,0.5000000000000001,-0.7818314824680299,0.6234898018587334,8.153000000864267
0.0,23.052666666666667,2.0,0.0,0.0,0.0,50.0,0.0,1020.0,99.0,2781.307333333333,1,1.0,0.8660254037844386,0.5000000000000001,-0.7818314824680299,0.6234898018587334,7.864000000059605
0.0,23.128,2.0,0.0,0.0,0.0,50.0,0.0,1020.0,99.0,2781.244,1,1.0,0.8660254037844386,0.5000000000000001,-0.7818314824680299,0.6234898018587334,7.46000000089407
0.0,23.16,2.0,0.0,0.0,0.0,50.0,0.0,1020.0,99.0,2780.73,1,1.0,0.9659258262890684,0.2588190451025207,-0.7818314824680299,0.6234898018587334,8.49100000038743
0.0,23.08533333333333,2.0,0.0,0.0,0.0,50.0,0.0,1020.0,99.0,2780.8173333333334,1,1.0,0.9659258262890684,0.2588190451025207,-0.7818314824680299,0.6234898018587334,8.230000000447035
0.0,22.862666666666662,2.0,0.0,0.0,0.0,50.0,0.0,1020.0,99.0,2780.983333333333,1,1.0,0.9659258262890684,0.2588190451025207,-0.7818314824680299,0.6234898018587334,8.025999996811152
0.0,22.78666666666667,2.0,0.0,0.0,0.0,50.0,0.0,1020.0,99.0,2780.428,1,1.0,0.9659258262890684,0.2588190451025207,-0.7818314824680299,0.6234898018587334,8.119000002741814
0.0,22.934,2.0,0.0,0.0,0.0,50.0,0.0,1020.0,99.0,2780.7566666666667,1,1.0,1.0,6.123233995736766e-17,-0.7818314824680299,0.6234898018587334,7.94199999794364
0.0,22.767333333333333,2.0,0.0,0.0,0.0,50.0,0.0,1020.0,99.0,2779.988666666666,1,1.0,1.0,6.123233995736766e-17,-0.7818314824680299,0.6234898018587334,8.111999999731779
0.0,22.58066666666667,2.0,0.0,0.0,0.0,50.0,0.0,1020.0,99.0,2779.928,1,1.0,1.0,6.123233995736766e-17,-0.7818314824680299,0.6234898018587334,9.256500001996756
0.0,22.432666666666663,2.0,0.0,0.0,0.0,50.0,0.0,1020.0,99.0,2780.295333333333,1,1.0,1.0,6.123233995736766e-17,-0.7818314824680299,0.6234898018587334,10.908499997109177
0.0,22.386000000000003,2.0,0.0,0.0,0.0,50.0,0.0,1020.0,99.0,2780.197333333333,1,1.0,0.9659258262890684,-0.2588190451025206,-0.7818314824680299,0.6234898018587334,9.752000000327826
0.0,22.282,2.0,0.0,0.0,0.0,50.0,0.0,1020.0,99.0,2780.504,1,1.0,0.9659258262890684,-0.2588190451025206,-0.7818314824680299,0.6234898018587334,7.7479999996721745
0.0,22.308,2.0,0.0,0.0,0.0,50.0,0.0,1020.0,99.0,2780.1026666666667,1,1.0,0.9659258262890684,-0.2588190451025206,-0.7818314824680299,0.6234898018587334,8.771000001579523
0.0,22.298,2.0,0.0,0.0,0.0,50.0,0.0,1020.0,99.0,2780.478,1,1.0,0.9659258262890684,-0.2588190451025206,-0.7818314824680299,0.6234898018587334,7.966499999165535
0.0,22.41,2.0,0.0,0.0,0.0,46.66666666666666,0.0,1020.0,99.0,2780.150666666667,1,1.0,0.8660254037844387,-0.4999999999999998,-0.7818314824680299,0.6234898018587334,8.338500000536442
0.0,22.474666666666668,2.0,0.0,0.0,0.0,50.0,0.0,1020.0,99.0,2779.914,1,1.0,0.8660254037844387,-0.4999999999999998,-0.7818314824680299,0.6234898018587334,7.779000002890825
0.0,22.499333333333333,2.0,0.0,0.0,0.0,50.0,0.0,1020.0,99.0,2779.548,1,1.0,0.8660254037844387,-0.4999999999999998,-0.7818314824680299,0.6234898018587334,8.567999996244907
0.0,22.44533333333333,2.0,0.0,0.0,0.0,50.0,0.0,1020.0,99.0,2779.1093333333333,1,1.0,0.8660254037844387,-0.4999999999999998,-0.7818314824680299,0.6234898018587334,7.819000001996756
0.0,22.461333333333336,2.0,0.0,0.0,0.0,50.0,0.0,1020.0,99.0,2779.164,1,1.0,0.7071067811865476,-0.7071067811865475,-0.7818314824680299,0.6234898018587334,8.824000000953674
0.0,22.546666666666667,473.2,0.0,0.0,0.0,50.0,0.0,1020.0,99.0,2779.1206666666667,1,1.0,0.7071067811865476,-0.7071067811865475,-0.7818314824680299,0.6234898018587334,5.483999997377396
0.0,22.77533333333333,4.0,0.0,0.0,0.0,50.0,0.0,1020.0,99.0,2779.26,1,1.0,0.7071067811865476,-0.7071067811865475,-0.7818314824680299,0.6234898018587334,5.824000000953674
0.0,23.06733333333333,4.0,0.0,0.0,0.0,50.0,0.0,1020.0,99.0,2779.386,1,1.0,0.7071067811865476,-0.7071067811865475,-0.7818314824680299,0.6234898018587334,5.167999997735024
0.0,23.348666666666663,4.0,0.0,0.0,0.0,50.0,0.0,1020.0,99.0,2779.0666666666666,1,1.0,0.4999999999999999,-0.8660254037844387,-0.7818314824680299,0.6234898018587334,7.2690000012516975
0.0,23.574666666666666,4.0,0.0,0.0,0.0,50.0,0.0,1020.0,99.0,2779.523333333333,1,1.0,0.4999999999999999,-0.8660254037844387,-0.7818314824680299,0.6234898018587334,8.0760000012815
0.0,23.86133333333333,4.0,0.0,0.0,0.0,50.0,0.0,1020.0,99.0,2779.106,1,1.0,0.4999999999999999,-0.8660254037844387,-0.7818314824680299,0.6234898018587334,7.192999999970198
0.0,24.166,4.0,0.0,0.0,0.0,50.0,0.0,1020.0,99.0,2779.027333333333,1,1.0,0.4999999999999999,-0.8660254037844387,-0.7818314824680299,0.6234898018587334,5.212000001221895
0.0,24.45533333333333,4.0,0.0,0.0,0.0,50.0,0.0,1020.0,99.0,2779.5246666666667,1,1.0,0.258819045102521,-0.9659258262890682,-0.7818314824680299,0.6234898018587334,5.614999998360872
0.0,24.75,4.0,0.0,0.0,0.0,50.0,0.0,1020.0,99.0,2779.7613333333334,1,1.0,0.258819045102521,-0.9659258262890682,-0.7818314824680299,0.6234898018587334,5.2639999985694885
0.0,24.966,4.0,0.0,0.0,0.0,50.0,0.0,1020.0,99.0,2779.038666666667,1,1.0,0.258819045102521,-0.9659258262890682,-0.7818314824680299,0.6234898018587334,5.234000001102686
0.0,25.142,4.0,0.0,0.0,0.0,50.0,0.0,1020.0,99.0,2778.921333333333,1,1.0,0.258819045102521,-0.9659258262890682,-0.7818314824680299,0.6234898018587334,5.804000001400709
0.0,25.377333333333336,4.0,0.0,0.0,0.0,50.0,0.0,1020.0,99.0,2778.816,1,1.0,1.2246467991473532e-16,-1.0,-0.7818314824680299,0.6234898018587334,5.488499999046326
0.0,25.636,4.0,0.0,0.0,0.0,50.0,0.0,1020.0,99.0,2778.7406666666666,1,1.0,1.2246467991473532e-16,-1.0,-0.7818314824680299,0.6234898018587334,9.889499999582767
0.0,25.857333333333333,4.0,0.0,0.0,0.0,50.0,0.0,1020.0,99.0,2778.786,1,1.0,1.2246467991473532e-16,-1.0,-0.7818314824680299,0.6234898018587334,11.423000000417233
0.0,26.072666666666667,4.0,0.0,0.0,0.0,50.0,0.0,1020.0,99.0,2778.882,1,1.0,1.2246467991473532e-16,-1.0,-0.7818314824680299,0.6234898018587334,12.22800000011921
0.0,26.316,4.0,0.0,0.0,0.0,50.0,0.0,1020.0,99.0,2778.754,1,1.0,-0.2588190451025208,-0.9659258262890684,-0.7818314824680299,0.6234898018587334,13.58500000089407
0.0,26.512666666666668,510.8,0.0,0.0,0.0,50.0,0.0,1020.0,99.0,2778.815333333333,1,1.0,-0.2588190451025208,-0.9659258262890684,-0.7818314824680299,0.6234898018587334,17.153999999165535
0.0,26.73333333333333,1268.0,0.0,0.0,0.0,50.0,0.0,1020.0,99.0,2778.638,1,1.0,-0.2588190451025208,-0.9659258262890684,-0.7818314824680299,0.6234898018587334,9.015999998897314
0.0,26.912666666666667,1268.0,0.0,0.0,0.0,50.0,0.0,1020.0,99.0,2778.46,1,1.0,-0.2588190451025208,-0.9659258262890684,-0.7818314824680299,0.6234898018587334,6.024999998509884
0.0,27.054,1268.0,0.0,0.0,0.0,50.0,0.0,1020.0,99.0,2778.412,1,1.0,-0.4999999999999997,-0.8660254037844388,-0.7818314824680299,0.6234898018587334,7.694000001996756
0.0,27.108,1268.0,0.0,0.0,0.0,50.0,0.0,1020.0,99.0,2778.2946666666667,1,1.0,-0.4999999999999997,-0.8660254037844388,-0.7818314824680299,0.6234898018587334,8.253000002354383
0.0,27.078,1268.0,0.0,0.0,0.0,50.0,0.0,1020.0,99.0,2778.3326666666667,1,1.0,-0.4999999999999997,-0.8660254037844388,-0.7818314824680299,0.6234898018587334,10.42899999767542
0.0,27.052000000000003,1268.0,0.0,0.0,0.0,50.0,0.0,1020.0,99.0,2778.1366666666668,1,1.0,-0.4999999999999997,-0.8660254037844388,-0.7818314824680299,0.6234898018587334,19.070000000298023
0.0,27.040000000000003,1268.0,0.0,0.0,0.0,50.0,0.0,1020.0,99.0,2778.114666666667,1,1.0,-0.7071067811865471,-0.7071067811865479,-0.7818314824680299,0.6234898018587334,17.16899999976158
0.0,27.004666666666665,1268.0,0.0,0.0,0.0,50.0,0.0,1020.0,99.0,2778.1726666666664,1,1.0,-0.7071067811865471,-0.7071067811865479,-0.7818314824680299,0.6234898018587334,25.32999999821186
0.0,27.032,1268.0,0.0,0.0,0.0,50.0,0.0,1020.0,99.0,2777.9506666666666,1,1.0,-0.7071067811865471,-0.7071067811865479,-0.7818314824680299,0.6234898018587334,20.68100000172853
0.0,27.01,1268.0,0.0,0.0,0.0,50.0,0.0,1020.0,99.0,2778.042,1,1.0,-0.7071067811865471,-0.7071067811865479,-0.7818314824680299,0.6234898018587334,25.50600000098348
0.0,26.730666666666668,1268.0,0.0,0.0,0.0,50.0,0.0,1020.0,99.0,2777.9966666666664,1,1.0,-0.8660254037844384,-0.5000000000000004,-0.7818314824680299,0.6234898018587334,14.36600000038743
0.0,26.514666666666663,1268.0,0.0,0.0,0.0,50.0,0.0,1020.0,99.0,2778.034666666667,1,1.0,-0.8660254037844384,-0.5000000000000004,-0.7818314824680299,0.6234898018587334,9.29050000011921
0.0,26.352,1268.0,0.0,0.0,0.0,50.0,0.0,1020.0,99.0,2778.0153333333333,1,1.0,-0.8660254037844384,-0.5000000000000004,-0.7818314824680299,0.6234898018587334,5.445999998599291
0.0,26.27,1268.0,0.0,0.0,0.0,50.0,0.0,1020.0,99.0,2777.738666666666,1,1.0,-0.8660254037844384,-0.5000000000000004,-0.7818314824680299,0.6234898018587334,5.424499999731779
0.0,26.126666666666665,1268.0,0.0,0.0,0.0,50.0,0.0,1020.0,99.0,2777.8686666666667,1,1.0,-0.9659258262890684,-0.2588190451025206,-0.7818314824680299,0.6234898018587334,5.1730000004172325
0.0,25.979333333333333,1268.0,0.0,0.0,0.0,50.0,0.0,1020.0,99.0,2778.024,1,1.0,-0.9659258262890684,-0.2588190451025206,-0.7818314824680299,0.6234898018587334,5.791999999433756
0.0,25.857333333333333,1268.0,0.0,0.0,0.0,50.0,0.0,1020.0,99.0,2777.712,1,1.0,-0.9659258262890684,-0.2588190451025206,-0.7818314824680299,0.6234898018587334,6.309000000357628
0.0,25.706000000000003,1268.0,0.0,0.0,0.0,46.66666666666666,0.0,1020.0,99.0,2777.690666666667,1,1.0,-0.9659258262890684,-0.2588190451025206,-0.7818314824680299,0.6234898018587334,20.313999999314547
0.0,25.660000000000004,1268.0,0.0,0.0,0.0,50.0,0.0,1020.0,99.0,2777.5913333333333,1,1.0,-1.0,-1.8369701987210292e-16,-0.7818314824680299,0.6234898018587334,23.583000000566244
0.0,25.558,1268.0,0.0,0.0,0.0,50.0,0.0,1020.0,99.0,2777.088666666667,1,1.0,-1.0,-1.8369701987210292e-16,-0.7818314824680299,0.6234898018587334,14.293000001460314
0.0,25.386000000000003,1268.0,0.0,0.0,0.0,50.0,0.0,1020.0,99.0,2776.98,1,1.0,-1.0,-1.8369701987210292e-16,-0.7818314824680299,0.6234898018587334,15.600999999791384
0.0,25.278,1268.0,0.0,0.0,0.0,50.0,0.0,1020.0,99.0,2777.2406666666666,1,1.0,-1.0,-1.8369701987210292e-16,-0.7818314824680299,0.6234898018587334,26.26300000026822
0.0,25.214,1268.0,0.0,0.0,0.0,50.0,0.0,1020.0,99.0,2777.7580000000003,1,1.0,-0.9659258262890684,0.2588190451025203,-0.7818314824680299,0.6234898018587334,20.385999999940395
0.0,25.13066666666667,1268.0,0.0,0.0,0.0,50.0,0.0,1020.0,99.0,2777.793333333333,1,1.0,-0.9659258262890684,0.2588190451025203,-0.7818314824680299,0.6234898018587334,24.21400000154972
0.0,25.022,1268.0,0.0,0.0,0.0,50.0,0.0,1020.0,99.0,2777.35,1,1.0,-0.9659258262890684,0.2588190451025203,-0.7818314824680299,0.6234898018587334,21.756999999284744
0.0,24.88,1268.0,0.0,0.0,0.0,50.0,0.0,1020.0,99.0,2777.2580000000003,1,1.0,-0.9659258262890684,0.2588190451025203,-0.7818314824680299,0.6234898018587334,12.49099999666214
0.0,24.726,1268.0,0.0,0.0,0.0,50.0,0.0,1020.0,99.0,2777.0840000000003,1,1.0,-0.8660254037844386,0.5000000000000001,-0.7818314824680299,0.6234898018587334,5.135999999940395
0.0,24.587333333333333,1268.0,0.0,0.0,0.0,46.66666666666666,0.0,1020.0,99.0,2776.9446666666668,1,1.0,-0.8660254037844386,0.5000000000000001,-0.7818314824680299,0.6234898018587334,5.814000003039837
0.0,24.486,1268.0,0.0,0.0,0.0,50.0,0.0,1020.0,99.0,2777.152666666667,1,1.0,-0.8660254037844386,0.5000000000000001,-0.7818314824680299,0.6234898018587334,5.158999998122454
0.0,24.346,1268.0,0.0,0.0,0.0,50.0,0.0,1020.0,99.0,2776.8706666666667,1,1.0,-0.8660254037844386,0.5000000000000001,-0.7818314824680299,0.6234898018587334,7.849000003188848
0.0,24.28,1268.0,0.0,0.0,0.0,50.0,0.0,1020.0,99.0,2776.6493333333333,1,1.0,-0.7071067811865477,0.7071067811865474,-0.7818314824680299,0.6234898018587334,14.073999997228384
0.0,24.182,1268.0,0.0,0.0,0.0,50.0,0.0,1020.0,99.0,2776.603333333333,1,1.0,-0.7071067811865477,0.7071067811865474,-0.7818314824680299,0.6234898018587334,25.67799999937415
0.0,24.066666666666663,1268.0,0.0,0.0,0.0,50.0,0.0,1020.0,99.0,2776.188666666667,1,1.0,-0.7071067811865477,0.7071067811865474,-0.7818314824680299,0.6234898018587334,22.26599999889732
0.0,23.802000000000003,1268.0,0.0,0.0,0.0,50.0,0.0,1020.0,99.0,2775.915333333333,1,1.0,-0.7071067811865477,0.7071067811865474,-0.7818314824680299,0.6234898018587334,5.663000002503395
0.0,23.676,1268.0,0.0,0.0,0.0,50.0,0.0,1020.0,99.0,2776.6313333333333,1,1.0,-0.5000000000000004,0.8660254037844384,-0.7818314824680299,0.6234898018587334,5.197000000625849
0.0,23.606,1268.0,0.0,0.0,0.0,50.0,0.0,1020.0,99.0,2776.526666666666,1,1.0,-0.5000000000000004,0.8660254037844384,-0.7818314824680299,0.6234898018587334,5.116999998688698
0.0,23.49866666666667,1268.0,0.0,0.0,0.0,50.0,0.0,1020.0,99.0,2776.440666666667,1,1.0,-0.5000000000000004,0.8660254037844384,-0.7818314824680299,0.6234898018587334,17.381999999284744
0.0,23.424,1268.0,0.0,0.0,0.0,46.66666666666666,0.0,1020.0,99.0,2776.505333333333,1,1.0,-0.5000000000000004,0.8660254037844384,-0.7818314824680299,0.6234898018587334,26.09200000017881
0.0,23.324,1268.0,0.0,0.0,0.0,50.0,0.0,1020.0,99.0,2776.333333333333,1,1.0,-0.2588190451025215,0.965925826289068,-0.7818314824680299,0.6234898018587334,21.096000000834465
0.0,23.16,1268.0,0.0,0.0,0.0,50.0,0.0,1020.0,99.0,2775.978666666667,1,1.0,-0.2588190451025215,0.965925826289068,-0.7818314824680299,0.6234898018587334,23.539000000804663
0.0,22.89133333333333,1268.0,0.0,0.0,0.0,50.0,0.0,1020.0,99.0,2775.784666666667,1,1.0,-0.2588190451025215,0.965925826289068,-0.7818314824680299,0.6234898018587334,24.57599999755621
0.0,22.735333333333333,1268.0,0.0,0.0,0.0,50.0,0.0,1020.0,99.0,2776.0646666666667,1,1.0,-0.2588190451025215,0.965925826289068,-0.7818314824680299,0.6234898018587334,24.41800000146032
0.0,22.662,1268.0,0.0,0.0,0.0,50.0,0.0,1020.0,99.0,2776.0153333333337,1,1.0,0.0,1.0,0.0,1.0,24.19600000232458
0.0,22.646,1268.0,0.0,0.0,0.0,50.0,0.0,1020.0,99.0,2775.792,1,1.0,0.0,1.0,0.0,1.0,7.064999997615814
0.0,22.72,1268.0,0.0,0.0,0.0,50.0,0.0,1020.0,99.0,2776.1586666666667,1,1.0,0.0,1.0,0.0,1.0,5.2650000005960464
0.0,22.714,1268.0,0.0,0.0,0.0,50.0,0.0,1020.0,99.0,2775.914,1,1.0,0.0,1.0,0.0,1.0,5.131999999284744
0.0,22.68,1268.0,0.0,0.0,0.0,50.0,0.0,1020.0,99.0,2775.936,1,1.0,0.2588190451025207,0.9659258262890684,0.0,1.0,5.7349999994039536
0.0,22.646,1268.0,0.0,0.0,0.0,50.0,0.0,1020.0,99.0,2775.746,1,1.0,0.2588190451025207,0.9659258262890684,0.0,1.0,22.63100000098348
0.0,22.642,1268.0,0.0,0.0,0.0,50.0,0.0,1020.0,99.0,2775.646,1,1.0,0.2588190451025207,0.9659258262890684,0.0,1.0,24.51400000229478
0.0,22.568,1268.0,0.0,0.0,0.0,50.0,0.0,1020.0,99.0,2775.35,1,1.0,0.2588190451025207,0.9659258262890684,0.0,1.0,15.592999998480082
0.0,22.492,1268.0,0.0,0.0,0.0,50.0,0.0,1020.0,99.0,2775.536666666667,1,1.0,0.4999999999999999,0.8660254037844387,0.0,1.0,5.705999996513128
0.0,22.48466666666667,1268.0,0.0,0.0,0.0,50.0,0.0,1020.0,99.0,2775.5033333333336,1,1.0,0.4999999999999999,0.8660254037844387,0.0,1.0,5.152000002563
0.0,22.496,1268.0,0.0,0.0,0.0,50.0,0.0,1020.0,99.0,2775.675333333333,1,1.0,0.4999999999999999,0.8660254037844387,0.0,1.0,19.131999999284744
0.0,22.511333333333333,1268.0,0.0,0.0,0.0,50.0,0.0,1020.0,99.0,2775.584666666666,1,1.0,0.4999999999999999,0.8660254037844387,0.0,1.0,26.652000002563
0.0,22.485333333333337,1268.0,0.0,0.0,0.0,50.0,0.0,1020.0,99.0,2775.548,1,1.0,0.7071067811865475,0.7071067811865476,0.0,1.0,24.618499998003244
0.0,22.48333333333333,1268.0,0.0,0.0,0.0,50.0,0.0,1020.0,99.0,2775.619333333333,1,1.0,0.7071067811865475,0.7071067811865476,0.0,1.0,22.90450000017881
0.0,22.458666666666662,1268.0,0.0,0.0,0.0,50.0,0.0,1020.0,99.0,2775.5,1,1.0,0.7071067811865475,0.7071067811865476,0.0,1.0,24.583000000566244
0.0,22.42,1268.0,0.0,0.0,0.0,50.0,0.0,1020.0,99.0,2775.4726666666666,1,1.0,0.7071067811865475,0.7071067811865476,0.0,1.0,22.355999998748302
0.0,22.404,1268.0,0.0,0.0,0.0,50.0,0.0,1020.0,99.0,2775.352,1,1.0,0.8660254037844386,0.5000000000000001,0.0,1.0,24.877999998629093
0.0,22.336,1268.0,0.0,0.0,0.0,50.0,0.0,1020.0,99.0,2775.198,1,1.0,0.8660254037844386,0.5000000000000001,0.0,1.0,18.57700000330805
0.0,22.258,1268.0,0.0,0.0,0.0,50.0,0.0,1020.0,99.0,2774.842,1,1.0,0.8660254037844386,0.5000000000000001,0.0,1.0,8.020999997854233
0.0,22.19933333333333,1268.0,0.0,0.0,0.0,50.0,0.0,1020.0,99.0,2774.757333333333,1,1.0,0.8660254037844386,0.5000000000000001,0.0,1.0,5.157999999821186
0.0,22.142,1268.0,0.0,0.0,0.0,50.0,0.0,1020.0,99.0,2774.958,1,1.0,0.9659258262890684,0.2588190451025207,0.0,1.0,5.577000003308058
0.0,22.044666666666664,1268.0,0.0,0.0,0.0,50.0,0.0,1020.0,99.0,2774.6940000000004,1,1.0,0.9659258262890684,0.2588190451025207,0.0,1.0,17.10699999704957
0.0,21.950666666666667,1268.0,0.0,0.0,0.0,50.0,0.0,1020.0,99.0,2774.5473333333334,1,1.0,0.9659258262890684,0.2588190451025207,0.0,1.0,30.10000000149012
0.0,21.862,1268.0,0.0,0.0,0.0,50.0,0.0,1020.0,99.0,2774.372666666666,1,1.0,0.9659258262890684,0.2588190451025207,0.0,1.0,20.167999997735023
0.0,21.808,1268.0,0.0,0.0,0.0,46.66666666666666,0.0,1020.0,99.0,2774.061333333333,1,1.0,1.0,6.123233995736766e-17,0.0,1.0,12.830000001937153
0.0,21.735333333333337,1268.0,0.0,0.0,0.0,50.0,0.0,1020.0,99.0,2774.233333333333,1,1.0,1.0,6.123233995736766e-17,0.0,1.0,5.149000000208616
0.0,21.636,1268.0,0.0,0.0,0.0,50.0,0.0,1020.0,99.0,2774.0473333333334,1,1.0,1.0,6.123233995736766e-17,0.0,1.0,5.68299999833107
0.0,21.518666666666668,1268.0,0.0,0.0,0.0,50.0,0.0,1020.0,99.0,2774.084666666666,1,1.0,1.0,6.123233995736766e-17,0.0,1.0,10.382000003010036
0.0,21.441333333333333,1268.0,0.0,0.0,0.0,46.66666666666666,0.0,1020.0,99.0,2774.0626666666667,1,1.0,0.9659258262890684,-0.2588190451025206,0.0,1.0,26.131999999284744
146.66666666666666,21.416,1268.0,0.0,0.0,0.0,50.0,0.0,1020.0,99.0,2774.1,1,1.0,0.9659258262890684,-0.2588190451025206,0.0,1.0,24.08299999684096
211.3333333333333,21.408,1250.3333333333333,0.0,0.0,0.0,50.0,0.0,1020.0,99.0,2773.671333333333,1,1.0,0.9659258262890684,-0.2588190451025206,0.0,1.0,27.21499999985099
0.0,21.287333333333333,1215.0,0.0,0.0,0.0,50.0,0.0,1020.0,99.0,2773.384666666667,1,1.0,0.9659258262890684,-0.2588190451025206,0.0,1.0,8.39300000295043
146.66666666666666,20.802666666666667,1237.9333333333334,0.0,0.0,0.0,50.0,0.0,1020.0,99.0,2759.000666666667,1,1.0,0.8660254037844387,-0.4999999999999998,0.0,1.0,12.377000000327826
146.66666666666666,20.188,317.0,0.0,0.0,0.0,50.0,0.0,1020.0,99.0,2765.402666666667,1,1.0,0.8660254037844387,-0.4999999999999998,0.0,1.0,26.91000000014901
0.0,20.214,2.0,0.0,0.0,0.0,50.0,0.0,1020.0,99.0,2774.8866666666668,1,1.0,0.8660254037844387,-0.4999999999999998,0.0,1.0,42.465999998152256
0.0,20.322666666666667,377.4666666666666,0.0,0.0,0.0,46.66666666666666,0.0,1020.0,99.0,2772.016,1,1.0,0.8660254037844387,-0.4999999999999998,0.0,1.0,45.37700000032783
0.0,20.55933333333333,2.0,0.0,2.6666666666666665,0.0,50.0,0.0,1020.0,99.0,2770.248,1,1.0,0.7071067811865476,-0.7071067811865475,0.0,1.0,44.50200000032783
0.0,20.804,2.0,0.0,4.133333333333334,0.0,50.0,0.0,1020.0,99.0,2767.2706666666663,1,1.0,0.7071067811865476,-0.7071067811865475,0.0,1.0,29.09299999848008
0.0,20.978,2.0,0.0,0.4,0.0,50.0,0.0,1020.0,99.0,2765.292,1,1.0,0.7071067811865476,-0.7071067811865475,0.0,1.0,23.87299999967217
0.0,20.93933333333333,165.33333333333334,0.0,0.4666666666666667,0.0,50.0,0.0,1020.0,99.0,2763.7253333333333,1,0.0,0.7071067811865476,-0.7071067811865475,0.0,1.0,20.815000001341105
0.0,20.986,1227.0,0.0,0.0,0.0,50.0,0.0,1020.0,99.0,2761.2106666666664,0,0.0,0.4999999999999999,-0.8660254037844387,0.0,1.0,16.499000001698732
0.0,21.016,1227.0,0.0,0.0,0.0,46.66666666666666,0.0,1020.0,99.0,2738.930666666666,0,0.0,0.4999999999999999,-0.8660254037844387,0.0,1.0,31.74799999967217
0.0,21.26533333333333,1227.0,0.0,0.0,0.0,50.0,0.0,1020.0,99.0,2710.7026666666666,0,0.0,0.4999999999999999,-0.8660254037844387,0.0,1.0,40.47800000011921
0.0,21.48133333333333,1227.0,0.0,0.0,0.0,50.0,0.0,1020.0,99.0,2709.2233333333334,0,0.0,0.4999999999999999,-0.8660254037844387,0.0,1.0,36.03699999675155
0.0,21.160666666666668,1227.0,0.0,0.0,0.0,50.0,0.0,1020.0,99.0,2711.7726666666663,0,0.0,0.258819045102521,-0.9659258262890682,0.0,1.0,28.008000001311306
146.66666666666666,20.99,1227.0,0.0,0.0,0.0,50.0,0.0,1020.0,99.0,2715.849333333333,0,0.0,0.258819045102521,-0.9659258262890682,0.0,1.0,23.71499999985099
0.0,20.966,1227.0,0.0,0.0,0.0,50.0,0.0,1020.0,99.0,2729.8546666666666,0,0.0,0.258819045102521,-0.9659258262890682,0.0,1.0,23.15600000321865
0.0,20.99,1227.0,0.0,0.0,0.0,26.666666666666668,0.0,1020.0,99.0,2738.492,0,0.0,0.258819045102521,-0.9659258262890682,0.0,1.0,42.16099999845028
0.0,21.18733333333333,1227.0,0.0,0.0,0.0,5.0,0.0,1020.0,99.0,2746.9646666666667,0,0.0,1.2246467991473532e-16,-1.0,0.0,1.0,58.13699999824166
0.0,21.500666666666667,1227.0,0.0,0.0,0.0,5.0,15358.259999999998,1020.0,99.29,2751.8720000000003,0,0.0,1.2246467991473532e-16,-1.0,0.0,1.0,47.67300000041723
0.0,21.86133333333333,938.4666666666668,0.0,1.1333333333333333,17476.266666666666,5.0,72271.08,1043.3333333333333,105.93,2752.3373333333334,0,0.0,1.2246467991473532e-16,-1.0,0.0,1.0,62.04100000113249
0.0,22.276,504.6666666666667,0.0,4.8,148548.26666666666,68.33333333333333,54664.4,1032.6666666666667,141.31,2760.5873333333334,0,0.0,1.2246467991473532e-16,-1.0,0.0,1.0,121.6929999999702
0.0,22.80666666666667,448.6666666666667,0.0,1.6,148548.26666666666,100.0,55716.44,1026.6666666666667,323.67,2761.892666666666,0,0.0,-0.2588190451025208,-0.9659258262890684,0.0,1.0,130.88800000026822
30.0,23.269333333333336,1004.4666666666668,0.0,4.266666666666667,109226.66666666669,100.0,49829.76,1024.6666666666667,284.39,2759.6846666666665,0,0.0,-0.2588190451025208,-0.9659258262890684,0.0,1.0,149.39900000020862
350.0,23.15666666666667,775.2666666666667,0.0,8.866666666666667,196608.0,100.0,43381.96,1046.0,250.15,2709.875333333333,0,0.0,-0.2588190451025208,-0.9659258262890684,0.0,1.0,150.68399999663234
68.0,26.086666666666662,802.8,0.0,0.9333333333333332,69905.06666666667,100.0,60467.05,1040.6666666666667,153.07,2751.199333333333,0,0.0,-0.2588190451025208,-0.9659258262890684,0.0,1.0,193.7550000026822
56.66666666666666,25.319333333333336,283.26666666666665,0.0,0.5333333333333333,117964.8,100.0,50981.630000000005,1022.0,408.7,2752.824,0,0.0,-0.4999999999999997,-0.8660254037844388,0.0,1.0,103.2690000012517
146.66666666666666,25.136666666666667,717.0666666666667,0.0,12.8,78643.2,100.0,57674.88,1038.6666666666667,139.47,2751.081333333333,0,0.0,-0.4999999999999997,-0.8660254037844388,0.0,1.0,165.472999997437
54.0,25.534,439.4,0.0,2.066666666666667,78643.2,100.0,49136.22,1037.3333333333333,152.77,2754.4753333333333,0,0.0,-0.4999999999999997,-0.8660254037844388,0.0,1.0,133.19200000166893
41.333333333333336,25.60333333333333,939.4,0.1333333333333333,0.8666666666666667,30583.466666666667,100.0,21551.08,1010.0,323.48,2745.6566666666668,0,0.0,-0.4999999999999997,-0.8660254037844388,0.0,1.0,131.2119999974966
0.0,25.80666666666667,1217.0,0.0,0.0,0.0,97.66666666666669,25900.56,1021.3333333333334,335.2,2742.6326666666664,0,0.0,-0.7071067811865471,-0.7071067811865479,0.0,1.0,52.88200000301004
54.0,26.526666666666664,941.6,1.0,5.466666666666667,148548.26666666666,98.33333333333331,29121.27,1043.3333333333333,336.93,2738.2826666666665,0,0.0,-0.7071067811865471,-0.7071067811865479,0.0,1.0,109.382999997586
271.3333333333333,25.96933333333333,1003.2,0.8666666666666667,5.2,131072.0,100.0,27538.27,1036.6666666666667,393.27,2734.246,0,0.0,-0.7071067811865471,-0.7071067811865479,0.0,1.0,146.74300000071526
211.3333333333333,24.744000000000003,1066.8,1.7333333333333334,6.933333333333334,196608.0,100.0,33014.1,1034.0,158.01999999999998,2734.514,0,0.0,-0.7071067811865471,-0.7071067811865479,0.0,1.0,186.48500000312924
98.0,24.192,701.9333333333333,0.9333333333333332,1.4666666666666666,179131.73333333334,100.0,26355.03,1039.3333333333333,292.93,2734.4266666666667,0,0.0,-0.8660254037844384,-0.5000000000000004,0.0,1.0,165.3619999960065
347.3333333333333,28.99,1178.4,1.2,3.2666666666666666,148548.26666666666,100.0,22200.06,1055.3333333333333,298.56,2732.786,0,0.0,-0.8660254037844384,-0.5000000000000004,0.0,1.0,155.96399999782443
259.3333333333333,29.344,1197.4666666666667,1.6666666666666667,4.933333333333334,144179.2,100.0,38515.53,1050.6666666666667,150.86,2732.9353333333333,0,0.0,-0.8660254037844384,-0.5000000000000004,0.0,1.0,167.4180000051856
41.333333333333336,30.474666666666668,815.0666666666667,0.6666666666666666,1.1333333333333333,30583.466666666667,88.0,43982.08,1047.3333333333333,189.01,2733.284666666667,0,0.0,-0.8660254037844384,-0.5000000000000004,0.0,1.0,171.41200000047684
56.66666666666666,30.494666666666667,1041.2,1.8666666666666667,4.866666666666666,192238.9333333333,95.66666666666669,20817.0,1026.0,378.62,2730.186666666667,0,0.0,-0.9659258262890684,-0.2588190451025206,0.0,1.0,122.43449999764562
244.66666666666663,30.15533333333333,1282.1333333333334,1.1333333333333333,3.733333333333333,205346.13333333333,100.0,18093.43,1042.6666666666667,365.42,2732.872666666666,0,0.0,-0.9659258262890684,-0.2588190451025206,0.0,1.0,193.1435000002384
427.3333333333333,30.892666666666667,1426.9333333333334,1.1333333333333333,5.933333333333334,205346.13333333333,100.0,26434.68,1050.0,360.3,2741.522,0,0.0,-0.9659258262890684,-0.2588190451025206,0.0,1.0,175.82400000095367
193.3333333333333,31.520666666666667,1304.9333333333334,2.0,8.0,244667.7333333333,100.0,25330.93,1039.3333333333333,234.28,2749.08,0,0.0,-0.9659258262890684,-0.2588190451025206,0.0,1.0,194.32299999892712
211.3333333333333,31.64333333333333,1264.6,1.2666666666666666,6.866666666666666,135441.06666666668,100.0,33355.78,1036.6666666666667,158.01999999999998,2756.369333333333,0,0.0,-1.0,-1.8369701987210292e-16,0.0,1.0,169.49399999901652
196.66666666666663,31.973333333333336,927.1333333333332,0.0666666666666666,1.5333333333333334,170393.6,100.0,25896.66,1019.3333333333334,301.89,2763.2213333333334,0,0.0,-1.0,-1.8369701987210292e-16,0.0,1.0,153.1169999986887
41.333333333333336,31.412,919.2,0.4,7.066666666666666,52428.8,100.0,42271.81,1197.3333333333333,210.38,2771.49,0,0.0,-1.0,-1.8369701987210292e-16,0.0,1.0,162.4050000011921
0.0,30.962,1212.0,0.0,0.0,0.0,91.33333333333331,997.28,1240.0,556.1999999999999,2767.762,0,0.0,-1.0,-1.8369701987210292e-16,0.0,1.0,77.51799999922514
0.0,29.222,1212.0,0.0,0.0,0.0,91.33333333333331,63797.44,1111.3333333333333,220.62,2761.9466666666663,0,0.0,-0.9659258262890684,0.2588190451025203,0.0,1.0,53.11100000143051
23.33333333333333,27.639333333333337,1073.8,1.7333333333333334,4.533333333333333,131072.0,100.0,24620.79,1032.0,266.31,2757.4066666666668,0,0.0,-0.9659258262890684,0.2588190451025203,0.0,1.0,104.47500000149012
364.6666666666667,26.56533333333333,1230.3333333333333,1.6,7.733333333333333,187869.86666666667,100.0,26527.66,1038.0,298.73,2750.000666666667,0,0.0,-0.9659258262890684,0.2588190451025203,0.0,1.0,174.11299999803305
146.66666666666666,26.29133333333333,1099.1333333333334,0.6,16.6,139810.13333333333,100.0,34663.49,1048.0,332.54,2744.565333333333,0,0.0,-0.9659258262890684,0.2588190451025203,0.0,1.0,174.75899999961257
127.33333333333331,28.334666666666667,1172.1333333333334,1.7333333333333334,15.066666666666666,161655.46666666667,100.0,22913.29,1050.0,388.21,2743.724666666667,0,0.0,-0.8660254037844386,0.5000000000000001,0.0,1.0,142.46800000220537
391.3333333333333,29.066,852.2666666666667,0.6,7.066666666666666,91750.4,100.0,48564.9,1036.0,107.01,2736.9793333333337,0,0.0,-0.8660254037844386,0.5000000000000001,0.0,1.0,189.1479999981821
80.66666666666667,28.96,678.0666666666667,1.0,3.333333333333333,161655.46666666667,100.0,22028.04,1014.0,444.6,2741.028,0,0.0,-0.8660254037844386,0.5000000000000001,0.0,1.0,97.94200000166892
323.3333333333333,28.058,1234.8,2.1333333333333333,21.066666666666663,170393.6,100.0,20656.14,1031.3333333333333,290.49,2742.26,0,0.0,-0.8660254037844386,0.5000000000000001,0.0,1.0,187.20799999684093
307.3333333333333,29.48,840.0,1.2,2.6,87381.33333333333,100.0,32307.4,1025.3333333333333,160.75,2741.756,0,0.0,-0.7071067811865477,0.7071067811865474,0.0,1.0,180.37100000306964
242.0,30.09333333333333,1348.1333333333334,1.4,4.933333333333334,253405.86666666667,100.0,32304.95,1038.6666666666667,243.5,2733.851333333333,0,0.0,-0.7071067811865477,0.7071067811865474,0.0,1.0,150.03900000080466
146.66666666666666,29.986666666666668,1018.2666666666668,0.0666666666666666,1.5333333333333334,192238.9333333333,100.0,26025.66,1035.3333333333333,266.39,2732.286666666667,0,0.0,-0.7071067811865477,0.7071067811865474,0.0,1.0,152.33100000023842
284.0,29.676,1076.7333333333331,2.2,18.53333333333333,135441.06666666668,100.0,45567.19,1110.6666666666667,157.02,2730.7313333333336,0,0.0,-0.7071067811865477,0.7071067811865474,0.0,1.0,174.49799999594688
211.3333333333333,30.08533333333333,252.2,0.8,1.1333333333333333,96119.46666666666,100.0,30240.93,1026.0,234.0,2735.8106666666667,0,0.0,-0.5000000000000004,0.8660254037844384,0.0,1.0,116.50100000202656
274.6666666666667,30.250666666666667,1376.6666666666667,1.0666666666666669,9.8,174762.66666666666,100.0,26753.4,1052.0,356.67,2731.045333333333,0,0.0,-0.5000000000000004,0.8660254037844384,0.0,1.0,155.1059999987483
0.0,29.402,765.2666666666667,0.3333333333333333,11.266666666666667,65536.0,100.0,3547.33,1005.3333333333334,103.99,2728.5033333333336,0,0.0,-0.5000000000000004,0.8660254037844384,0.0,1.0,161.21600000187755
0.0,27.958,1272.0,0.0,0.0,0.0,100.0,0.0,1000.0,103.2,2736.8946666666666,0,0.0,-0.5000000000000004,0.8660254037844384,0.0,1.0,67.98799999803305
0.0,24.86733333333333,1187.2666666666669,0.0,0.3333333333333333,30583.466666666667,100.0,41236.05,999.3333333333334,260.38,2746.904666666667,0,0.0,-0.2588190451025215,0.965925826289068,0.0,1.0,50.591000001877546
173.33333333333334,24.744666666666667,1093.9333333333334,0.7333333333333333,2.0,113595.73333333334,100.0,28099.03,1030.6666666666667,241.81,2746.9193333333333,0,0.0,-0.2588190451025215,0.965925826289068,0.0,1.0,133.37099999934435
313.3333333333333,24.895333333333333,1190.5333333333333,1.6,9.8,192238.9333333333,100.0,25847.83,1034.6666666666667,472.28,2742.8773333333334,0,0.0,-0.2588190451025215,0.965925826289068,0.0,1.0,178.09399999678135
173.33333333333334,24.882,1252.8,2.066666666666667,7.8,157286.4,100.0,34094.52,1028.6666666666667,233.84,2738.904666666667,0,0.0,-0.2588190451025215,0.965925826289068,0.0,1.0,176.4050000011921
146.66666666666666,27.814666666666664,435.0,0.0,4.6,135441.06666666668,100.0,37676.26,1029.3333333333333,171.57999999999998,2730.328666666667,0,0.0,0.0,1.0,0.7818314824680298,0.6234898018587336,149.62300000339746
26.666666666666668,26.668666666666663,1090.2666666666669,2.333333333333333,7.466666666666667,131072.0,100.0,26137.82,1026.6666666666667,309.57,2734.3973333333333,0,0.0,0.0,1.0,0.7818314824680298,0.6234898018587336,141.70299999788404
238.0,27.832,1073.6666666666667,1.6666666666666667,3.733333333333333,192238.9333333333,100.0,26920.0,1046.6666666666667,266.05,2732.1833333333334,0,0.0,0.0,1.0,0.7818314824680298,0.6234898018587336,164.25099999830127
354.6666666666667,27.244000000000003,1306.0666666666666,1.4666666666666666,3.2,218453.3333333333,100.0,25556.39,1036.6666666666667,166.94,2734.7406666666666,0,0.0,0.0,1.0,0.7818314824680298,0.6234898018587336,167.6469999998808
54.0,29.47133333333333,490.6,0.0,1.8666666666666667,52428.8,100.0,33317.1,1069.3333333333333,142.38,2734.9533333333334,0,0.0,0.2588190451025207,0.9659258262890684,0.7818314824680298,0.6234898018587336,166.0870000012219
234.66666666666663,28.84,1214.3333333333333,1.6,6.4,161655.46666666667,100.0,30188.19,1042.6666666666667,352.15,2729.891333333333,0,0.0,0.2588190451025207,0.9659258262890684,0.7818314824680298,0.6234898018587336,118.85099999979138
208.0,25.506666666666668,719.4666666666667,0.2,2.2666666666666666,0.0,100.0,23258.26,1027.3333333333333,182.2,2734.69,0,0.0,0.2588190451025207,0.9659258262890684,0.7818314824680298,0.6234898018587336,170.07000000029802
0.0,28.604666666666667,1134.0666666666666,0.0,0.1333333333333333,48059.73333333333,100.0,19492.65,1038.0,371.13,2728.409333333333,0,0.0,0.2588190451025207,0.9659258262890684,0.7818314824680298,0.6234898018587336,62.25500000268221
95.33333333333331,27.348666666666663,917.6,1.6,7.133333333333334,144179.2,100.0,35619.73,1033.3333333333333,360.44,2727.352,0,0.0,0.4999999999999999,0.8660254037844387,0.7818314824680298,0.6234898018587336,117.8699999973178
124.0,25.176666666666662,1176.0666666666666,2.4,6.133333333333334,144179.2,100.0,27847.68,1055.3333333333333,254.41,2729.3126666666667,0,0.0,0.4999999999999999,0.8660254037844387,0.7818314824680298,0.6234898018587336,154.13500000163913
0.0,23.17933333333333,581.0,0.6,2.333333333333333,34952.53333333333,100.0,37481.95,1062.6666666666667,117.81,2737.8586666666665,0,0.0,0.4999999999999999,0.8660254037844387,0.7818314824680298,0.6234898018587336,172.27299999818206
200.66666666666663,22.722,481.26666666666665,0.0,0.0,0.0,100.0,10069.1,1080.0,389.17,2718.728,0,0.0,0.4999999999999999,0.8660254037844387,0.7818314824680298,0.6234898018587336,83.98000000044703
142.0,22.82,1138.0,0.0,0.0,0.0,100.0,59968.17,1057.3333333333333,168.51,2713.322666666667,0,0.0,0.7071067811865475,0.7071067811865476,0.7818314824680298,0.6234898018587336,51.22800000011921
0.0,22.02466666666667,831.5333333333333,0.6666666666666666,1.6666666666666667,43690.66666666666,100.0,51091.89,1046.6666666666667,235.22,2728.362,0,0.0,0.7071067811865475,0.7071067811865476,0.7818314824680298,0.6234898018587336,61.25499999895692
70.0,21.416,650.6,0.5333333333333333,2.0,187869.86666666667,100.0,28114.31,1030.0,198.71,2732.502,0,0.0,0.7071067811865475,0.7071067811865476,0.7818314824680298,0.6234898018587336,137.26750000193715
0.0,20.66733333333333,592.3333333333334,1.5333333333333334,2.2666666666666666,179131.73333333334,100.0,34554.43,1066.0,191.65,2728.813333333333,0,0.0,0.7071067811865475,0.7071067811865476,0.7818314824680298,0.6234898018587336,170.93850000202656
298.6666666666667,20.528,1075.0,1.5333333333333334,2.6666666666666665,131072.0,100.0,22369.5,1030.0,243.15,2766.6,0,0.0,0.8660254037844386,0.5000000000000001,0.7818314824680298,0.6234898018587336,160.40599999949336
196.66666666666663,21.017333333333333,1336.9333333333334,1.8666666666666667,5.733333333333333,109226.66666666669,100.0,21673.77,1031.3333333333333,467.07,2765.922666666667,0,0.0,0.8660254037844386,0.5000000000000001,0.7818314824680298,0.6234898018587336,163.03199999779463
481.3333333333333,21.52133333333333,1110.8,2.1333333333333333,7.2,122333.86666666668,100.0,28088.22,1072.0,237.88,2762.0440000000003,0,0.0,0.8660254037844386,0.5000000000000001,0.7818314824680298,0.6234898018587336,179.42200000211596
188.0,27.196,1203.9333333333334,1.4,4.933333333333334,135441.06666666668,100.0,39121.79,1031.3333333333333,147.89,2754.948,0,0.0,0.8660254037844386,0.5000000000000001,0.7818314824680298,0.6234898018587336,160.1519999988377
26.666666666666668,28.95266666666667,338.4,0.1333333333333333,2.933333333333333,117964.8,100.0,47003.66,1066.6666666666667,226.84,2749.8546666666666,0,0.0,0.9659258262890684,0.2588190451025207,0.7818314824680298,0.6234898018587336,166.13699999824166
146.66666666666666,27.941333333333333,1144.8,0.6666666666666666,9.533333333333331,310203.73333333334,100.0,30744.910000000003,1032.0,340.1,2742.9066666666668,0,0.0,0.9659258262890684,0.2588190451025207,0.7818314824680298,0.6234898018587336,144.02500000223517
80.66666666666667,28.434,770.6666666666666,1.4666666666666666,3.733333333333333,126702.93333333332,92.0,53520.97,1054.6666666666667,232.65,2738.7806666666665,0,0.0,0.9659258262890684,0.2588190451025207,0.7818314824680298,0.6234898018587336,187.67799999937407
324.6666666666667,26.43133333333333,1234.4,1.933333333333333,3.6666666666666665,375739.7333333333,96.33333333333331,26838.44,1030.0,345.33,2741.262,0,0.0,0.9659258262890684,0.2588190451025207,0.7818314824680298,0.6234898018587336,128.56399999931455
188.0,24.400666666666663,1276.4666666666667,0.8,6.533333333333333,305834.6666666667,100.0,44473.6,1037.3333333333333,180.06,2738.384,0,0.0,1.0,6.123233995736766e-17,0.7818314824680298,0.6234898018587336,200.7860000021756
415.3333333333333,23.774,1322.6,0.2666666666666666,3.066666666666667,126702.93333333332,100.0,41586.46,1033.3333333333333,400.3,2726.8186666666666,0,0.0,1.0,6.123233995736766e-17,0.7818314824680298,0.6234898018587336,160.1439999975264
146.66666666666666,27.923333333333336,851.8666666666667,0.0,9.066666666666666,117964.8,98.0,19175.28,999.3333333333334,107.38,2723.9446666666668,0,0.0,1.0,6.123233995736766e-17,0.7818314824680298,0.6234898018587336,157.8420000001788
0.0,29.272,276.26666666666665,0.0,0.8,0.0,57.0,0.0,1000.0,95.4,2715.55,0,0.0,1.0,6.123233995736766e-17,0.7818314824680298,0.6234898018587336,104.2990000024438
242.0,31.18933333333333,2.0,0.0,0.0,0.0,55.0,0.0,1000.0,95.4,2703.315333333333,0,0.0,0.9659258262890684,-0.2588190451025206,0.7818314824680298,0.6234898018587336,55.39799999818206
293.3333333333333,32.86466666666667,416.8666666666667,0.0,0.0,0.0,67.0,0.0,1000.0,95.4,2673.0626666666667,0,0.0,0.9659258262890684,-0.2588190451025206,0.7818314824680298,0.6234898018587336,40.34299999848008
0.0,26.504666666666665,891.0,0.0,0.0,0.0,100.0,0.0,1000.0,95.4,2676.616666666667,0,0.0,0.9659258262890684,-0.2588190451025206,0.7818314824680298,0.6234898018587336,52.79399999976158
0.0,25.096666666666668,874.9333333333333,0.0,0.0,0.0,100.0,22504.68,1028.0,91.35,2671.247333333333,0,0.0,0.9659258262890684,-0.2588190451025206,0.7818314824680298,0.6234898018587336,51.40700000151992
0.0,24.888,626.8,0.2,4.533333333333333,249036.8,100.0,17780.86,1037.3333333333333,237.75,2677.95,0,0.0,0.8660254037844387,-0.4999999999999998,0.7818314824680298,0.6234898018587336,90.15300000086428
0.0,24.68,970.3333333333334,0.8666666666666667,4.6,214084.26666666663,100.0,21481.87,1032.0,96.5,2692.0906666666665,0,0.0,0.8660254037844387,-0.4999999999999998,0.7818314824680298,0.6234898018587336,136.5139999985695
16.666666666666668,23.42933333333333,996.3333333333334,0.7333333333333333,3.2666666666666666,297096.5333333333,96.66666666666669,25936.51,1037.3333333333333,123.28,2695.02,0,0.0,0.8660254037844387,-0.4999999999999998,0.7818314824680298,0.6234898018587336,120.8449999988079
146.66666666666666,23.434,391.3333333333333,0.0,1.8666666666666667,0.0,80.66666666666667,35432.55,1025.3333333333333,172.76999999999998,2702.336666666667,0,0.0,0.8660254037844387,-0.4999999999999998,0.7818314824680298,0.6234898018587336,115.2660000026226
586.6666666666666,24.33,580.4666666666667,2.6,1.2666666666666666,235929.6,70.0,13191.67,1040.0,459.55,2714.3426666666664,0,0.0,0.7071067811865476,-0.7071067811865475,0.7818314824680298,0.6234898018587336,107.0899999961257
366.6666666666667,24.392666666666667,1087.9333333333334,1.3333333333333333,2.0,144179.2,100.0,17455.59,1021.3333333333334,270.44,2723.331333333333,0,0.0,0.7071067811865476,-0.7071067811865475,0.7818314824680298,0.6234898018587336,127.56300000473856
496.6666666666667,24.386666666666667,669.1333333333333,0.1333333333333333,2.066666666666667,196608.0,100.0,18483.12,1031.3333333333333,205.75,2732.3166666666666,0,0.0,0.7071067811865476,-0.7071067811865475,0.7818314824680298,0.6234898018587336,111.95699999853969
750.0,25.392666666666667,1054.3333333333333,0.8666666666666667,1.4666666666666666,275251.2,99.33333333333331,16557.86,1038.0,265.86,2734.851333333333,0,0.0,0.7071067811865476,-0.7071067811865475,0.7818314824680298,0.6234898018587336,111.18300000205636
790.0,25.81733333333333,685.9333333333333,2.466666666666667,2.066666666666667,270882.13333333336,98.33333333333331,16752.81,1039.3333333333333,193.17,2736.1826666666666,0,0.0,0.4999999999999999,-0.8660254037844387,0.7818314824680298,0.6234898018587336,125.86199999973178
0.0,26.186,1220.4666666666667,0.2,12.4,367001.6,95.33333333333331,14603.69,1034.6666666666667,132.61,2733.927333333333,0,0.0,0.4999999999999999,-0.8660254037844387,0.7818314824680298,0.6234898018587336,113.05499999970198
440.0,26.66733333333333,873.6,0.8666666666666667,6.733333333333333,297096.5333333333,98.66666666666669,19064.25,1020.6666666666666,97.81,2732.843333333333,0,0.0,0.4999999999999999,-0.8660254037844387,0.7818314824680298,0.6234898018587336,136.2210000008345
16.666666666666668,27.050666666666665,623.6666666666666,0.0,10.866666666666667,109226.66666666669,95.0,18595.77,1034.6666666666667,73.66,2732.822,0,0.0,0.4999999999999999,-0.8660254037844387,0.7818314824680298,0.6234898018587336,127.84899999573828
163.33333333333334,27.24,1020.5333333333332,0.0,6.066666666666666,463121.06666666665,95.0,13576.81,1050.0,147.32,2727.76,0,0.0,0.258819045102521,-0.9659258262890682,0.7818314824680298,0.6234898018587336,88.74400000274181
440.0,26.749333333333333,1328.6,0.0,13.933333333333334,336418.13333333336,100.0,16231.98,1049.3333333333333,114.25,2723.123333333333,0,0.0,0.258819045102521,-0.9659258262890682,0.7818314824680298,0.6234898018587336,142.13699999824166
0.0,26.328,213.06666666666663,1.6,0.2666666666666666,26214.4,100.0,22353.56,1046.6666666666667,90.71,2729.825333333333,0,0.0,0.258819045102521,-0.9659258262890682,0.7818314824680298,0.6234898018587336,99.06100000068544
146.66666666666666,26.486,464.73333333333335,0.6,2.066666666666667,222822.4,100.0,19649.57,1040.0,83.95,2729.3526666666667,0,0.0,0.258819045102521,-0.9659258262890682,0.7818314824680298,0.6234898018587336,106.81100000068544
0.0,27.555333333333333,979.6,1.3333333333333333,3.0,126702.93333333332,100.0,16101.35,1057.3333333333333,171.66,2728.5406666666668,0,0.0,1.2246467991473532e-16,-1.0,0.7818314824680298,0.6234898018587336,122.6140000000596
146.66666666666666,26.421333333333333,34.93333333333333,0.0,0.5333333333333333,161655.46666666667,95.0,30188.06,1030.0,210.86,2723.0793333333336,0,0.0,1.2246467991473532e-16,-1.0,0.7818314824680298,0.6234898018587336,87.40199999883771
586.6666666666666,26.902,901.9333333333332,1.2,3.466666666666667,244667.7333333333,100.0,14368.49,1028.6666666666667,555.42,2729.614,0,0.0,1.2246467991473532e-16,-1.0,0.7818314824680298,0.6234898018587336,134.50300000235438
350.0,26.22733333333333,928.4,0.0666666666666666,3.6666666666666665,205346.13333333333,100.0,18899.75,1061.3333333333333,89.05,2726.983333333333,0,0.0,1.2246467991473532e-16,-1.0,0.7818314824680298,0.6234898018587336,146.2339999973774
203.3333333333333,26.780666666666665,1034.6666666666667,1.5333333333333334,2.2666666666666666,235929.6,100.0,18971.1,1028.0,84.68,2730.557333333333,0,0.0,-0.2588190451025208,-0.9659258262890684,0.7818314824680298,0.6234898018587336,124.46100000292064
203.3333333333333,26.856,802.4666666666667,1.8,14.733333333333333,231560.53333333333,99.33333333333331,14344.14,1043.3333333333333,366.94,2728.4906666666666,0,0.0,-0.2588190451025208,-0.9659258262890684,0.7818314824680298,0.6234898018587336,129.4459999985993
513.3333333333334,26.986666666666668,1098.6666666666667,1.0666666666666669,2.2666666666666666,279620.26666666666,100.0,12891.65,1020.6666666666666,172.4,2726.812,0,0.0,-0.2588190451025208,-0.9659258262890684,0.7818314824680298,0.6234898018587336,119.9129999987781
73.33333333333333,26.80933333333333,887.6666666666666,0.0,5.2,135441.06666666668,100.0,15945.82,1036.0,82.36,2727.368,0,0.0,-0.2588190451025208,-0.9659258262890684,0.7818314824680298,0.6234898018587336,122.78200000151992
163.33333333333334,27.124666666666663,523.7333333333333,0.2666666666666666,6.866666666666666,166024.53333333333,96.0,14962.83,1062.0,219.65,2728.6626666666666,0,0.0,-0.4999999999999997,-0.8660254037844388,0.7818314824680298,0.6234898018587336,103.29399999976158
163.33333333333334,27.776,986.4666666666668,2.533333333333333,5.666666666666667,353894.4,100.0,16722.19,1033.3333333333333,94.85,2729.7966666666666,0,0.0,-0.4999999999999997,-0.8660254037844388,0.7818314824680298,0.6234898018587336,120.1899999976158
440.0,26.48333333333333,1139.8,0.6,3.866666666666666,349525.3333333333,100.0,11889.35,1026.0,199.38,2725.92,0,0.0,-0.4999999999999997,-0.8660254037844388,0.7818314824680298,0.6234898018587336,128.93600000068545
350.0,26.706000000000003,1218.5333333333333,0.8666666666666667,1.6666666666666667,61166.93333333333,100.0,14009.3,1079.3333333333333,149.26999999999998,2725.7026666666666,0,0.0,-0.4999999999999997,-0.8660254037844388,0.7818314824680298,0.6234898018587336,129.72200000286102
0.0,26.00333333333333,1215.0,0.0,0.0,21845.33333333333,94.66666666666669,13425.95,1056.0,219.42,2729.739333333333,0,0.0,-0.7071067811865471,-0.7071067811865479,0.7818314824680298,0.6234898018587336,59.69299999624491
0.0,32.60333333333333,606.8,0.0,2.1333333333333333,209715.2,100.0,19006.85,1027.3333333333333,90.14,2738.206,0,0.0,-0.7071067811865471,-0.7071067811865479,0.7818314824680298,0.6234898018587336,100.67500000074506
146.66666666666666,26.852,666.7333333333333,0.0,3.1333333333333333,170393.6,100.0,15738.4,1033.3333333333333,171.83,2729.4,0,0.0,-0.7071067811865471,-0.7071067811865479,0.7818314824680298,0.6234898018587336,121.53700000047684
326.6666666666667,29.802666666666667,643.0,2.6,2.933333333333333,240298.66666666663,98.66666666666669,17393.99,1045.3333333333333,83.79,2729.101333333333,0,0.0,-0.7071067811865471,-0.7071067811865479,0.7818314824680298,0.6234898018587336,106.03099999949336
293.3333333333333,25.66333333333333,414.1333333333333,0.8,3.2666666666666666,96119.46666666666,100.0,997.68,1000.6666666666666,59.46,2728.3213333333333,0,0.0,-0.8660254037844384,-0.5000000000000004,0.7818314824680298,0.6234898018587336,113.58100000023842
203.3333333333333,26.25133333333333,407.0,0.0,0.5333333333333333,0.0,100.0,0.0,1000.0,59.4,2723.4953333333333,0,0.0,-0.8660254037844384,-0.5000000000000004,0.7818314824680298,0.6234898018587336,55.181000001728535
0.0,24.39933333333333,612.0666666666667,0.3333333333333333,0.0,30583.466666666667,100.0,55917.63,1020.6666666666666,279.57,2741.458,0,0.0,-0.8660254037844384,-0.5000000000000004,0.7818314824680298,0.6234898018587336,53.63199999928474
0.0,22.442,531.6,0.0666666666666666,2.533333333333333,157286.4,100.0,63663.03,1026.0,109.58,2754.358,0,0.0,-0.8660254037844384,-0.5000000000000004,0.7818314824680298,0.6234898018587336,139.8370000012219
0.0,22.462666666666667,479.8666666666667,0.6666666666666666,4.8,56797.86666666667,100.0,51157.02,1050.0,310.41,2754.698666666666,0,0.0,-0.9659258262890684,-0.2588190451025206,0.7818314824680298,0.6234898018587336,145.1169999986887
146.66666666666666,23.02466666666667,741.4,0.4,6.666666666666667,109226.66666666669,100.0,47486.62,1039.3333333333333,221.95,2748.576666666667,0,0.0,-0.9659258262890684,-0.2588190451025206,0.7818314824680298,0.6234898018587336,150.15599999949336
0.0,23.305333333333333,380.06666666666666,0.0,1.8666666666666667,126702.93333333332,100.0,65765.65,1029.3333333333333,330.97,2745.409333333333,0,0.0,-0.9659258262890684,-0.2588190451025206,0.7818314824680298,0.6234898018587336,187.9440000019968
293.3333333333333,23.388,461.4666666666666,0.7333333333333333,1.4,126702.93333333332,98.33333333333331,60798.78,1014.6666666666666,107.96,2738.1206666666667,0,0.0,-0.9659258262890684,-0.2588190451025206,0.7818314824680298,0.6234898018587336,142.94700000062585
30.0,23.222666666666665,352.3333333333333,0.0,0.4,96119.46666666666,100.0,56551.39,1042.0,151.12,2732.9353333333333,0,0.0,-1.0,-1.8369701987210292e-16,0.7818314824680298,0.6234898018587336,143.00999999791384
0.0,22.865333333333336,476.6666666666667,0.0666666666666666,2.533333333333333,87381.33333333333,98.66666666666669,61949.87,1037.3333333333333,184.27,2731.336666666667,0,0.0,-1.0,-1.8369701987210292e-16,0.7818314824680298,0.6234898018587336,118.80599999800324
146.66666666666666,21.380666666666663,283.8,0.3333333333333333,3.2666666666666666,30583.466666666667,93.0,24119.23,1050.0,492.02,2734.425333333333,0,0.0,-1.0,-1.8369701987210292e-16,0.7818314824680298,0.6234898018587336,140.69600000232458
146.66666666666666,21.612,1295.7333333333331,0.0,0.2,0.0,89.33333333333333,2641.68,1080.0,802.65,2736.26,0,0.0,-1.0,-1.8369701987210292e-16,0.7818314824680298,0.6234898018587336,71.44649999961257
0.0,21.212666666666667,1267.0,0.0,0.0,0.0,85.0,19750.75,1076.6666666666667,617.87,2747.8233333333333,0,0.0,-0.9659258262890684,0.2588190451025203,0.7818314824680298,0.6234898018587336,82.09549999982119
146.66666666666666,21.50333333333333,704.2,0.6,0.6,104857.6,95.0,66784.97,1032.6666666666667,212.35,2743.627333333333,0,0.0,-0.9659258262890684,0.2588190451025203,0.7818314824680298,0.6234898018587336,81.99500000104308
176.66666666666666,21.046666666666667,941.7333333333332,0.7333333333333333,1.4666666666666666,117964.8,100.0,55137.03,1026.0,148.57,2719.1580000000004,0,0.0,-0.9659258262890684,0.2588190451025203,0.7818314824680298,0.6234898018587336,195.7369999997317
0.0,19.524,241.9333333333333,0.3333333333333333,3.466666666666667,8738.133333333333,97.33333333333331,55313.84,1052.6666666666667,113.74,2745.681333333333,0,0.0,-0.9659258262890684,0.2588190451025203,0.7818314824680298,0.6234898018587336,157.05499999970198
830.0,19.424666666666667,610.6,0.7333333333333333,5.666666666666667,83012.26666666666,97.33333333333331,54717.77,1037.3333333333333,115.99,2723.726666666667,0,0.0,-0.8660254037844386,0.5000000000000001,0.7818314824680298,0.6234898018587336,126.17899999767542
0.0,19.510666666666665,708.4666666666667,0.6666666666666666,1.6,152917.33333333334,100.0,60459.7,1037.3333333333333,144.44,2738.064,0,0.0,-0.8660254037844386,0.5000000000000001,0.7818314824680298,0.6234898018587336,150.00100000202656
680.0,19.550666666666665,506.1333333333333,0.2,1.2666666666666666,91750.4,99.33333333333331,53740.27,1037.3333333333333,90.83,2718.6386666666667,0,0.0,-0.8660254037844386,0.5000000000000001,0.7818314824680298,0.6234898018587336,169.50400000065565
536.6666666666666,19.426,683.4,0.8666666666666667,3.6,96119.46666666666,89.33333333333333,48784.91,1046.0,227.93,2737.5426666666667,0,0.0,-0.8660254037844386,0.5000000000000001,0.7818314824680298,0.6234898018587336,135.55200000107288
323.3333333333333,19.612666666666662,412.73333333333335,1.0,4.2,100488.53333333334,96.33333333333331,64952.45,1027.3333333333333,110.78,2732.219333333333,0,0.0,-0.7071067811865477,0.7071067811865474,0.7818314824680298,0.6234898018587336,151.32000000029802
146.66666666666666,19.992666666666665,264.53333333333336,0.0666666666666666,1.6,74274.13333333333,71.33333333333333,51135.65,1041.3333333333333,379.89,2727.7940000000003,0,0.0,-0.7071067811865477,0.7071067811865474,0.7818314824680298,0.6234898018587336,134.65299999713898
946.6666666666666,20.42933333333333,706.2666666666667,0.0666666666666666,9.666666666666666,17476.266666666666,93.33333333333331,54276.96,1026.0,112.57,2720.198,0,0.0,-0.7071067811865477,0.7071067811865474,0.7818314824680298,0.6234898018587336,126.68699999898672
0.0,19.781333333333336,534.4,0.8666666666666667,2.7333333333333334,161655.46666666667,100.0,56597.98,1031.3333333333333,151.29,2734.7580000000003,0,0.0,-0.7071067811865477,0.7071067811865474,0.7818314824680298,0.6234898018587336,155.1740000024438
500.0,20.366,504.1333333333333,0.8,2.466666666666667,100488.53333333334,97.33333333333331,60469.27,1030.6666666666667,170.81,2714.0133333333333,0,0.0,-0.5000000000000004,0.8660254037844384,0.7818314824680298,0.6234898018587336,143.61099999770522
233.3333333333333,19.912666666666667,521.2666666666667,0.0,2.2666666666666666,65536.0,100.0,60025.19,1022.0,112.61,2734.8793333333333,0,0.0,-0.5000000000000004,0.8660254037844384,0.7818314824680298,0.6234898018587336,119.75200000032784
146.66666666666666,20.77733333333333,470.4,0.6,0.7333333333333333,87381.33333333333,80.0,30831.79,1020.0,269.96,2735.4713333333334,0,0.0,-0.5000000000000004,0.8660254037844384,0.7818314824680298,0.6234898018587336,146.2829999998212
146.66666666666666,20.698,1090.4,0.0,0.8666666666666667,0.0,76.33333333333333,0.0,1010.0,94.65,2735.674,0,0.0,-0.5000000000000004,0.8660254037844384,0.7818314824680298,0.6234898018587336,102.41200000047684
413.3333333333333,20.69333333333333,851.1333333333333,0.6666666666666666,0.0,30583.466666666667,90.66666666666669,64558.8,1038.0,197.45,2731.027333333333,0,0.0,-0.2588190451025215,0.965925826289068,0.7818314824680298,0.6234898018587336,54.1330000013113
413.3333333333333,20.961333333333336,566.6666666666666,0.1333333333333333,10.2,69905.06666666667,100.0,48311.43,1032.0,108.42,2715.592,0,0.0,-0.2588190451025215,0.965925826289068,0.7818314824680298,0.6234898018587336,144.96900000050664
266.6666666666667,19.28666666666667,457.26666666666665,0.0,5.666666666666667,21845.33333333333,100.0,36839.94,1041.3333333333333,239.48,2738.589333333334,0,0.0,-0.2588190451025215,0.965925826289068,0.7818314824680298,0.6234898018587336,138.7360000014305
653.3333333333334,18.854,508.4666666666666,0.6,2.6666666666666665,65536.0,94.0,45601.13,1026.6666666666667,119.33,2723.1826666666666,0,0.0,-0.2588190451025215,0.965925826289068,0.7818314824680298,0.6234898018587336,129.92899999767542
56.66666666666666,18.386000000000003,490.9333333333333,0.6,3.533333333333333,126702.93333333332,89.0,43983.46,1032.0,133.98,2738.483333333333,0,0.0,0.0,1.0,0.9749279121818236,-0.2225209339563143,130.43800000101328
296.6666666666667,18.582666666666668,555.6,0.8666666666666667,0.8,122333.86666666668,95.33333333333331,42716.38,1038.0,125.85,2735.412,0,0.0,0.0,1.0,0.9749279121818236,-0.2225209339563143,116.21799999848008
266.6666666666667,18.5,553.0666666666667,0.6,0.9333333333333332,87381.33333333333,94.33333333333331,48477.92,1042.6666666666667,110.48,2727.230666666667,0,0.0,0.0,1.0,0.9749279121818236,-0.2225209339563143,124.77899999916552
296.6666666666667,18.38,167.0,0.0,12.0,0.0,67.66666666666667,40556.86,1038.0,129.02,2743.5966666666664,0,0.0,0.0,1.0,0.9749279121818236,-0.2225209339563143,129.72599999979138
176.0,18.30333333333333,460.2,0.8,1.2,196608.0,82.66666666666667,34280.41,1046.6666666666667,194.95,2736.5693333333334,0,0.0,0.2588190451025207,0.9659258262890684,0.9749279121818236,-0.2225209339563143,85.34700000286102
149.33333333333334,18.966,760.2666666666667,0.9333333333333332,4.466666666666667,78643.2,99.0,36405.76,1049.3333333333333,161.32999999999998,2702.5806666666667,0,0.0,0.2588190451025207,0.9659258262890684,0.9749279121818236,-0.2225209339563143,172.73000000044703
208.0,18.07333333333333,1128.4,1.6,4.6,192238.9333333333,100.0,26336.97,1044.0,261.71,2742.432,0,0.0,0.2588190451025207,0.9659258262890684,0.9749279121818236,-0.2225209339563143,154.5759999975562
230.0,18.107333333333333,1173.0,1.8,3.6,174762.66666666666,100.0,28955.95,1038.0,334.34,2745.0113333333334,0,0.0,0.2588190451025207,0.9659258262890684,0.9749279121818236,-0.2225209339563143,167.58100000023842
230.0,18.19,1235.0,0.0666666666666666,6.933333333333334,187869.86666666667,100.0,32180.33,1026.6666666666667,253.92,2738.121333333333,0,0.0,0.4999999999999999,0.8660254037844387,0.9749279121818236,-0.2225209339563143,176.05799999833107
323.3333333333333,24.807333333333336,430.6,0.6666666666666666,1.1333333333333333,52428.8,100.0,28332.36,1036.6666666666667,230.51,2730.126,0,0.0,0.4999999999999999,0.8660254037844387,0.9749279121818236,-0.2225209339563143,146.48800000175834
208.0,23.660666666666668,1230.8,1.8,3.6666666666666665,157286.4,100.0,37168.19,1046.0,365.79,2731.800666666667,0,0.0,0.4999999999999999,0.8660254037844387,0.9749279121818236,-0.2225209339563143,147.339999999851
130.66666666666666,20.86,500.53333333333336,0.6,7.933333333333334,157286.4,100.0,30716.99,1041.3333333333333,257.3,2731.666,0,0.0,0.4999999999999999,0.8660254037844387,0.9749279121818236,-0.2225209339563143,143.7989999987185
56.66666666666666,19.960666666666665,1086.7333333333331,0.8666666666666667,1.7333333333333334,52428.8,98.0,35175.54,1070.6666666666667,127.43,2734.831333333333,0,0.0,0.7071067811865475,0.7071067811865476,0.9749279121818236,-0.2225209339563143,171.47200000286102
0.0,19.830666666666666,906.2,0.0,1.4,43690.66666666666,70.0,37943.93,1052.0,137.3,2737.1706666666664,0,0.0,0.7071067811865475,0.7071067811865476,0.9749279121818236,-0.2225209339563143,73.0789999999106
230.0,20.334,1132.4666666666667,0.8,2.7333333333333334,161655.46666666667,100.0,23910.0,1039.3333333333333,302.94,2739.146,0,0.0,0.7071067811865475,0.7071067811865476,0.9749279121818236,-0.2225209339563143,143.40900000184774
402.6666666666667,20.798,1195.8,0.8666666666666667,9.2,192238.9333333333,100.0,26665.32,1032.6666666666667,268.08,2735.962,0,0.0,0.7071067811865475,0.7071067811865476,0.9749279121818236,-0.2225209339563143,178.08499999716878
230.0,20.502666666666663,1325.6,1.2666666666666666,14.2,214084.26666666663,100.0,31802.13,1043.3333333333333,184.48,2738.088,0,0.0,0.8660254037844386,0.5000000000000001,0.9749279121818236,-0.2225209339563143,173.09699999913573
0.0,25.62333333333333,726.8666666666667,1.4666666666666666,18.33333333333333,100488.53333333334,100.0,36402.7,1042.6666666666667,303.55,2738.474,0,0.0,0.8660254037844386,0.5000000000000001,0.9749279121818236,-0.2225209339563143,156.67200000211596
285.3333333333333,25.084666666666667,922.5333333333332,1.8,5.6,109226.66666666669,100.0,24519.28,1052.6666666666667,225.68,2734.806,0,0.0,0.8660254037844386,0.5000000000000001,0.9749279121818236,-0.2225209339563143,141.5789999999106
418.0,25.084,1263.7333333333331,1.8666666666666667,7.4,214084.26666666663,100.0,26733.8,1032.0,383.77,2734.976666666667,0,0.0,0.8660254037844386,0.5000000000000001,0.9749279121818236,-0.2225209339563143,171.53599999845028
41.333333333333336,26.004,808.8666666666667,0.0,8.733333333333333,91750.4,98.0,40366.46,1037.3333333333333,132.79,2732.9153333333334,0,0.0,0.9659258262890684,0.2588190451025207,0.9749279121818236,-0.2225209339563143,172.70500000193715
0.0,24.468,757.2666666666667,0.6666666666666666,5.4,183500.8,95.0,39448.32,1030.6666666666667,246.87,2731.974666666667,0,0.0,0.9659258262890684,0.2588190451025207,0.9749279121818236,-0.2225209339563143,117.76599999889731
203.3333333333333,26.02133333333333,580.0,1.1333333333333333,6.333333333333333,139810.13333333333,100.0,30731.33,1040.6666666666667,250.02,2729.2826666666665,0,0.0,0.9659258262890684,0.2588190451025207,0.9749279121818236,-0.2225209339563143,139.7989999987185
472.0,23.657333333333334,955.2666666666668,1.4,8.933333333333334,205346.13333333333,100.0,24682.45,1050.6666666666667,188.15,2729.598,0,1.0,0.9659258262890684,0.2588190451025207,0.9749279121818236,-0.2225209339563143,162.37700000032785
188.0,21.46066666666667,1111.0,1.933333333333333,5.0,205346.13333333333,100.0,29940.71,1046.6666666666667,289.53000000000003,2734.7213333333334,1,1.0,1.0,6.123233995736766e-17,0.9749279121818236,-0.2225209339563143,168.85099999979138
115.33333333333331,24.146,1125.4666666666667,2.933333333333333,4.733333333333333,227191.46666666667,100.0,32262.17,1034.0,360.67,2730.7826666666665,1,1.0,1.0,6.123233995736766e-17,0.9749279121818236,-0.2225209339563143,152.62600000202656
61.333333333333336,25.03666666666667,1154.4666666666667,1.0666666666666669,7.8,74274.13333333333,62.0,16332.44,993.3333333333334,195.7,2734.3700000000003,1,1.0,1.0,6.123233995736766e-17,0.9749279121818236,-0.2225209339563143,165.03750000149012
0.0,26.656,29.933333333333334,0.0,0.7333333333333333,0.0,47.0,0.0,990.0,94.8,2752.03,1,1.0,1.0,6.123233995736766e-17,0.9749279121818236,-0.2225209339563143,81.1794999986887
146.66666666666666,22.116666666666667,1.0,0.0,0.0,0.0,50.0,0.0,990.0,94.8,2762.987333333333,1,1.0,0.9659258262890684,-0.2588190451025206,0.9749279121818236,-0.2225209339563143,26.892000000923872
555.3333333333334,19.03533333333333,1.0,0.0,0.0,0.0,50.0,0.0,990.0,94.8,2779.825333333333,1,1.0,0.9659258262890684,-0.2588190451025206,0.9749279121818236,-0.2225209339563143,20.61199999600649
0.0,17.850666666666665,1.0,0.0,0.0,0.0,50.0,0.0,990.0,94.8,2785.8946666666666,1,1.0,0.9659258262890684,-0.2588190451025206,0.9749279121818236,-0.2225209339563143,32.58900000154972
0.0,17.37933333333333,1.0,0.0,0.0,0.0,50.0,0.0,990.0,94.8,2786.755333333333,1,1.0,0.9659258262890684,-0.2588190451025206,0.9749279121818236,-0.2225209339563143,32.921999998390675
0.0,17.174,1.0,0.0,6.8,0.0,50.0,0.0,990.0,94.8,2786.792,1,1.0,0.8660254037844387,-0.4999999999999998,0.9749279121818236,-0.2225209339563143,29.84800000116229
0.0,17.148,1.0,0.0,0.2,0.0,50.0,0.0,990.0,94.8,2786.951333333333,1,1.0,0.8660254037844387,-0.4999999999999998,0.9749279121818236,-0.2225209339563143,32.435000002384186
0.0,17.23933333333333,1.0,0.0,0.0,0.0,50.0,0.0,990.0,94.8,2787.332,1,1.0,0.8660254037844387,-0.4999999999999998,0.9749279121818236,-0.2225209339563143,26.671999998390675
0.0,17.274,1.0,0.0,0.0,0.0,46.66666666666666,0.0,990.0,94.8,2787.835333333333,1,1.0,0.8660254037844387,-0.4999999999999998,0.9749279121818236,-0.2225209339563143,24.05999999865889
0.0,17.332,1.0,0.0,0.0,0.0,50.0,0.0,990.0,94.8,2788.014,1,1.0,0.7071067811865476,-0.7071067811865475,0.9749279121818236,-0.2225209339563143,18.859000004827976
0.0,17.35,1.0,0.0,0.0,0.0,50.0,0.0,990.0,94.8,2787.752,1,1.0,0.7071067811865476,-0.7071067811865475,0.9749279121818236,-0.2225209339563143,11.67849999666214
0.0,17.247333333333334,1.0,0.0,0.0,0.0,50.0,0.0,990.0,94.8,2787.742,1,1.0,0.7071067811865476,-0.7071067811865475,0.9749279121818236,-0.2225209339563143,10.17449999973178
0.0,17.260666666666665,1.0,0.0,0.0,0.0,50.0,0.0,990.0,94.8,2787.568,1,1.0,0.7071067811865476,-0.7071067811865475,0.9749279121818236,-0.2225209339563143,18.5789999999106
0.0,17.348000000000003,1.0,0.0,0.0,0.0,50.0,0.0,990.0,94.8,2787.5440000000003,1,1.0,0.4999999999999999,-0.8660254037844387,0.9749279121818236,-0.2225209339563143,28.1929999999702
0.0,17.4,1.0,0.0,0.0,0.0,50.0,0.0,990.0,94.8,2787.602,1,1.0,0.4999999999999999,-0.8660254037844387,0.9749279121818236,-0.2225209339563143,26.40599999949336
0.0,17.528000000000002,1.0,0.0,0.0,0.0,46.66666666666666,0.0,990.0,94.8,2787.626,1,1.0,0.4999999999999999,-0.8660254037844387,0.9749279121818236,-0.2225209339563143,19.730999998748302
0.0,17.616,1.6666666666666667,0.0,0.0,0.0,50.0,0.0,990.0,94.8,2787.5353333333333,1,1.0,0.4999999999999999,-0.8660254037844387,0.9749279121818236,-0.2225209339563143,10.98200000077486
0.0,17.692,2.0,0.0,0.0,0.0,46.66666666666666,0.0,990.0,94.8,2787.3306666666667,1,1.0,0.258819045102521,-0.9659258262890682,0.9749279121818236,-0.2225209339563143,10.69700000435114
0.0,17.718,2.0,0.0,0.0,0.0,46.66666666666666,0.0,990.0,94.8,2787.639333333333,1,1.0,0.258819045102521,-0.9659258262890682,0.9749279121818236,-0.2225209339563143,22.04049999639392
0.0,17.682000000000002,2.0,0.0,0.0,0.0,50.0,0.0,990.0,94.8,2787.264,1,1.0,0.258819045102521,-0.9659258262890682,0.9749279121818236,-0.2225209339563143,31.54850000143051
0.0,17.644,2.0,0.0,0.0,0.0,50.0,0.0,990.0,94.8,2787.308,1,1.0,0.258819045102521,-0.9659258262890682,0.9749279121818236,-0.2225209339563143,20.346999999135733
0.0,17.737333333333332,2.0,0.0,0.0,0.0,50.0,0.0,990.0,94.8,2786.9866666666667,1,1.0,1.2246467991473532e-16,-1.0,0.9749279121818236,-0.2225209339563143,17.384999997913837
0.0,17.791999999999998,2.0,0.0,0.0,0.0,50.0,0.0,990.0,94.8,2786.901333333333,1,1.0,1.2246467991473532e-16,-1.0,0.9749279121818236,-0.2225209339563143,11.126000002026558
0.0,17.733999999999998,2.0,0.0,0.0,0.0,50.0,0.0,990.0,94.8,2787.054,1,1.0,1.2246467991473532e-16,-1.0,0.9749279121818236,-0.2225209339563143,11.223999999463558
0.0,17.62,2.0,0.0,0.0,0.0,50.0,0.0,990.0,94.8,2786.7580000000003,1,1.0,1.2246467991473532e-16,-1.0,0.9749279121818236,-0.2225209339563143,20.12099999934435
0.0,17.434666666666665,2.0,0.0,0.0,0.0,47.0,0.0,990.0,94.8,2786.8826666666664,1,1.0,-0.2588190451025208,-0.9659258262890684,0.9749279121818236,-0.2225209339563143,21.230000000447035
0.0,17.432000000000002,2.0,0.0,0.0,0.0,56.66666666666666,0.0,990.0,94.8,2787.048666666667,1,1.0,-0.2588190451025208,-0.9659258262890684,0.9749279121818236,-0.2225209339563143,29.215500000864267
0.0,17.424,2.0,0.0,0.0,0.0,100.0,0.0,990.0,94.8,2785.2606666666666,1,1.0,-0.2588190451025208,-0.9659258262890684,0.9749279121818236,-0.2225209339563143,31.198499999940395
0.0,17.478,2.0,0.0,0.0,0.0,100.0,0.0,990.0,94.8,2773.7166666666667,1,1.0,-0.2588190451025208,-0.9659258262890684,0.9749279121818236,-0.2225209339563143,49.65199999883771
0.0,17.542666666666666,2.0,0.0,0.0,0.0,100.0,0.0,990.0,94.8,2790.596,1,1.0,-0.4999999999999997,-0.8660254037844388,0.9749279121818236,-0.2225209339563143,42.618000000715256
0.0,17.61,2.0,0.0,0.0,0.0,100.0,0.0,990.0,94.8,2773.4753333333333,1,1.0,-0.4999999999999997,-0.8660254037844388,0.9749279121818236,-0.2225209339563143,32.342000000178814
0.0,24.76,2.0,0.0,0.0,0.0,100.0,0.0,990.0,94.8,2750.704,1,1.0,-0.4999999999999997,-0.8660254037844388,0.9749279121818236,-0.2225209339563143,46.30299999937415
0.0,21.808666666666667,895.2,0.0,0.0,0.0,100.0,0.0,990.0,94.8,2737.886,1,0.0,-0.4999999999999997,-0.8660254037844388,0.9749279121818236,-0.2225209339563143,51.07100000232458
0.0,21.556,1220.0,0.0,0.0,0.0,100.0,12053.26,1006.0,110.08,2734.1313333333333,0,0.0,-0.7071067811865471,-0.7071067811865479,0.9749279121818236,-0.2225209339563143,59.07599999755621
0.0,21.69,540.2666666666667,0.6666666666666666,3.0,56797.86666666667,100.0,48996.63,1060.6666666666667,226.22,2731.8273333333336,0,0.0,-0.7071067811865471,-0.7071067811865479,0.9749279121818236,-0.2225209339563143,76.652000002563
0.0,21.64933333333333,604.5333333333333,0.0,5.0,157286.4,99.66666666666669,36847.27,1048.0,232.63,2749.262666666667,0,0.0,-0.7071067811865471,-0.7071067811865479,0.9749279121818236,-0.2225209339563143,141.52299999818206
0.0,20.59133333333333,1238.6666666666667,2.2666666666666666,1.5333333333333334,235929.6,99.66666666666669,33232.24,1039.3333333333333,254.52,2717.356,0,0.0,-0.7071067811865471,-0.7071067811865479,0.9749279121818236,-0.2225209339563143,185.60500000044703
384.6666666666667,17.743999999999996,1030.0,1.6,11.6,200977.06666666668,100.0,25423.38,1044.6666666666667,308.68,2744.89,0,0.0,-0.8660254037844384,-0.5000000000000004,0.9749279121818236,-0.2225209339563143,176.80200000107288
282.0,17.19066666666667,1494.6666666666667,0.0666666666666666,2.4,161655.46666666667,100.0,24639.72,1068.0,383.32,2742.462666666667,0,0.0,-0.8660254037844384,-0.5000000000000004,0.9749279121818236,-0.2225209339563143,196.53700000047684
200.66666666666663,17.691333333333333,1148.4,2.1333333333333333,4.2,152917.33333333334,100.0,30680.27,1016.0,240.76,2738.2946666666667,0,0.0,-0.8660254037844384,-0.5000000000000004,0.9749279121818236,-0.2225209339563143,186.2099999971688
146.66666666666666,18.254666666666665,937.1333333333332,0.0666666666666666,6.533333333333333,100488.53333333334,100.0,52417.54,1061.3333333333333,330.63,2732.892,0,0.0,-0.8660254037844384,-0.5000000000000004,0.9749279121818236,-0.2225209339563143,174.24799999967215
26.666666666666668,18.952,928.7333333333332,0.6666666666666666,11.666666666666666,200977.06666666668,100.0,36458.31,1033.3333333333333,214.66,2735.7593333333334,0,0.0,-0.9659258262890684,-0.2588190451025206,0.9749279121818236,-0.2225209339563143,165.59700000286102
254.66666666666663,19.434666666666665,863.8,0.2666666666666666,3.4,139810.13333333333,100.0,31744.4,1055.3333333333333,379.32,2733.662,0,0.0,-0.9659258262890684,-0.2588190451025206,0.9749279121818236,-0.2225209339563143,179.74699999764562
0.0,20.401333333333334,1167.4,1.0,6.933333333333334,117964.8,100.0,38113.84,1034.6666666666667,239.44,2731.782,0,0.0,-0.9659258262890684,-0.2588190451025206,0.9749279121818236,-0.2225209339563143,163.78400000184774
26.666666666666668,26.781333333333336,1150.3333333333333,1.933333333333333,4.733333333333333,209715.2,100.0,25640.58,1035.3333333333333,339.83,2728.936666666667,0,0.0,-0.9659258262890684,-0.2588190451025206,0.9749279121818236,-0.2225209339563143,118.53599999845028
283.3333333333333,23.273333333333333,1002.2666666666668,1.933333333333333,4.333333333333333,144179.2,100.0,23309.32,1064.0,256.54,2732.2960000000003,0,0.0,-1.0,-1.8369701987210292e-16,0.9749279121818236,-0.2225209339563143,195.6790000014007
