{"acc": 0.779816403225289, "loss": 0.2670448520692772, "_timestamp": 1718270936.2862067, "_runtime": 2.0366246700286865, "_step": 7, "_wandb": {"runtime": 0}}