timestamp,"node_network_receive_bytes_total{instance=""172.16.3.219:9100"", job=""otel-collector"", device=""eth1""}","node_network_transmit_bytes_total{instance=""172.16.3.86:9100"", job=""otel-collector"", device=""eth1""}","node_network_receive_bytes_total{instance=""172.16.2.14:9100"", job=""otel-collector"", device=""eth1""}",packet_count_ratio,delta_time_milliseconds,max_delta_time_milliseconds,min_delta_time_milliseconds,variance_delta_time_ratio,cycle_time_nanoseconds,longest_cycle_time_nanoseconds,shortest_cycle_time_nanoseconds,throughput_rcvd_by_imagestore_MBps,throughput_trnsmt_from_otherapps_MBps,throughput_rcvd_by_pnetio_MBps
1747829520,8729388755,18356727816,691056326237,63,15.99740982055664,17.07172393798828,15.0604248046875,0.0652083642977898,1149728,1221915,1010585,,,
1747829521,8729388755,18356727816,691056330497,64,16.017675399780273,17.014741897583008,15.040159225463867,0.05967047644349378,1072127,1534392,1009159,0.000000,0.000000,0.004063
1747829522,8729388755,18356727816,691056334757,63,16.115188598632812,19.13166046142578,12.882471084594727,0.34747894172744825,1083070,1526328,1011640,0.000000,0.000000,0.004063
1747829523,8730161497,18356788610,691056339017,64,16.0214900970459,18.025636672973633,14.029741287231445,0.2353528500814579,1049702,3124926,1013004,0.736944,0.057978,0.004063
1747829524,8731268471,18357904596,691056343397,64,16.030550003051758,18.038034439086914,13.819694519042969,0.20851759246462095,1020419,1241073,1010148,1.055693,1.064287,0.004177
1747829525,8732351413,18358999554,691056347717,63,16.03388786315918,17.369985580444336,14.973878860473633,0.20588884034503613,1060413,1255287,1007873,1.032774,1.044233,0.004120
1747829526,8733473407,18360090006,691056352037,64,15.99264144897461,17.09723472595215,14.905214309692383,0.07448598917043865,1020133,1259981,1014021,1.070017,1.039936,0.004120
1747829527,8734578879,18361224016,691056356834,64,15.964746475219727,17.96746253967285,14.096260070800781,0.18227706432360744,1190916,1262135,1010631,1.054260,1.081476,0.004575
1747829528,8735667949,18362337058,691056361371,63,15.997886657714844,16.964197158813477,14.997720718383789,0.03429039690464917,1025279,1334049,1012227,1.038618,1.061480,0.004327
1747829529,8736776425,18363406542,691056366347,64,15.956640243530273,18.03421974182129,13.918161392211914,0.24185275103632092,1088996,1249749,1015094,1.057125,1.019939,0.004745
1747829530,8737901423,18364539050,691056370547,64,15.922069549560547,20.4012393951416,11.928319931030273,0.6733355392667308,1061287,1286237,1011000,1.072882,1.080044,0.004005
1747829531,8739006895,18365629502,691056375084,64,16.0219669342041,17.021656036376953,15.012502670288086,0.0866706154932126,1042749,1415998,1011290,1.054260,1.039936,0.004327
1747829532,8740092841,18366719954,691056379501,63,15.99740982055664,17.014503479003906,14.960765838623047,0.07163908322382154,1031626,3283534,1012950,1.035639,1.039936,0.004212
1747829533,8741216337,18367843450,691056384038,64,15.978813171386719,16.99352264404297,15.020608901977539,0.06104107645188725,1040229,4462136,1012315,1.071449,1.071449,0.004327
1747829534,8742284259,18368933902,691056388478,64,16.0367488861084,17.0290470123291,15.002012252807617,0.06611578127811717,1022575,1380732,1011689,1.018450,1.039936,0.004234
1747829535,8743436293,18370073920,691056392678,64,16.91913604736328,18.69797706604004,14.324426651000977,0.2839992736169907,1053130,1421771,1011117,1.098665,1.087206,0.004005
1747829536,8744553781,18371152356,691056397432,64,15.983104705810547,17.03476905822754,14.989376068115234,0.10179798562380803,1018663,1285346,1014897,1.065720,1.028477,0.004534
1747829537,8745644233,18372271346,691056401572,63,16.106367111206055,17.03643798828125,14.967679977416992,0.09582494943682526,1164760,1438961,1015929,1.039936,1.067152,0.003948
1747829538,8746758717,18373378320,691056405892,64,16.01266860961914,18.016815185546875,14.009475708007812,0.1903622844056404,1027538,1314768,1014574,1.062855,1.055693,0.004120
1747829539,8747853675,18374494306,691056410212,64,16.01243019104004,18.00823211669922,14.004945755004883,0.19383268408772028,1047733,4932982,1014402,1.044233,1.064287,0.004120
1747829540,8748962151,18375572742,691056414472,63,15.945911407470703,17.038345336914062,15.016317367553711,0.0655487655219363,1043686,1174159,1018404,1.057125,1.028477,0.004063
1747829541,8750048097,18376675210,691056418852,64,16.00933074951172,17.036914825439453,14.996767044067383,0.07085127153430566,1036528,1233185,1010776,1.035639,1.051395,0.004177
1747829542,8751165585,18377798706,691056420112,55,2.1131038665771484,17.044782638549805,2.1131038665771484,3.615811811188178,1353957,1353957,1016754,1.065720,1.071449,0.001202
1747829543,8752265049,18378914692,691056423128,55,0,17.044782638549805,2.1131038665771484,3.615811811188178,1017676,1401014,1013793,1.048531,1.064287,0.002876
1747829544,8753384039,18380018662,691056427725,37,15.992164611816406,1604.886770248413,15.87677001953125,68178.76118787545,1022060,1335825,1015680,1.067152,1.052828,0.004384
1747829545,8754489511,18381125636,691056432142,63,15.001296997070312,18.155813217163086,13.855218887329102,0.28565490812533284,1045422,1354263,1016764,1.054260,1.055693,0.004212
1747829546,8755576959,18382202570,691056436462,64,15.990734100341797,17.024755477905273,14.998435974121094,0.034341312377921665,1127575,1310179,1010571,1.037071,1.027044,0.004120
1747829547,8756712471,18383327568,691056440722,64,15.992403030395508,17.760515213012695,14.000177383422852,0.11493789970086042,1020358,1410500,1011254,1.082909,1.072882,0.004063
1747829548,8757798417,18384437546,691056445042,63,15.998125076293945,17.06409454345703,14.954328536987305,0.10247344338228756,1034727,1224045,1010066,1.035639,1.058558,0.004120
1747829549,8758884363,18385520488,691056449242,64,16.01123809814453,17.0285701751709,14.967679977416992,0.09585701413379041,1110231,3256360,1012651,1.035639,1.032774,0.004005
1747829550,8760015369,18386642482,691056453622,64,15.944242477416992,17.25149154663086,14.94288444519043,0.14189987019220626,1024516,3552565,1016789,1.078611,1.070017,0.004177
1747829551,8761104319,18387761472,691056458002,63,16.005992889404297,17.63153076171875,14.820575714111328,0.1907315199181564,1058690,3460265,1014220,1.038504,1.067152,0.004177
1747829552,8762233823,18388868446,691056462202,64,15.953302383422852,17.992496490478516,13.991594314575195,0.22653364056358088,1043342,3674668,1015420,1.077179,1.055693,0.004005
1747829553,8763315263,18389963404,691056466642,64,15.973329544067383,17.497777938842773,14.994382858276367,0.11525641212403792,1035370,1378956,1010826,1.031342,1.044233,0.004234
1747829554,8764426743,18391061366,691056470902,63,16.019821166992188,17.01068878173828,14.981269836425781,0.10167938926488121,1046504,1290203,1019300,1.059990,1.047098,0.004063
1747829555,8765547235,18392183360,691056475282,64,15.985965728759766,17.02594757080078,14.962911605834961,0.06328601443124751,1027880,1327883,1016050,1.068584,1.070017,0.004177
1747829556,8766637687,18393300848,691056479542,64,16.002416610717773,17.03190803527832,14.980077743530273,0.09621872131097595,1052531,1487998,1011013,1.039936,1.065720,0.004063
1747829557,8767761183,18394395806,691056484242,63,16.002893447875977,17.036914825439453,14.987707138061523,0.06080204950088459,1049305,1222037,1009997,1.071449,1.044233,0.004482
1747829558,8768853137,18395477246,691056488502,64,16.007184982299805,17.583847045898438,14.940977096557617,0.22753776613818455,1228952,4912851,1010368,1.041368,1.031342,0.004063
1747829559,8769958609,18396617264,691056492762,64,15.951395034790039,16.669034957885742,14.903068542480469,0.054805666707626315,1023971,3192968,1015744,1.054260,1.087206,0.004063
1747829560,8771091117,18397703210,691056497239,64,16.042709350585938,17.937660217285156,14.898300170898438,0.19788416426568997,1037235,3356777,1015737,1.080044,1.035639,0.004270
1747829561,8772165107,18398834216,691056501656,63,15.99740982055664,16.82448387145996,14.990568161010742,0.05710755094526299,1048516,1417529,1013807,1.024237,1.078611,0.004212
1747829562,8773288603,18399923166,691056506036,64,15.954732894897461,17.285823822021484,14.953136444091797,0.08027567621919575,1043195,1370254,1015552,1.071449,1.038504,0.004177
1747829563,8774386565,18401009112,691056510296,64,16.04771614074707,16.997575759887695,14.992713928222656,0.032987367706082155,1031497,2908430,1014162,1.047098,1.035639,0.004063
1747829564,8775465001,18402110078,691056514676,63,16.13593101501465,18.004655838012695,13.976573944091797,0.28803300348176575,1048629,1419912,1011092,1.028477,1.049963,0.004177
1747829565,8776603517,18403242586,691056518996,64,15.973567962646484,17.040729522705078,15.00391960144043,0.06249611037709704,1027914,2657754,1013599,1.085773,1.080044,0.004120
1747829566,8777692467,18404321022,691056523256,64,16.01409912109375,17.014741897583008,14.983177185058594,0.11442506989066484,1041829,1224642,1010981,1.038504,1.028477,0.004063
1747829567,8778799441,18405455032,691056527636,63,15.986204147338867,17.049312591552734,14.992952346801758,0.035889156330340406,1023845,1486278,1016107,1.055693,1.081476,0.004177
1747829568,8779919933,18406560504,691056531776,64,15.999317169189453,16.95990562438965,15.004396438598633,0.05759577457858026,1036734,1385805,1011939,1.068584,1.054260,0.003948
1747829569,8781029911,18407649454,691056535976,64,16.005754470825195,20.10512351989746,11.860370635986328,0.8716966148326595,1036704,2883427,1012230,1.058558,1.038504,0.004005
1747829570,8782132379,18408745914,691056540416,63,16.042470932006836,16.9069766998291,15.014171600341797,0.03306708412001398,1015946,3488055,1013961,1.051395,1.045666,0.004234
1747829571,8783243859,18409866466,691056544616,64,15.99740982055664,17.30656623840332,14.98103141784668,0.11071396094390909,1331931,1417013,1009375,1.059990,1.068642,0.004005
1747829572,8784338817,18410968934,691056548996,63,15.996217727661133,17.030954360961914,15.013933181762695,0.059215810769814366,1255732,1334090,1019889,1.044233,1.051395,0.004177
1747829573,8785445791,18412081916,691056553256,64,16.16191864013672,18.219470977783203,13.728618621826172,0.25008815011337404,1046403,3426324,1013670,1.055693,1.061422,0.004063
1747829574,8786542571,18413200906,691056557636,64,15.949010848999023,16.575098037719727,14.982223510742188,0.024741075745725875,1027999,2685812,1011070,1.045971,1.067152,0.004177
1747829575,8787645039,18414283848,691056561836,64,16.098499298095703,16.19577407836914,15.714406967163086,0.004026886813363939,1038181,1446704,1010405,1.051395,1.032774,0.004005
1747829576,8788774543,18415378806,691056566156,64,16.000986099243164,17.09771156311035,14.901161193847656,0.13055307378584818,1023082,1185305,1010703,1.077179,1.044233,0.004120
1747829577,8789861991,18416484278,691056570596,63,16.05844497680664,20.08509635925293,11.88516616821289,0.5791479801944378,1026472,4064124,1008967,1.037071,1.054260,0.004234
1747829578,8790983985,18417591252,691056574796,64,16.00360870361328,17.160892486572266,14.952659606933594,0.1741401617010172,1040943,1304438,1014758,1.070017,1.055693,0.004005
1747829579,8792101473,18418710242,691056579116,64,15.995264053344727,20.13087272644043,11.829376220703125,0.9927382076070088,1032358,2735560,1010807,1.065720,1.067152,0.004120
1747829580,8793199435,18419826228,691056583556,63,15.966176986694336,17.225980758666992,14.000177383422852,0.15869866952304962,1070068,1382372,1017068,1.047098,1.064287,0.004234
1747829581,8794307911,18420928696,691056587756,64,15.961885452270508,16.907691955566406,14.934301376342773,0.03472196504125461,1040886,1286302,1011340,1.057125,1.051395,0.004005
1747829582,8795411881,18422020650,691056592136,64,15.998601913452148,17.03500747680664,15.001296997070312,0.06218275636886496,1048585,1304318,1017085,1.052828,1.041368,0.004177
1747829583,8796499329,18423145648,691056596396,63,16.781091690063477,16.781091690063477,15.824556350708008,0.014831995071139815,1030480,1556679,1011638,1.037071,1.072882,0.004063
1747829584,8797622825,18424249618,691056600596,64,15.94233512878418,17.85135269165039,13.930320739746094,0.22714642837293436,1032500,1296777,1020025,1.071449,1.052828,0.004005
1747829585,8798720787,18425353588,691056605036,64,16.004085540771484,18.819808959960938,14.168262481689453,0.257593934649811,1047595,3787546,1015723,1.047098,1.052828,0.004234
1747829586,8799838275,18426445542,691056609236,63,15.967369079589844,16.835451126098633,15.011787414550781,0.02826271686473062,1048895,2559006,1010226,1.065720,1.041368,0.004005
1747829587,8800919715,18427572042,691056613616,64,16.002178192138672,20.17378807067871,11.833906173706055,0.6760541561050004,1044936,1199139,1016172,1.031342,1.074314,0.004177
1747829588,8802040207,18428709056,691056617936,64,16.004562377929688,17.15993881225586,14.977455139160156,0.10360039267494266,1059651,1279840,1011035,1.068584,1.084341,0.004120
1747829589,8803144177,18429791998,691056622316,63,17.102956771850586,18.037796020507812,14.023542404174805,0.2074282298068164,1037429,1425627,1014353,1.052828,1.032774,0.004177
1747829590,8804263167,18430864426,691056626706,64,13.998270034790039,18.013477325439453,13.983488082885742,0.4688939271094483,1045430,1296389,1013425,1.067152,1.022747,0.004187
1747829591,8805365635,18432002942,691056631226,64,15.962362289428711,19.300460815429688,13.690948486328125,0.3805913479739908,1050341,1351830,1009673,1.051395,1.085773,0.004311
1747829592,8806471107,18433088888,691056635703,63,16.00933074951172,16.999006271362305,14.940023422241211,0.06297690396366856,1034622,4218295,1015382,1.054260,1.035639,0.004270
1747829593,8807579583,18434179340,691056640180,64,15.983104705810547,17.478466033935547,14.964580535888672,0.05629278687378174,1019491,5024801,1010499,1.057125,1.039936,0.004270
1747829594,8808683553,18435308844,691056644500,64,16.04437828063965,17.016172409057617,14.97650146484375,0.0590790269575388,1034648,1468941,1013651,1.052828,1.077179,0.004120
1747829595,8809777069,18436393288,691056648820,63,15.864849090576172,20.170927047729492,11.80410385131836,0.8297686056814416,1054474,1327452,1013998,1.042858,1.034206,0.004120
1747829596,8810888549,18437531804,691056653320,64,17.03500747680664,17.03500747680664,14.986515045166016,0.08217035390243842,1072432,1276683,1011137,1.059990,1.085773,0.004292
1747829597,8811994021,18438626762,691056657460,64,15.995502471923828,19.97232437133789,12.838363647460938,0.47352624353849426,1084313,1247093,1010762,1.054260,1.044233,0.003948
1747829598,8813081469,18439718716,691056661780,64,16.003131866455078,17.625093460083008,14.982938766479492,0.19954449754312217,1019809,1394655,1014872,1.037071,1.041368,0.004120
1747829599,8814192949,18440828694,691056666100,63,13.947010040283203,17.100811004638672,13.947010040283203,0.13833321028983292,1099081,1388297,1010503,1.059990,1.058558,0.004120
1747829600,8815289409,18441931162,691056670360,64,16.033411026000977,17.633438110351562,14.96434211730957,0.18206274043057727,1358128,1358128,1015239,1.045666,1.051395,0.004063
1747829601,8816406897,18443057662,691056674740,63,16.04914665222168,19.80900764465332,12.135744094848633,0.9601738969197742,1037835,1438155,1016332,1.065720,1.074314,0.004177
1747829602,8817506361,18444146612,691056679060,64,16.09516143798828,16.882896423339844,15.012502670288086,0.03235928089656672,1059915,1384398,1012970,1.048531,1.038504,0.004120
1747829603,8818622347,18445267104,691056683440,64,15.031814575195312,17.039775848388672,15.012025833129883,0.06701358388012278,1045923,2749305,1009015,1.064287,1.068584,0.004177
1747829604,8819720309,18446359058,691056687700,64,15.978574752807617,17.06218719482422,14.999628067016602,0.039385637125082716,1059043,3885256,1011297,1.047098,1.041368,0.004063
1747829605,8820851315,18447452514,691056692020,63,15.957832336425781,17.740249633789062,14.971494674682617,0.23863117709626902,1037337,1302473,1010357,1.078611,1.042801,0.004120
1747829606,8821952281,18448560990,691056696280,64,16.112565994262695,17.035961151123047,14.941930770874023,0.09164953862875364,1056690,1159186,1010133,1.049963,1.057125,0.004063
1747829607,8823048741,18449681482,691056700540,64,16.942262649536133,17.02284812927246,14.957427978515625,0.07486579160288116,1037723,4991392,1011607,1.045666,1.068584,0.004063
1747829608,8824140695,18450803476,691056704920,64,15.988588333129883,17.369747161865234,14.980077743530273,0.06473218516560081,1052934,1280606,1012196,1.041368,1.070017,0.004177
1747829609,8825288223,18451875904,691056709360,63,15.984058380126953,17.09747314453125,14.932870864868164,0.10405256609810011,1066385,1425438,1011348,1.094368,1.022747,0.004234
1747829610,8826356145,18453011416,691056713620,63,15.984058380126953,17.09747314453125,14.932870864868164,0.10405256609810011,1066385,1425438,1011348,1.018450,1.082909,0.004063
1747829611,8827464621,18454130406,691056717880,64,15.966653823852539,17.200231552124023,14.800786972045898,0.13050437156478975,1036463,1442021,1012132,1.057125,1.067152,0.004063
1747829612,8828559579,18455222360,691056722200,64,15.825033187866211,16.527414321899414,15.003442764282227,0.02751761034204041,1167207,1259148,1010811,1.044233,1.041368,0.004120
1747829613,8829677067,18456326330,691056726580,64,15.995025634765625,20.181894302368164,12.823820114135742,0.5881665246753124,1043585,1258453,1014707,1.065720,1.052828,0.004177
1747829614,8830785543,18457445320,691056731020,64,15.967845916748047,18.097877502441406,14.024734497070312,0.17129623658926202,1040030,1298638,1012789,1.057125,1.067152,0.004234
1747829615,8831901529,18458540278,691056735340,63,16.010284423828125,17.96436309814453,14.00899887084961,0.29393953347135027,1044087,1273749,1010041,1.064287,1.044233,0.004120
1747829616,8833010005,18459639802,691056739660,64,15.989065170288086,16.9680118560791,15.019893646240234,0.03192556303272593,1028686,1306964,1010788,1.057125,1.048588,0.004120
1747829617,8834116979,18460724246,691056744040,64,16.799211502075195,20.13373374938965,11.836528778076172,0.5951878248901035,1033537,1349126,1012076,1.055693,1.034206,0.004177
1747829618,8835217945,18461840232,691056748240,64,15.998601913452148,17.035245895385742,14.933347702026367,0.11669762583728706,1052427,1446194,1009779,1.049963,1.064287,0.004005
1747829619,8836330927,18462965230,691056752560,63,16.994953155517578,18.041610717773438,13.943195343017578,0.40500163151750546,1016148,1393039,1012005,1.061422,1.072882,0.004120
1747829620,8837415371,18464051176,691056756880,64,15.95449447631836,16.695737838745117,14.961481094360352,0.042981194529371144,1025104,1209586,1015807,1.034206,1.035639,0.004120
1747829621,8838534361,18465164158,691056761460,64,15.800714492797852,18.383264541625977,13.945817947387695,0.26684420822154425,1035296,2199768,1011628,1.067152,1.061422,0.004368
1747829622,8839638331,18466251606,691056765840,63,16.03388786315918,20.130634307861328,12.067317962646484,0.5942002036167996,1043068,4038207,1012282,1.052828,1.037071,0.004177
1747829623,8840728783,18467358580,691056770100,64,15.969276428222656,17.06862449645996,14.946699142456055,0.03799758720395026,1034431,1347829,1010946,1.039936,1.055693,0.004063
1747829624,8841841765,18468506108,691056774360,64,15.969276428222656,17.06862449645996,14.946699142456055,0.03799758720395026,1034431,1347829,1010946,1.061422,1.094368,0.004063
1747829625,8842945735,18469590552,691056778680,64,16.019821166992188,16.994237899780273,14.981985092163086,0.08395746132324973,1029467,1515968,1010357,1.052828,1.034206,0.004120
1747829626,8844070733,18470700530,691056783000,63,16.004085540771484,18.921852111816406,13.003349304199219,0.3540357640813302,1024636,1163894,1011266,1.072882,1.058558,0.004120
1747829627,8845155177,18471798492,691056787260,64,15.844583511352539,17.00735092163086,14.994621276855469,0.08893969297778243,1026077,2163647,1011767,1.034206,1.047098,0.004063
1747829628,8846259147,18472926494,691056791580,64,16.006946563720703,17.03476905822754,15.084028244018555,0.0374785825571825,1057494,4624211,1010982,1.052828,1.075747,0.004120
1747829629,8847366181,18473995918,691056795900,63,16.21723175048828,18.849611282348633,14.145374298095703,0.25863615331918044,1073673,1181156,1010802,1.055750,1.019882,0.004120
1747829630,8848489677,18475111904,691056800160,64,15.998363494873047,17.865896224975586,14.985799789428711,0.18405860678946628,1093428,1268713,1015898,1.071449,1.064287,0.004063
1747829631,8849599655,18476230894,691056804600,64,15.996694564819336,17.022132873535156,14.99795913696289,0.06354834161045894,1183341,1347119,1014669,1.058558,1.067152,0.004234
1747829632,8850687103,18477349884,691056808860,63,16.00193977355957,16.173362731933594,15.795230865478516,0.0047034862313188154,1021101,1264743,1016228,1.037071,1.067152,0.004063
1747829633,8851798583,18478419308,691056813120,64,15.998125076293945,17.080307006835938,14.940738677978516,0.10488135778703903,1067649,1285586,1010446,1.059990,1.019882,0.004063
1747829634,8852908561,18479548812,691056817380,64,16.006946563720703,18.00990104675293,13.967752456665039,0.2484019746060993,1174898,3810840,1010954,1.058558,1.077179,0.004063
1747829635,8854024547,18480655786,691056821700,63,16.05081558227539,17.90761947631836,14.960527420043945,0.1789134190634197,1275693,3794183,1016999,1.064287,1.055693,0.004120
1747829636,8855125513,18481737226,691056826020,64,15.956878662109375,19.072294235229492,12.925863265991211,0.334953837050709,1037505,3069367,1021108,1.049963,1.031342,0.004120
1747829637,8856232487,18482869734,691056830280,64,15.950441360473633,18.87345314025879,14.080286026000977,0.29738153463351363,1017714,1219019,1011446,1.055693,1.080044,0.004063
1747829638,8857344287,18483973704,691056834660,63,14.98723030090332,17.055988311767578,14.97030258178711,0.07094062384030139,1025690,3955519,1021233,1.060295,1.052828,0.004177
1747829639,8858427229,18485067160,691056838920,64,16.021251678466797,17.054319381713867,14.984130859375,0.06539303446513008,1028590,3335760,1011908,1.032774,1.042801,0.004063
1747829640,8859552227,18486183146,691056843300,64,16.021251678466797,17.054319381713867,14.984130859375,0.06539303446513008,1028590,3335760,1011908,1.072882,1.064287,0.004177
1747829641,8860639675,18487290120,691056847500,64,15.991926193237305,16.779184341430664,14.947891235351562,0.032242210894376226,1043071,2181107,1012478,1.037071,1.055693,0.004005
1747829642,8861760167,18488371560,691056851760,63,16.0219669342041,17.083168029785156,14.985799789428711,0.0664701171930409,1034931,1236648,1012288,1.068584,1.031342,0.004063
1747829643,8862850619,18489517586,691056856140,64,15.999317169189453,16.13759994506836,15.853643417358398,0.0011979211593735714,1036260,1193943,1013578,1.039936,1.092936,0.004177
1747829644,8863965103,18490609540,691056860400,64,15.997648239135742,16.236305236816406,15.791654586791992,0.003899969594712762,1045753,1342209,1008411,1.062855,1.041368,0.004063
1747829645,8865075081,18491730032,691056864720,64,15.998125076293945,17.263412475585938,14.967203140258789,0.20203090610800978,1024308,1159700,1012635,1.058558,1.068584,0.004120
1747829646,8866192569,18492827994,691056869040,63,15.041112899780273,17.043113708496094,14.97340202331543,0.06822651720124835,1078189,2603852,1014642,1.065720,1.047098,0.004120
1747829647,8867240965,18493916944,691056872460,64,15.858173370361328,16.97087287902832,15.017986297607422,0.03224804541517139,1026005,1238857,1011440,0.999828,1.038504,0.003262
1747829648,8868408019,18495029926,691056873060,7,16.15452766418457,16.15452766418457,15.94090461730957,0.005154493325992209,1036527,1325000,1017924,1.112989,1.061422,0.000572
1747829649,8869505981,18496111366,691056877696,21,14.984607696533203,1600.867509841919,14.984607696533203,119311.17669816714,1021475,1259196,1011658,1.047098,1.031342,0.004421
1747829650,8870605445,18497225850,691056882016,64,15.890836715698242,17.02117919921875,15.0146484375,0.033849680651578715,1036814,1355854,1014631,1.048531,1.062855,0.004120
1747829651,8871698901,18498323812,691056886276,63,15.977621078491211,16.988515853881836,14.951705932617188,0.03694512130610817,1031119,1222898,1015011,1.042801,1.047098,0.004063
1747829652,8872807377,18499447308,691056890596,63,15.977621078491211,16.988515853881836,14.951705932617188,0.03694512130610817,1031119,1222898,1015011,1.057125,1.071449,0.004120
1747829653,8873929371,18500557286,691056894916,64,15.987873077392578,16.15118980407715,15.913248062133789,0.001827840334899552,1181316,1547230,1011351,1.070017,1.058558,0.004120
1747829654,8875042353,18501664260,691056899176,64,16.001462936401367,18.10169219970703,12.825250625610352,0.3972654399631538,1034565,1329203,1010996,1.061422,1.055693,0.004063
1747829655,8876134307,18502778744,691056901096,64,16.011714935302734,17.0137882232666,14.995574951171875,0.03761970057661085,1158878,1326422,1010635,1.041368,1.062855,0.001831
1747829656,8877254799,18503855678,691056904012,44,14.255285263061523,19.811630249023438,12.120246887207031,0.7602779572764354,1039866,4224802,1010263,1.068584,1.027044,0.002781
1747829657,8878328729,18504959648,691056908212,44,0,19.811630249023438,12.120246887207031,0.7602779572764354,1088659,4811360,1010553,1.024179,1.052828,0.004005
1747829658,8879450723,18506090654,691056912592,51,15.999078750610352,1530.7109355926514,15.844106674194336,44969.2292472463,1023565,4885317,1012617,1.070017,1.078611,0.004177
1747829659,8880566709,18507206640,691056916732,64,15.964746475219727,17.10796356201172,13.880491256713867,0.16665175031220827,1035706,1311110,1014429,1.064287,1.064287,0.003948
1747829660,8881664671,18508297092,691056921112,64,16.01243019104004,17.034053802490234,14.94145393371582,0.06549836327225475,1037485,1434821,1013974,1.047098,1.039936,0.004177
1747829661,8882755123,18509387604,691056925372,64,16.028881072998047,17.095088958740234,14.940023422241211,0.040638503915100106,1048197,1316002,1018189,1.039936,1.039993,0.004063
1747829662,8883862097,18510508096,691056929812,63,16.07036590576172,17.005443572998047,14.99485969543457,0.10412155666277761,1034519,1287303,1011581,1.055693,1.068584,0.004234
1747829663,8885011187,18511627086,691056934012,64,15.999555587768555,17.0290470123291,15.011310577392578,0.07218338206033277,1258629,1339157,1013063,1.095858,1.067152,0.004005
1747829664,8886079109,18512732558,691056938332,64,15.942811965942383,17.845869064331055,13.997316360473633,0.1225611149782217,1037574,1452703,1019458,1.018450,1.054260,0.004120
1747829665,8887186083,18513829018,691056942592,63,16.001224517822266,17.007112503051758,14.991521835327148,0.05799898481891091,1037246,1244755,1014179,1.055693,1.045666,0.004063
1747829666,8888312583,18514929984,691056946912,65,16.0062313079834,16.797542572021484,15.295982360839844,0.01899907203783968,1049902,1210169,1012475,1.074314,1.049963,0.004120
1747829667,8889407541,18516039962,691056951232,63,15.964984893798828,18.117904663085938,13.831853866577148,0.372670922982812,1108605,1348351,1014278,1.044233,1.058558,0.004120
1747829668,8890519021,18517134920,691056955552,64,16.07799530029297,17.02594757080078,15.003442764282227,0.047271031980679154,1070775,1195844,1012592,1.059990,1.044233,0.004120
1747829669,8891622991,18518243396,691056959872,64,16.009092330932617,17.301321029663086,14.961004257202148,0.11341918610858504,1052399,1228193,1017000,1.052828,1.057125,0.004120
1747829670,8892710439,18519347366,691056964252,64,16.97826385498047,17.037153244018555,14.966011047363281,0.10703083929625848,1157983,9102597,1014221,1.037071,1.052828,0.004177
1747829671,8893814409,18520448332,691056968572,63,15.95306396484375,17.16923713684082,14.884471893310547,0.09969937428575862,1034639,1304259,1010610,1.052828,1.049963,0.004120
1747829672,8894930395,18521549298,691056972772,64,16.02649688720703,18.54562759399414,13.410329818725586,0.3601126349880888,1027667,5136190,1012205,1.064287,1.049963,0.004005
1747829673,8896046381,18522677300,691056977092,63,15.969038009643555,18.0966854095459,13.857841491699219,0.3098472757378248,1043148,3394512,1012323,1.064287,1.075747,0.004120
1747829674,8897144343,18523761744,691056981412,64,16.003131866455078,17.8835391998291,14.096736907958984,0.11482177422461443,1048542,1410579,1011630,1.047098,1.034206,0.004120
1747829675,8898269341,18524895754,691056985792,64,16.02911949157715,20.505666732788086,11.452674865722656,0.7271570510724996,1021303,1410942,1012417,1.072882,1.081476,0.004177
1747829676,8899370307,18525983202,691056990112,63,15.972614288330078,17.98868179321289,14.005899429321289,0.2031227230424305,1028503,2462748,1012362,1.049963,1.037071,0.004120
1747829677,8900465265,18527100690,691056994492,64,15.013694763183594,17.033815383911133,14.963865280151367,0.1293815939965501,1053802,1406980,1010745,1.044233,1.065720,0.004177
1747829678,8901573741,18528200154,691056998932,64,15.97738265991211,18.065214157104492,14.056205749511719,0.3729777597862703,1041678,3596398,1016386,1.057125,1.048531,0.004234
1747829679,8902679213,18529290606,691057003192,63,16.008853912353516,18.128156661987305,13.84735107421875,0.32361599623386084,1046401,1243873,1011061,1.054260,1.039936,0.004063
1747829680,8903810219,18530411098,691057007392,64,15.936851501464844,17.832279205322266,14.10531997680664,0.2500287010059416,1035725,1132445,1009676,1.078611,1.068584,0.004005
1747829681,8904908181,18531513566,691057011772,64,15.999794006347656,17.001628875732422,14.829874038696289,0.052423969363088775,1039631,3324619,1012784,1.047098,1.051395,0.004177
1747829682,8906001637,18532629552,691057016212,63,15.982866287231445,17.065763473510742,14.982461929321289,0.0702559239800742,1037105,1348250,1014555,1.042801,1.064287,0.004234
1747829683,8907120627,18533713996,691057020352,64,15.995025634765625,20.848512649536133,11.154651641845703,0.8416880235322054,1027558,1165347,1013898,1.067152,1.034206,0.003948
1747829684,8908215585,18534826978,691057024792,64,16.02959632873535,17.243146896362305,15.01154899597168,0.09471171740569848,1048139,1301017,1013766,1.044233,1.061422,0.004234
1747829685,8909318053,18535932450,691057029312,64,16.016244888305664,17.113924026489258,14.931678771972656,0.12441446461726088,1193216,1193216,1015123,1.051395,1.054260,0.004311
1747829686,8910428031,18537060452,691057033632,64,16.443967819213867,17.227888107299805,15.006065368652344,0.05754933260309449,1033841,1553690,1018331,1.058558,1.075747,0.004120
1747829687,8911512475,18538140390,691057037832,64,16.002655029296875,17.078399658203125,14.958858489990234,0.17301151770290266,1071249,1429346,1021401,1.034206,1.029909,0.004005
1747829688,8912634469,18539272898,691057042332,63,15.985965728759766,18.28312873840332,13.74673843383789,0.24743805432537158,1039858,1343900,1014946,1.070017,1.080044,0.004292
1747829689,8913736937,18540364852,691057046592,64,15.97452163696289,16.98136329650879,15.017032623291016,0.0617471315221801,1055159,5838748,1013853,1.051395,1.041368,0.004063
1747829690,8914842409,18541474830,691057050792,64,16.004323959350586,17.00139045715332,14.993429183959961,0.03343542686803925,1023385,2608986,1012094,1.054260,1.058558,0.004005
1747829691,8915935865,18542578800,691057055052,63,16.016244888305664,17.052412033081055,14.998912811279297,0.068867207301366,1036082,2923081,1009988,1.042801,1.052828,0.004063
1747829692,8917041337,18543693284,691057059312,64,15.989065170288086,18.0208683013916,14.002084732055664,0.3401014355342316,1033801,1547597,1009539,1.054260,1.062855,0.004063
1747829693,8918173845,18544783736,691057063812,64,16.009092330932617,17.700910568237305,13.878107070922852,0.18808536923189315,4662037,4662037,1011735,1.080044,1.039936,0.004292
1747829694,8919246273,18545904228,691057068072,64,15.938758850097656,18.21589469909668,13.830900192260742,0.3262200946278386,1031813,1307167,1010902,1.022747,1.068584,0.004063
1747829695,8920350243,18547000688,691057072212,64,15.985965728759766,17.130613327026367,14.95671272277832,0.13879749279207368,1034160,1262646,1015284,1.052828,1.045666,0.003948
1747829696,8921485755,18548112168,691057076652,63,16.095638275146484,16.99209213256836,15.022754669189453,0.047090703356620384,1050169,1508797,1020166,1.082909,1.059990,0.004234
1747829697,8922588223,18549198114,691057080852,64,15.97738265991211,16.98613166809082,14.977216720581055,0.033472514012234514,1041002,1360906,1014606,1.051395,1.035639,0.004005
1747829698,8923678675,18550303586,691057085232,64,15.998125076293945,17.02404022216797,13.999462127685547,0.16125026425732342,1022564,1231541,1013194,1.039936,1.054260,0.004177
1747829699,8924803673,18551461628,691057089552,63,15.892505645751953,17.98415184020996,14.051675796508789,0.16794086189046475,1033504,3440289,1010543,1.072882,1.104395,0.004120
1747829700,8925915153,18552538562,691057093812,64,15.918493270874023,18.715381622314453,13.32712173461914,0.6693727037437716,1028705,1163618,1012547,1.059990,1.027044,0.004063
1747829701,8927017621,18553641030,691057098132,64,14.546632766723633,17.415523529052734,14.546632766723633,0.14675451069915912,1035800,1425903,1010116,1.051395,1.051395,0.004120
1747829702,8928115583,18554741996,691057102452,63,16.076326370239258,16.977548599243164,15.035152435302734,0.03160901020404401,1025852,3677653,1009987,1.047098,1.049963,0.004120
1747829703,8929213865,18555860986,691057106772,64,16.048669815063477,17.72332191467285,13.756275177001953,0.21381527063546232,1045234,2587461,1019036,1.047403,1.067152,0.004120
1747829704,8930311827,18556937920,691057111032,64,15.991449356079102,16.218900680541992,15.780210494995117,0.0034815532230356686,1045060,2782054,1011689,1.047098,1.027044,0.004063
1747829705,8931424809,18558041890,691057114032,63,16.002178192138672,17.961740493774414,14.001607894897461,0.39229623466172986,1043427,6617015,1011283,1.061422,1.052828,0.002861
1747829706,8932524273,18559151928,691057114572,50,11.162042617797852,16.10088348388672,11.162042617797852,0.46952531480119475,1072456,1178790,1011784,1.048531,1.058615,0.000515
1747829707,8933629745,18560282934,691057119628,50,0,16.10088348388672,11.162042617797852,0.46952531480119475,1053105,1348529,1017964,1.054260,1.078611,0.004822
1747829708,8934757747,18561383900,691057120528,43,16.00503921508789,1586.8136882781982,14.814138412475586,57350.41474750549,1224158,1272961,1012487,1.075747,1.049963,0.000858
1747829709,8935852705,18562489372,691057124024,15,7.084369659423828,20.07746696472168,7.084369659423828,8.599902360271829,1051460,1304857,1010842,1.044233,1.054260,0.003334
1747829710,8936958177,18563603856,691057128224,16,15.994071960449219,1559.126853942871,14.653682708740234,148169.1099326438,1246960,1327138,1013313,1.054260,1.062855,0.004005
1747829711,8938066653,18564709328,691057132604,64,15.802383422851562,17.016887664794922,15.009403228759766,0.10795920309143606,1043640,1495667,1017144,1.057125,1.054260,0.004177
1747829712,8939169121,18565808792,691057136924,64,16.693115234375,16.693115234375,15.016555786132812,0.03397453910442964,1032425,1256494,1013697,1.051395,1.048531,0.004120
1747829713,8940277597,18566905252,691057141304,63,15.997171401977539,17.9135799407959,14.076471328735352,0.18944626945596535,1035948,1239864,1012671,1.057125,1.045666,0.004177
1747829714,8941371053,18568024242,691057145564,64,15.515565872192383,18.069744110107422,13.9617919921875,0.1758601716314193,1036603,1461800,1017209,1.042801,1.067152,0.004063
1747829715,8942463067,18569125208,691057148804,64,14.479398727416992,17.52638816833496,13.753890991210938,0.22821850633776045,1035673,1379272,1017288,1.041426,1.049963,0.003090
1747829716,8943603085,18570218664,691057149404,52,10.108709335327148,17.01211929321289,10.108709335327148,0.7103716213778356,1039661,2770622,1013637,1.087206,1.042801,0.000572
1747829717,8944713063,18571337654,691057154280,52,0,17.01211929321289,10.108709335327148,0.7103716213778356,1164888,1246687,1009089,1.058558,1.067152,0.004650
1747829718,8945806519,18572422098,691057158660,40,20.24531364440918,1580.951452255249,14.999628067016602,61178.47922290188,1049065,1361604,1013580,1.042801,1.034206,0.004177
1747829719,8946911991,18573538084,691057162740,64,16.041278839111328,27.07505226135254,4.8465728759765625,4.1724138342433355,1054310,1221234,1018617,1.054260,1.064287,0.003891
1747829720,8947994933,18574631540,691057167120,64,15.959739685058594,23.169279098510742,8.795499801635742,1.67633273024345,1016431,2914100,1016431,1.032774,1.042801,0.004177
1747829721,8949130445,18575756538,691057171820,64,16.98446273803711,18.001556396484375,13.955354690551758,0.19389080152098473,1035030,3312467,1010101,1.082909,1.072882,0.004482
1747829722,8950232913,18576868018,691057176020,63,16.004562377929688,19.114971160888672,12.902259826660156,0.4228446392695942,1024609,1429307,1009827,1.051395,1.059990,0.004005
1747829723,8951324867,18577953964,691057180280,64,14.886856079101562,17.467737197875977,14.886856079101562,0.17330934725642505,1031693,4553996,1013332,1.041368,1.035639,0.004063
1747829724,8952427335,18579077460,691057184600,64,16.02768898010254,18.977880477905273,12.99595832824707,0.3166645665404512,1206221,3359257,1013165,1.051395,1.071449,0.004120
1747829725,8953480237,18580160402,691057188140,63,15.988349914550781,16.998767852783203,15.18702507019043,0.03250451444504417,1035036,5166588,1013890,1.004126,1.032774,0.003376
1747829726,8954642785,18581283898,691057188740,55,16.553163528442383,17.032146453857422,14.856815338134766,0.08277257727940944,1051850,3016691,1011253,1.108692,1.071449,0.000572
1747829727,8955758771,18582405892,691057193256,55,0,17.032146453857422,14.856815338134766,0.08277257727940944,1104985,1406545,1012867,1.064287,1.070017,0.004307
1747829728,8956853729,18583481324,691057197576,38,16.008615493774414,1569.4386959075928,14.281272888183594,63458.349473112714,1085195,4629724,1017445,1.044233,1.025612,0.004120
1747829729,8957962205,18584610828,691057201836,64,16.021251678466797,17.370223999023438,14.882802963256836,0.07883301809018298,1024153,3154490,1009569,1.057125,1.077179,0.004063
1747829730,8959066175,18585711794,691057206036,63,16.27635955810547,17.019987106323242,14.991283416748047,0.03510015015696007,1032061,4413834,1019919,1.052828,1.049963,0.004005
1747829731,8960191173,18586799242,691057210356,64,15.990018844604492,16.710758209228516,14.997482299804688,0.025550731749343473,1190949,2574034,1009458,1.072882,1.037071,0.004120
1747829732,8961287633,18587904714,691057214736,64,15.982627868652344,17.061471939086914,14.965534210205078,0.06719755227037702,1037953,1351460,1009660,1.045666,1.054260,0.004177
1747829733,8962403619,18589029712,691057219116,63,15.978813171386719,17.394304275512695,14.882087707519531,0.11828943189744312,1055717,1176738,1010285,1.064287,1.072882,0.004177
1747829734,8963498577,18590150204,691057223436,64,16.008615493774414,17.748355865478516,13.40627670288086,0.23784155973783164,1020544,4987622,1017438,1.044233,1.068584,0.004120
1747829735,8964595037,18591221130,691057227156,64,16.009092330932617,17.075300216674805,14.848947525024414,0.07414591107883096,1067064,1351146,1021075,1.045666,1.021315,0.003548
1747829736,8965723039,18592346128,691057227756,58,5.196332931518555,18.92256736755371,5.196332931518555,2.4270612443082125,1011344,1421675,1011344,1.075747,1.072882,0.000572
1747829737,8966827009,18593438082,691057231912,58,0,18.92256736755371,5.196332931518555,2.4270612443082125,1045392,1446044,1010483,1.052828,1.041368,0.003963
1747829738,8967915959,18594557072,691057236232,34,15.977859497070312,1587.9528522491455,14.940023422241211,72611.57844272224,1035321,1327519,1014358,1.038504,1.067152,0.004120
1747829739,8969052973,18595662544,691057240492,64,15.955209732055664,17.045021057128906,14.909744262695312,0.09919999263999492,1064090,1308114,1018314,1.084341,1.054260,0.004063
1747829740,8970146429,18596752996,691057244812,64,16.004562377929688,17.098426818847656,14.922142028808594,0.10701468528170854,1052793,1415411,1011358,1.042801,1.039936,0.004120
1747829741,8971254905,18597858468,691057249192,64,16.004323959350586,18.0056095123291,13.994693756103516,0.32801594854508037,1049807,2287540,1012343,1.057125,1.054260,0.004177
1747829742,8972337847,18598972952,691057253452,63,16.917943954467773,17.99464225769043,12.998580932617188,0.36541686509427357,1114402,1246154,1011841,1.032774,1.062855,0.004063
1747829743,8973449327,18600097950,691057257772,64,15.984296798706055,19.441604614257812,12.479066848754883,0.4930608811738731,1021207,3222424,1014708,1.059990,1.072882,0.004120
1747829744,8974554799,18601174884,691057261972,64,15.943050384521484,17.1205997467041,14.881372451782227,0.13785391186042337,1036253,2940866,1009487,1.054260,1.027044,0.004005
1747829745,8975667781,18602316404,691057266232,63,16.008377075195312,17.005443572998047,14.985084533691406,0.03587525033616716,1038965,1386111,1010939,1.061422,1.088638,0.004063
1747829746,8976773253,18603393338,691057270672,64,16.14689826965332,17.058372497558594,14.893531799316406,0.06626825374539973,1037209,4685432,1013988,1.054260,1.027044,0.004234
1747829747,8977878725,18604495806,691057274932,64,16.03388786315918,20.01190185546875,11.803627014160156,1.0443177953519738,1034827,2863188,1010462,1.054260,1.051395,0.004063
1747829748,8978967675,18605611792,691057279192,65,15.784263610839844,17.014026641845703,14.995813369750977,0.06805031294021546,1073535,1364185,1013269,1.038504,1.064287,0.004063
1747829749,8980083661,18606705248,691057283512,63,16.007661819458008,17.345905303955078,14.294862747192383,0.18453144658008103,1176900,1377359,1008139,1.064287,1.042801,0.004120
1747829750,8981186129,18607852776,691057288152,64,12.336969375610352,19.65045928955078,12.336969375610352,0.523402570526366,1037722,1361267,1020832,1.051395,1.094368,0.004425
1747829751,8982305119,18608946292,691057292532,64,16.037940979003906,17.955780029296875,14.929533004760742,0.19229204002087574,1156815,4046740,1012256,1.067152,1.042858,0.004177
1747829752,8983395571,18610044254,691057296792,64,16.053199768066406,16.117572784423828,15.871763229370117,0.0013935597083223727,1037120,2596111,1011018,1.039936,1.047098,0.004063
1747829753,8984502545,18611128698,691057301112,63,16.005516052246094,17.061471939086914,14.970541000366211,0.10517933568890053,1122941,1235758,1011204,1.055693,1.034206,0.004120
1747829754,8985609519,18612249190,691057305372,64,14.976263046264648,18.774747848510742,12.924432754516602,0.34240961960099947,1034605,1505750,1013945,1.055693,1.068584,0.004063
1747829755,8986733015,18613351658,691057309632,64,16.01862907409668,18.073320388793945,12.983322143554688,0.3140140700876936,1019079,1206736,1013211,1.071449,1.051395,0.004063
1747829756,8987821965,18614446616,691057313952,64,15.979290008544922,18.001556396484375,14.096498489379883,0.3284489709685753,1038017,1250270,1014978,1.038504,1.044233,0.004120
1747829757,8988927437,18615552088,691057318332,63,15.987396240234375,17.047882080078125,14.985084533691406,0.09449722516983951,1035004,5667654,1015461,1.054260,1.054260,0.004177
1747829758,8990034411,18616681592,691057320432,64,16.011714935302734,17.00615882873535,14.95981216430664,0.06629236772907428,1025620,1215726,1012276,1.055693,1.077179,0.002003
1747829759,8991168421,18617782558,691057322608,23,16.185522079467773,16.957759857177734,15.074729919433594,0.08411956251857493,1039995,2338026,1012041,1.081476,1.049963,0.002075
1747829760,8992242351,18618891034,691057326928,6,16.006946563720703,1590.5084609985352,16.006946563720703,396609.77280861064,1039587,3259562,1013067,1.024179,1.057125,0.004120
1747829761,8993355333,18620008522,691057331188,63,16.477108001708984,20.13564109802246,10.836124420166016,0.7581822088391811,1020583,1156115,1009562,1.061422,1.065720,0.004063
1747829762,8994472821,18621086958,691057335508,64,15.973806381225586,17.020702362060547,15.005111694335938,0.056131659598546296,1056834,1480673,1017467,1.065720,1.028477,0.004120
1747829763,8995578293,18622219466,691057339768,64,15.882492065429688,16.143083572387695,15.858173370361328,0.0025719272758380897,1021118,1262101,1009460,1.054260,1.080044,0.004063
1747829764,8996667243,18623293396,691057344208,63,15.964269638061523,16.98589324951172,15.002250671386719,0.05715202030304635,1035197,1304561,1016906,1.038504,1.024179,0.004234
1747829765,8997772715,18624407880,691057348408,64,16.002893447875977,16.604185104370117,15.009164810180664,0.027549193914728237,1058015,1306317,1012641,1.054260,1.062855,0.004005
1747829766,8998878247,18625538886,691057349308,63,1.5461444854736328,17.068147659301758,1.5461444854736328,3.418424416996723,1040209,2111254,1015475,1.054317,1.078611,0.000858
1747829767,9000010755,18626609812,691057352864,63,0,17.068147659301758,1.5461444854736328,3.418424416996723,1034969,1331816,1010544,1.080044,1.021315,0.003391
1747829768,9001091013,18627737814,691057357304,30,15.994548797607422,1581.5620422363281,15.518426895141602,81602.72726343648,1027762,1375809,1017329,1.030214,1.075747,0.004234
1747829769,9002213007,18628837278,691057361444,64,16.017675399780273,19.788265228271484,12.217521667480469,0.517307176477456,1038697,1349759,1014447,1.070017,1.048531,0.003948
1747829770,9003319981,18629960774,691057365884,64,16.007184982299805,17.064809799194336,14.97340202331543,0.13247940968725588,1070408,1323094,1017297,1.055693,1.071449,0.004234
1747829771,9004408931,18631034704,691057370204,64,15.996217727661133,18.126726150512695,14.04881477355957,0.249373201174824,1261180,1354384,1013116,1.038504,1.024179,0.004120
1747829772,9005535431,18632138674,691057374524,63,15.506505966186523,18.030166625976562,14.758586883544922,0.18622838208744283,1157207,1278770,1013336,1.074314,1.052828,0.004120
1747829773,9006639401,18633245648,691057378844,64,15.975475311279297,21.98052406311035,9.851694107055664,1.3224720702517458,1228618,1406324,1011946,1.052828,1.055693,0.004120
1747829774,9007725347,18634375152,691057383044,64,15.988349914550781,17.046213150024414,14.983892440795898,0.06554497146712054,1040074,1472289,1013720,1.035639,1.077179,0.004005
1747829775,9008851847,18635465604,691057387424,63,15.96379280090332,18.368005752563477,12.770652770996094,0.44900703528287356,1073315,1300469,1013692,1.074314,1.039936,0.004177
1747829776,9009961825,18636595108,691057391684,64,15.959978103637695,18.074750900268555,13.926267623901367,0.2178101705728693,1019612,6758453,1015061,1.058558,1.077179,0.004063
1747829777,9011059787,18637691568,691057396004,64,16.042709350585938,17.050981521606445,14.976263046264648,0.13341205018706423,1041293,1225284,1010691,1.047098,1.045666,0.004120
1747829778,9012151741,18638777514,691057400444,63,16.019821166992188,17.409086227416992,14.595985412597656,0.06571641510074354,1117881,1339037,1013617,1.041368,1.035639,0.004234
1747829779,9013267727,18639884488,691057404644,64,15.77615737915039,17.071008682250977,14.894247055053711,0.0780162182909742,1043847,1740651,1017405,1.064287,1.055693,0.004005
1747829780,9014379207,18641026068,691057408964,64,16.000747680664062,17.963171005249023,14.18447494506836,0.231238726508132,1045253,1411191,1019173,1.059990,1.088696,0.004120
1747829781,9015495193,18642095492,691057413404,63,15.976905822753906,19.77682113647461,12.123584747314453,0.4735094238703805,1058688,1360416,1012625,1.064287,1.019882,0.004234
1747829782,9016591653,18643199462,691057417604,64,15.976667404174805,17.00901985168457,14.821052551269531,0.13635847471009038,1034803,1116158,1010739,1.045666,1.052828,0.004005
1747829783,9017701631,18644336476,691057422104,64,15.912055969238281,22.122859954833984,9.80830192565918,1.272662375122327,1037785,1260022,1012652,1.058558,1.084341,0.004292
1747829784,9018799593,18645434438,691057426244,63,15.994548797607422,20.019054412841797,11.98434829711914,0.7314782043834506,1200083,4595339,1022218,1.047098,1.047098,0.003948
1747829785,9019906567,18646518882,691057430944,64,15.990495681762695,17.15087890625,13.777971267700195,0.1811481456324283,1095791,1212785,1011251,1.055693,1.034206,0.004482
1747829786,9021007533,18647624354,691057435204,64,15.976428985595703,20.153045654296875,11.880159378051758,0.7660340677793268,1071746,1400672,1015468,1.049963,1.054260,0.004063
1747829787,9022114507,18648729826,691057439464,63,15.972614288330078,18.308162689208984,13.738393783569336,0.4205805518186016,1042060,1201778,1013555,1.055693,1.054260,0.004063
1747829788,9023191441,18649869844,691057442404,64,15.998125076293945,18.080711364746094,13.907670974731445,0.24124243703995302,1118030,1340808,1018618,1.027044,1.087206,0.002804
1747829789,9024314937,18650969308,691057443004,30,8.292198181152344,19.279956817626953,8.292198181152344,3.017100718161179,1048946,1326748,1015616,1.071449,1.048531,0.000572
1747829790,9025418907,18652061262,691057448360,30,0,19.279956817626953,8.292198181152344,3.017100718161179,1040011,1370514,1015456,1.052828,1.041368,0.005108
1747829791,9026546909,18653163730,691057452560,63,15.98811149597168,1582.796335220337,14.189004898071289,38955.938284605356,1043224,1380182,1011797,1.075747,1.051395,0.004005
1747829792,9027646373,18654288728,691057456940,63,15.069007873535156,17.051219940185547,14.969825744628906,0.12268502483367304,1042834,1370358,1011878,1.048531,1.072882,0.004177
1747829793,9028753347,18655389694,691057461200,64,14.09149169921875,17.9595947265625,14.09149169921875,0.1932565048436544,1028084,3605322,1011915,1.055693,1.049963,0.004063
1747829794,9029846803,18656472636,691057465580,64,16.019582748413086,22.75252342224121,8.843421936035156,1.5409248179081207,1120840,2100080,1013728,1.042801,1.032774,0.004177
1747829795,9030964291,18657576606,691057469840,63,16.022682189941406,17.038583755493164,14.962434768676758,0.19987357451444746,1021247,6878504,1011370,1.065720,1.052828,0.004063
1747829796,9032081779,18658703106,691057474220,64,15.969276428222656,16.96157455444336,15.022516250610352,0.0311280632713595,1035416,1413260,1013513,1.065720,1.074314,0.004177
1747829797,9033188753,18659795060,691057478600,64,15.957355499267578,19.02627944946289,13.106107711791992,0.3777118281979294,1062049,1276821,1009708,1.055693,1.041368,0.004177
1747829798,9034258177,18660918556,691057482800,64,15.991687774658203,16.98899269104004,15.029191970825195,0.05872046849615327,1037546,1253046,1018762,1.019882,1.071449,0.004005
1747829799,9035396693,18662024028,691057487060,63,16.002416610717773,16.988039016723633,15.047311782836914,0.05139163576369526,1036804,3991032,1010632,1.085773,1.054260,0.004063
1747829800,9036484141,18663149026,691057491500,64,14.999628067016602,23.118972778320312,8.85319709777832,1.713221957455445,1043806,2524272,1010956,1.037071,1.072882,0.004234
1747829801,9037598625,18664239478,691057495760,64,16.00337028503418,17.39978790283203,14.609575271606445,0.2086964313987085,1057933,1238155,1011959,1.062855,1.039936,0.004063
1747829802,9038711607,18665317914,691057500200,63,15.985488891601562,17.056703567504883,14.990806579589844,0.0688663253115443,1047424,1246846,1010636,1.061422,1.028477,0.004234
1747829803,9039814075,18666441410,691057504400,64,16.001224517822266,17.06218719482422,15.000581741333008,0.1208293253842672,1055522,1326058,1019114,1.051395,1.071449,0.004005
1747829804,9040922551,18667551388,691057508780,64,15.985488891601562,19.102096557617188,12.822866439819336,0.34236271196491386,1041431,1308623,1010732,1.057125,1.058558,0.004177
1747829805,9042041541,18668667374,691057513040,64,16.083478927612305,17.061471939086914,15.03300666809082,0.07237720296613183,1040918,1299686,1009666,1.067152,1.064287,0.004063
1747829806,9043142507,18669763834,691057517420,64,16.10875129699707,22.28236198425293,9.55057144165039,1.5420796726372539,1022028,1292099,1015416,1.049963,1.045666,0.004177
1747829807,9044225449,18670852784,691057521680,63,16.001462936401367,16.941547393798828,14.954090118408203,0.04392003979695939,1052239,1361883,1010309,1.032774,1.038504,0.004063
1747829808,9045317403,18671968830,691057525382,64,15.969514846801758,22.455215454101562,9.511470794677734,1.4311196242879152,1163367,1244018,1011488,1.041368,1.064344,0.003531
1747829809,9046458923,18673071298,691057525982,36,15.032052993774414,17.075777053833008,15.032052993774414,0.06052002195896681,1036580,1278318,1012460,1.088638,1.051395,0.000572
1747829810,9047540363,18674167758,691057530678,36,0,17.075777053833008,15.032052993774414,0.06052002195896681,1009105,1270704,1009105,1.031342,1.045666,0.004478
1747829811,9048668365,18675273230,691057535118,59,15.952587127685547,1529.9623012542725,13.538837432861328,38837.7803500818,1059070,1372193,1015898,1.075747,1.054260,0.004234
1747829812,9049767829,18676377200,691057539318,64,15.965938568115234,17.02737808227539,14.998674392700195,0.03381826896972313,1058596,1437283,1019049,1.048531,1.052828,0.004005
1747829813,9050858281,18677518720,691057544100,63,15.977859497070312,17.36140251159668,14.984846115112305,0.10760051610911918,1154898,1296005,1015876,1.039936,1.088638,0.004560
1747829814,9051966757,18678622690,691057548680,64,16.013145446777344,17.657756805419922,14.976739883422852,0.16878149445160293,1044089,1256182,1013962,1.057125,1.052828,0.004368
1747829815,9053094759,18679701126,691057553060,64,15.958786010742188,17.03953742980957,14.995813369750977,0.055796448185818956,1030605,1369043,1015042,1.075747,1.028477,0.004177
1747829816,9054171693,18680809602,691057557320,64,15.905380249023438,16.895771026611328,15.089273452758789,0.027614078421666625,1039411,1333839,1011703,1.027044,1.057125,0.004063
1747829817,9055283233,18681924086,691057562042,63,15.987157821655273,17.1356201171875,15.002012252807617,0.13103718860499944,1034123,1343708,1015151,1.060047,1.062855,0.004503
1747829818,9056357163,18683061100,691057566422,64,15.970230102539062,18.056631088256836,13.964414596557617,0.20385433193344704,1037101,1230586,1011633,1.024179,1.084341,0.004177
1747829819,9057512201,18684141038,691057570742,64,15.998601913452148,16.99233055114746,14.984130859375,0.05875846456217636,1025862,1229741,1011080,1.101530,1.029909,0.004120
1747829820,9058628187,18685231490,691057575122,63,15.997886657714844,17.063379287719727,14.966726303100586,0.05917874590320313,1025198,1301626,1010525,1.064287,1.039936,0.004177
1747829821,9059720141,18686353484,691057579262,64,16.036510467529297,16.814708709716797,15.178918838500977,0.023739727635951308,1036801,1325907,1010584,1.041368,1.070017,0.003948
1747829822,9060824111,18687469470,691057583702,64,15.98978042602539,17.006397247314453,15.038728713989258,0.03143163250639272,1043422,1326465,1009030,1.052828,1.064287,0.004234
1747829823,9061870996,18688506846,691057587902,63,15.990495681762695,17.032146453857422,15.01607894897461,0.08138707908282347,1024585,1401590,1013725,0.998387,0.989319,0.004005
1747829824,9062997496,18689627835,691057592162,64,16.026020050048828,18.88442039489746,13.085365295410156,0.26819382210945103,1066905,1318850,1015801,1.074314,1.069058,0.004063
1747829825,9064136012,18690733307,691057596662,64,16.088485717773438,17.15564727783203,14.821767807006836,0.04480405762071569,1037092,5525276,1016279,1.085773,1.054260,0.004292
1747829826,9065256504,18691900361,691057601324,64,16.00170135498047,17.848968505859375,14.017820358276367,0.11874372467816131,1036430,1232291,1008419,1.068584,1.112989,0.004446
1747829827,9066402530,18693034371,691057605524,63,16.006946563720703,17.23623275756836,15.006780624389648,0.10199802973696513,1081248,1345646,1009964,1.092936,1.081476,0.004005
1747829828,9067541106,18694141405,691057609424,64,16.010522842407227,16.965150833129883,14.977455139160156,0.05795962719739647,1094787,1251072,1010864,1.085831,1.055750,0.003719
1747829829,9068652586,18695302451,691057610024,39,5.326509475708008,17.155885696411133,5.326509475708008,3.1368126764809707,1033197,1585071,1013605,1.059990,1.107260,0.000572
1747829830,9069804620,18696415433,691057614240,39,0,17.155885696411133,5.326509475708008,3.1368126764809707,1011243,1282817,1011243,1.098665,1.061422,0.004021
1747829831,9070938630,18697535925,691057618680,54,15.98501205444336,1581.664800643921,14.913558959960938,45378.780394243244,1049413,1438996,1018116,1.081476,1.068584,0.004234
1747829832,9072050110,18698674441,691057623000,63,15.995025634765625,18.002986907958984,13.941049575805664,0.6831128861546313,1063080,1382577,1012607,1.059990,1.085773,0.004120
1747829833,9073188946,18699806949,691057627140,64,17.001628875732422,18.209457397460938,12.750387191772461,0.8394317356020516,1028457,4588842,1012070,1.086079,1.080044,0.003948
1747829834,9074337976,18700955979,691057631460,64,14.876842498779297,19.844532012939453,12.15219497680664,0.7161608861272987,1041412,5234828,1009925,1.095800,1.095800,0.004120
1747829835,9075470484,18702088487,691057635720,63,16.10422134399414,18.61095428466797,14.872312545776367,0.5154717643438419,1038689,5760932,1014803,1.080044,1.080044,0.004063
1747829836,9076590976,18703189453,691057640160,64,15.942096710205078,19.121885299682617,12.901782989501953,0.758862028384712,1038689,5760932,1014803,1.068584,1.049963,0.004234
1747829837,9077723484,18704336981,691057644480,64,17.00139045715332,18.068552017211914,13.947725296020508,0.318536832907365,1049553,4746308,1009629,1.080044,1.094368,0.004120
1747829838,9078849984,18705467987,691057648740,64,14.977216720581055,17.055749893188477,14.86659049987793,0.32391183434019005,1030037,1232489,1019689,1.074314,1.078611,0.004063
1747829839,9079968974,18706603499,691057653120,63,15.956401824951172,18.175840377807617,12.822151184082031,0.5062651737756555,1025670,1242136,1013575,1.067152,1.082909,0.004177
1747829840,9081119506,18707720987,691057657380,64,16.017675399780273,18.029212951660156,13.971805572509766,0.4500183573360833,1040357,1353742,1010327,1.097233,1.065720,0.004063
1747829841,9082243002,18708844483,691057661700,64,16.00337028503418,18.062829971313477,14.745950698852539,0.3811752324301304,1023368,1474140,1010003,1.071449,1.071449,0.004120
1747829842,9083375510,18709972485,691057666302,63,16.04008674621582,17.229795455932617,14.005184173583984,0.5288098540192467,1071489,1497333,1010860,1.080044,1.075747,0.004389
1747829843,9084496002,18711103491,691057670562,64,15.980958938598633,17.035245895385742,14.934062957763672,0.2681101100424703,3045661,3045661,1012465,1.068584,1.078611,0.004063
1747829844,9085654044,18712239003,691057675002,64,15.920877456665039,17.08245277404785,14.927387237548828,0.28386158562312136,1042156,2887856,1013429,1.104395,1.082909,0.004234
1747829845,9086758014,18713401551,691057679262,63,16.030311584472656,17.093181610107422,14.906644821166992,0.254799136541569,1027402,1379809,1016246,1.052828,1.108692,0.004063
1747829846,9087889020,18714504019,691057683582,64,16.01433753967285,17.180681228637695,14.813899993896484,0.3069277944508662,1112808,1187738,1010917,1.078611,1.051395,0.004120
1747829847,9089039552,18715638029,691057687842,64,15.963077545166016,17.05145835876465,14.91403579711914,0.35442879760346246,1053937,1305107,1013155,1.097233,1.081476,0.004063
1747829848,9090154036,18716793067,691057692102,64,16.005277633666992,17.117023468017578,14.940261840820312,0.26338237011217996,1166710,2066982,1012601,1.062855,1.101530,0.004063
1747829849,9091304568,18717898539,691057696682,63,16.058921813964844,17.339229583740234,14.874458312988281,0.3635455688617243,1013049,3726285,1013049,1.097233,1.054260,0.004368
1747829850,9092455100,18719058083,691057701122,64,16.033411026000977,18.0361270904541,13.936519622802734,0.534268806883648,1040133,3922899,1009276,1.097233,1.105827,0.004234
1747829851,9093548556,18720159049,691057703822,64,15.984535217285156,19.010543823242188,12.995243072509766,0.9624390310020724,1040133,3922899,1009276,1.042801,1.049963,0.002575
1747829852,9094706598,18721296123,691057704362,15,7.2269439697265625,18.04494857788086,7.2269439697265625,6.055274995179965,1068262,3793988,1011967,1.104395,1.084398,0.000515
1747829853,9095836102,18722451161,691057709718,15,16.010761260986328,1573.7323760986328,14.969348907470703,160942.99961861572,1055431,1162425,1013117,1.077179,1.101530,0.005108
1747829854,9096968610,18723580665,691057714098,64,15.968799591064453,17.22431182861328,14.96267318725586,0.10770035191091899,1031086,1360662,1012687,1.080044,1.077179,0.004177
1747829855,9098093608,18724696651,691057718418,64,16.01552963256836,17.387866973876953,15.012741088867188,0.11216536551206492,1036594,1231882,1017138,1.072882,1.064287,0.004120
1747829856,9099226116,18725824653,691057722678,63,17.014026641845703,17.041683197021484,14.96577262878418,0.11803921256508086,1036875,1439795,1009709,1.080044,1.075747,0.004063
1747829857,9100348110,18726946647,691057727340,64,16.019821166992188,17.12965965270996,14.97507095336914,0.05727525099542871,1014753,1451437,1013482,1.070017,1.070017,0.004446
1747829858,9101471606,18728083661,691057731660,64,15.970468521118164,17.05193519592285,14.972448348999023,0.09227901001734735,1035950,1252745,1014743,1.071449,1.084341,0.004120
1747829859,9102599608,18729235695,691057736040,63,15.978097915649414,17.23337173461914,14.66679573059082,0.123838747299369,1073523,3056502,1010537,1.075747,1.098665,0.004177
1747829860,9103765160,18730348677,691057740360,64,16.01099967956543,17.698049545288086,15.004873275756836,0.1671767420933946,1057680,1621960,1011843,1.111557,1.061422,0.004120
1747829861,9104876640,18731482687,691057744680,64,15.994071960449219,16.084909439086914,15.913724899291992,0.0013051581523776353,1052191,2612694,1012162,1.059990,1.081476,0.004120
1747829862,9105998634,18732619701,691057749342,63,17.049312591552734,17.049312591552734,15.896081924438477,0.018971816504421552,1036297,1278155,1013754,1.070017,1.084341,0.004446
1747829863,9107138652,18733759719,691057753782,64,16.000986099243164,18.085002899169922,12.97450065612793,0.3449484566169864,1048696,2857365,1014052,1.087206,1.087206,0.004234
1747829864,9108260646,18734893729,691057757982,64,15.965700149536133,16.140222549438477,15.841245651245117,0.001672715718967085,1036688,1439799,1014766,1.070017,1.081476,0.004005
1747829865,9109391652,18736014221,691057762302,63,15.945911407470703,17.03810691833496,14.980077743530273,0.06165232779287283,1142009,1338319,1011579,1.078611,1.068584,0.004120
1747829866,9110525662,18737157243,691057766622,64,16.057491302490234,16.184329986572266,15.825510025024414,0.0030540775371012707,1225024,2130437,1010569,1.081476,1.090071,0.004120
1747829867,9111679198,18738262715,691057771404,64,15.934467315673828,17.271041870117188,14.978408813476562,0.07795056444294882,1225024,2130437,1010569,1.100098,1.054260,0.004560
1747829868,9112783168,18739419255,691057775604,64,15.978097915649414,18.04518699645996,13.98611068725586,0.16399183549643762,1037337,1259384,1014975,1.052828,1.102962,0.004005
1747829869,9113941270,18740539747,691057779864,63,15.989542007446289,16.08586311340332,15.921354293823242,0.0008750607804556674,1037552,5302761,1014195,1.104452,1.068584,0.004063
1747829870,9115064766,18741658737,691057784244,64,16.01409912109375,21.129608154296875,10.876655578613281,0.869857300577041,1213609,1246370,1017097,1.071449,1.067152,0.004177
1747829871,9116198776,18742803261,691057788624,63,16.162872314453125,21.12722396850586,10.862588882446289,0.9297549002145021,1022556,1240702,1017050,1.081476,1.091503,0.004177
1747829872,9117311758,18743949287,691057792944,64,16.045570373535156,16.93248748779297,15.005350112915039,0.03419193560695395,1094844,1313504,1011621,1.061422,1.092936,0.004120
1747829873,9118466796,18745074285,691057797264,64,16.0067081451416,18.301963806152344,14.679193496704102,0.1685091449856481,1079483,1274461,1015971,1.101530,1.072882,0.004120
1747829874,9119599304,18746194777,691057801644,64,15.037298202514648,17.0133113861084,15.00391960144043,0.15005710293730964,1037681,1370889,1014505,1.080044,1.068584,0.004177
1747829875,9120733314,18747345309,691057806246,64,16.156673431396484,17.026901245117188,14.968633651733398,0.03908134076977347,1051452,1525528,1011252,1.081476,1.097233,0.004389
1747829876,9121822264,18748446275,691057810968,63,15.95616340637207,17.113924026489258,14.971494674682617,0.10605838207435751,1034640,1294743,1011937,1.038504,1.049963,0.004503
1747829877,9122966788,18749581787,691057815228,64,16.059398651123047,18.0056095123291,13.942241668701172,0.32416646177827413,1040442,1383305,1011308,1.091503,1.082909,0.004063
1747829878,9124127834,18750741331,691057819548,64,16.96038246154785,17.978191375732422,15.012264251708984,0.1078314478727535,1047876,1348452,1015777,1.107260,1.105827,0.004120
1747829879,9125233306,18751860321,691057824470,63,16.051530838012695,18.263578414916992,14.018535614013672,0.311629267232876,1018621,1235453,1013677,1.054260,1.067152,0.004694
1747829880,9126376328,18752985319,691057828790,64,16.007423400878906,17.379045486450195,15.011310577392578,0.05259168110842278,1083695,1245851,1011025,1.090071,1.072882,0.004120
1747829881,9127484804,18754105871,691057833050,64,15.831470489501953,16.761064529418945,15.003681182861328,0.027641409636867023,1237236,3137025,1010428,1.057125,1.068642,0.004063
1747829882,9128650356,18755239881,691057837370,63,18.100738525390625,18.100738525390625,14.972209930419922,0.16288487027664858,1420025,3461869,1011451,1.111557,1.081476,0.004120
1747829883,9129815908,18756388911,691057841810,64,16.003847122192383,16.167640686035156,14.822006225585938,0.03682006766176022,1024059,1250587,1013115,1.111557,1.095800,0.004234
1747829884,9130891340,18757521419,691057846010,64,16.039371490478516,17.338037490844727,15.006780624389648,0.049084688357296014,1040145,4931640,1011949,1.025612,1.080044,0.004005
1747829885,9132050884,18758644915,691057850150,64,15.996217727661133,17.00568199157715,15.003681182861328,0.09359557251490128,1013338,1271249,1013338,1.105827,1.071449,0.003948
1747829886,9133199914,18759778925,691057854530,63,16.01386070251465,17.011404037475586,14.8468017578125,0.1273246357869339,1026543,3475837,1014222,1.095800,1.081476,0.004177
1747829887,9134341434,18760897915,691057859252,64,16.073942184448242,18.2342529296875,13.790369033813477,0.2530743778046921,1038633,1283383,1009872,1.088638,1.067152,0.004503
1747829888,9135419870,18762046945,691057863452,64,15.977144241333008,17.095327377319336,14.875411987304688,0.07283524502974748,1105631,1217298,1012094,1.028477,1.095800,0.004005
1747829889,9136564394,18763164433,691057864952,50,15.476703643798828,16.89600944519043,14.98103141784668,0.0708453908918955,1042531,5477080,1009185,1.091503,1.065720,0.001431
1747829890,9137699906,18764320973,691057867848,50,0,16.89600944519043,14.98103141784668,0.0708453908918955,1065483,1336448,1012185,1.082909,1.102962,0.002762
1747829891,9138814390,18765421939,691057872108,42,16.030073165893555,1583.5225582122803,15.001058578491211,58468.20746073991,1047672,5237321,1018937,1.062855,1.049963,0.004063
1747829892,9139943894,18766555949,691057876710,63,15.038490295410156,17.078399658203125,14.979362487792969,0.13452366077273759,1046665,1322913,1016260,1.077179,1.081476,0.004389
1747829893,9141077904,18767694465,691057881030,64,15.978574752807617,17.0290470123291,14.746427536010742,0.17190006063973498,1015317,3266347,1015317,1.081476,1.085773,0.004120
1747829894,9142234444,18768835985,691057885290,64,15.99431037902832,17.014741897583008,14.944076538085938,0.1298685637891666,1020308,1450768,1008495,1.102962,1.088638,0.004063
1747829895,9143354936,18769979007,691057889670,63,16.001224517822266,17.088651657104492,15.027999877929688,0.03640135693947213,1038063,1316121,1012329,1.068584,1.090071,0.004177
1747829896,9144448392,18771108511,691057894050,64,16.047000885009766,17.02594757080078,15.023469924926758,0.0333442817327603,1064951,3671408,1020353,1.042801,1.077179,0.004177
1747829897,9145615766,18772233509,691057898310,64,17.161130905151367,17.161130905151367,14.956235885620117,0.09848343404018702,1044215,1206108,1011632,1.113295,1.072882,0.004063
1747829898,9146737760,18773361511,691057902690,63,15.983343124389648,17.023324966430664,13.859272003173828,0.20618704309415273,1058066,1431149,1011246,1.070017,1.075747,0.004177
1747829899,9147882284,18774474493,691057906950,64,15.970945358276367,17.66657829284668,14.014720916748047,0.2582936719514782,1013171,1334304,1013171,1.091503,1.061422,0.004063
1747829900,9148993764,18775628029,691057911270,64,15.933752059936523,17.050504684448242,14.956474304199219,0.03619478968192326,1013638,1365969,1012532,1.059990,1.100098,0.004120
1747829901,9150129276,18776739509,691057915600,64,15.897035598754883,16.994714736938477,14.968633651733398,0.06458514778274352,1032466,1224649,1017861,1.082909,1.059990,0.004129
1747829902,9151285816,18777879527,691057920322,63,15.98668098449707,18.01443099975586,13.854265213012695,0.2580868954738235,1025239,2514117,1010577,1.102962,1.087206,0.004503
1747829903,9152410814,18779031561,691057924642,64,16.01099967956543,16.980648040771484,15.015125274658203,0.04869156886809351,1021017,6066975,1010088,1.072882,1.098665,0.004120
1747829904,9153538816,18780159563,691057928902,64,15.962839126586914,17.005205154418945,15.036821365356445,0.03249535553414116,1051377,1258729,1011916,1.075747,1.075747,0.004063
1747829905,9154687846,18781280055,691057933282,63,16.010761260986328,17.833948135375977,14.157295227050781,0.17166637493409267,1031421,3914437,1008661,1.095800,1.068584,0.004177
1747829906,9155793318,18782394539,691057937602,64,15.986442565917969,17.234325408935547,13.751029968261719,0.28301595551212894,1042099,1222148,1009767,1.054260,1.062855,0.004120
1747829907,9156933336,18783551079,691057941922,64,16.017436981201172,17.72761344909668,14.192581176757812,0.2855545024247417,1024815,1383747,1013738,1.087206,1.102962,0.004120
1747829908,9158052326,18784661057,691057946242,63,16.025781631469727,18.86725425720215,13.15760612487793,0.3040111368880296,1047822,1159375,1014100,1.067152,1.058558,0.004120
1747829909,9159196850,18785792063,691057950562,64,15.98501205444336,18.20683479309082,12.77923583984375,0.43847735413602545,1043543,5083600,1014338,1.091503,1.078611,0.004120
1747829910,9160324852,18786968189,691057954822,64,15.98501205444336,18.20683479309082,12.77923583984375,0.43847735413602545,1024391,4920340,1012559,1.075747,1.121641,0.004063
1747829911,9161455858,18788057139,691057959082,64,15.952825546264648,17.36283302307129,13.643264770507812,0.16338059089496249,1069619,2862821,1014972,1.078611,1.038504,0.004063
1747829912,9162598880,18789210675,691057963282,63,15.954971313476562,17.017126083374023,14.906167984008789,0.16465665249256153,1038568,3959241,1014385,1.090071,1.100098,0.004005
1747829913,9163708858,18790319151,691057967722,64,16.001224517822266,18.978595733642578,12.995481491088867,0.34843998251588043,1074970,4840479,1011726,1.058558,1.057125,0.004234
1747829914,9164866900,18791475691,691057972302,64,15.991687774658203,17.02284812927246,15.102863311767578,0.03067313248623046,1028926,3290538,1012025,1.104395,1.102962,0.004368
1747829915,9165985890,18792608199,691057976682,63,15.959978103637695,17.7001953125,14.284610748291016,0.191563217465848,1033669,2365722,1010208,1.067152,1.080044,0.004177
1747829916,9167104880,18793716675,691057980952,64,15.996456146240234,16.990184783935547,15.017509460449219,0.06056329678929723,1023176,3109749,1012451,1.067152,1.057125,0.004072
1747829917,9168262922,18794868709,691057985272,63,16.014575958251953,18.700599670410156,13.364553451538086,0.2319837105024409,1039172,1264021,1012054,1.104395,1.098665,0.004120
1747829918,9169389422,18795977185,691057989652,64,16.9980525970459,18.297910690307617,13.557672500610352,0.29010439944825794,1025447,1518391,1011853,1.074314,1.057125,0.004177
1747829919,9170524934,18797111195,691057993912,64,15.033245086669922,18.300771713256836,12.73798942565918,0.4149231091680715,1041177,1197965,1013313,1.082909,1.081476,0.004063
1747829920,9171630466,18798242201,691057998292,64,15.963554382324219,19.66071128845215,12.309074401855469,0.6156099226901313,1020099,1234025,1011422,1.054317,1.078611,0.004177
1747829921,9172761472,18799401745,691058002612,63,15.997648239135742,19.306182861328125,11.749982833862305,0.48887435998996354,1040053,4385312,1011066,1.078611,1.105827,0.004120
1747829922,9173893980,18800528245,691058006872,64,15.907526016235352,16.47186279296875,15.524148941040039,0.008905065508372315,1032963,3505780,1009963,1.080044,1.074314,0.004063
1747829923,9175038504,18801647235,691058011192,64,15.988588333129883,17.037391662597656,15.007972717285156,0.09343890483430899,1158114,7622824,1011312,1.091503,1.067152,0.004120
1747829924,9176183028,18802769229,691058013694,56,6.138324737548828,17.016172409057617,6.138324737548828,1.7820802130782711,1016519,1325693,1013235,1.091503,1.070017,0.002386
1747829925,9177308026,18803937785,691058015870,56,0,17.016172409057617,6.138324737548828,1.7820802130782711,1034968,1276426,1010588,1.072882,1.114422,0.002075
1747829926,9178431522,18805053771,691058020010,56,0,17.016172409057617,6.138324737548828,1.7820802130782711,1042204,1188658,1011592,1.071449,1.064287,0.003948
1747829927,9179552014,18806186279,691058024390,36,17.02570915222168,1581.9878578186035,14.95981216430664,68062.35792441347,1026811,3623294,1011757,1.068584,1.080044,0.004177
1747829928,9180708554,18807315783,691058028710,64,15.978336334228516,17.027616500854492,14.970779418945312,0.19307370955605546,1243136,1320103,1014188,1.102962,1.077179,0.004120
1747829929,9181839560,18808439279,691058033372,64,16.062498092651367,18.733978271484375,12.98975944519043,0.3955414522537542,1035623,3115318,1011647,1.078611,1.071449,0.004446
1747829930,9182948036,18809559771,691058037812,63,15.993118286132812,17.087936401367188,14.960289001464844,0.10611845573435938,1039422,1197214,1011428,1.057125,1.068584,0.004234
1747829931,9184100070,18810711805,691058042012,64,16.060590744018555,18.85676383972168,12.996435165405273,0.49015178918560387,1034422,1215408,1011389,1.098665,1.098665,0.004005
1747829932,9185231076,18811841309,691058046332,64,15.978336334228516,19.862651824951172,12.130975723266602,0.5398652302611087,1032782,2841909,1013509,1.078611,1.077179,0.004120
1747829933,9186344058,18812972315,691058050712,63,16.000986099243164,16.99233055114746,14.995574951171875,0.06435437450319671,1020635,4926042,1010595,1.061422,1.078611,0.004177
1747829934,9187478068,18814107827,691058054972,64,15.847206115722656,17.04120635986328,14.978885650634766,0.06887772680832689,1113861,1237703,1018525,1.081476,1.082909,0.004063
1747829935,9188628600,18815232825,691058059292,64,16.00503921508789,17.691612243652344,15.003442764282227,0.1325758358038644,1209118,2486375,1013220,1.097233,1.072882,0.004120
1747829936,9189756602,18816368337,691058063552,63,16.922712326049805,16.922712326049805,15.868902206420898,0.01684689250815116,1067976,3967401,1012306,1.075747,1.082909,0.004063
1747829937,9190872588,18817479817,691058068394,64,16.101837158203125,16.994476318359375,15.01607894897461,0.04611367817481886,1026160,1195228,1011682,1.064287,1.059990,0.004618
1747829938,9192006598,18818630409,691058072534,64,15.979766845703125,17.148256301879883,14.84990119934082,0.12974937882224022,1035011,1490283,1017811,1.081476,1.097290,0.003948
1747829939,9193133098,18819740387,691058077034,63,16.004562377929688,18.097877502441406,14.851808547973633,0.11220977496878172,1037312,1299801,1012950,1.074314,1.058558,0.004292
1747829940,9194282128,18820890919,691058081234,64,16.953229904174805,16.953229904174805,15.861272811889648,0.01611313119918003,1035994,1392633,1016664,1.095800,1.097233,0.004005
1747829941,9195404122,18822029435,691058085554,63,15.89202880859375,21.35467529296875,10.656356811523438,1.2294827528172927,1037884,1389816,1019649,1.070017,1.085773,0.004120
1747829942,9196550148,18823158939,691058090194,63,15.89202880859375,21.35467529296875,10.656356811523438,1.2294827528172927,1032787,1250418,1009726,1.092936,1.077179,0.004425
1747829943,9197664632,18824286941,691058094454,64,15.999555587768555,19.034624099731445,13.064861297607422,0.2849662047194623,1031931,1280127,1011372,1.062855,1.075747,0.004063
1747829944,9198792634,18825434469,691058098834,64,16.720294952392578,16.720294952392578,15.813589096069336,0.012126826691339769,1027725,1212412,1012045,1.075747,1.094368,0.004177
1747829945,9199952178,18826556463,691058103214,63,15.998363494873047,17.05789566040039,14.956235885620117,0.13001727474877306,1047247,2469115,1016064,1.105827,1.070017,0.004177
1747829946,9201074172,18827703991,691058107414,64,16.02458953857422,20.06077766418457,11.913299560546875,0.6870462283526867,1016091,1352586,1015302,1.070017,1.094368,0.004005
1747829947,9202184150,18828821479,691058111674,64,15.98215103149414,16.220808029174805,15.725851058959961,0.003017104251605916,1038105,1294972,1011946,1.058558,1.065720,0.004063
1747829948,9203330176,18829949481,691058116114,64,15.972375869750977,17.96865463256836,14.014720916748047,0.15832902192740467,1049489,1337579,1009878,1.092936,1.075747,0.004234
1747829949,9204453672,18831089499,691058120314,63,15.95759391784668,17.42410659790039,14.973163604736328,0.2139005032092071,1157196,1315130,1014459,1.071449,1.087206,0.004005
1747829950,9205595192,18832190465,691058124694,64,15.973567962646484,17.95673370361328,14.005661010742188,0.2264971123152228,1034194,3792833,1015736,1.088638,1.049963,0.004177
1747829951,9206739716,18833319969,691058129074,64,16.005754470825195,17.018795013427734,14.946699142456055,0.061503450846195386,1030834,1200908,1012676,1.091503,1.077179,0.004177
1747829952,9207855702,18834462991,691058133274,63,16.010284423828125,18.113136291503906,13.889551162719727,0.4682513040536158,1029399,1357890,1013454,1.064287,1.090071,0.004005
1747829953,9209013744,18835603009,691058137936,64,16.002655029296875,17.003774642944336,14.9993896484375,0.06374945909733479,1048628,3423233,1016595,1.104395,1.087206,0.004446
1747829954,9210117714,18836717493,691058142256,63,16.155004501342773,19.002437591552734,14.00446891784668,0.2599055566376794,1043914,1219237,1011208,1.052828,1.062855,0.004120
1747829955,9211251724,18837869527,691058146576,64,16.06440544128418,19.109249114990234,12.94255256652832,0.38309748239393654,1017778,1398384,1015901,1.081476,1.098665,0.004120
1747829956,9212382730,18838982509,691058150993,64,15.997648239135742,17.04239845275879,14.935970306396484,0.06796921919703387,1120620,1289618,1011524,1.078611,1.061422,0.004212
1747829957,9213516740,18840139049,691058155627,64,15.953779220581055,19.01531219482422,12.989521026611328,0.3545210536845718,1066599,1322183,1010489,1.081476,1.102962,0.004419
1747829958,9214680790,18841243019,691058160321,64,15.953779220581055,19.01531219482422,12.989521026611328,0.3545210536845718,1021844,1297747,1011549,1.110125,1.052828,0.004477
1747829959,9215795274,18842392049,691058164641,63,15.972137451171875,17.022371292114258,14.95814323425293,0.1238746221215015,1042533,1241545,1019316,1.062855,1.095800,0.004120
1747829960,9216914264,18843508035,691058169215,64,15.919923782348633,18.38517189025879,14.598846435546875,0.1843318539202756,1059539,1467382,1010395,1.067152,1.064287,0.004362
1747829961,9218069302,18844655563,691058173655,64,16.000986099243164,16.221284866333008,15.7623291015625,0.0047130614672037194,1050775,1260269,1011588,1.101530,1.094368,0.004234
1747829962,9219194620,18845776055,691058178035,63,16.0372257232666,17.928600311279297,14.007568359375,0.12575086313998887,1044286,1348880,1012823,1.073187,1.068584,0.004177
1747829963,9220304598,18846914571,691058182355,64,15.996694564819336,17.170190811157227,14.860391616821289,0.14253687441509869,1113922,1160713,1011411,1.058558,1.085773,0.004120
1747829964,9221420584,18848050083,691058186999,63,16.00933074951172,16.978025436401367,15.018701553344727,0.0365067446232525,1332012,1554080,1012175,1.064287,1.082909,0.004429
1747829965,9222586136,18849188599,691058191319,64,15.999317169189453,17.979860305786133,13.988733291625977,0.290494820070939,1035526,1273564,1018454,1.111557,1.085773,0.004120
1747829966,9223694612,18850306087,691058195639,64,16.017913818359375,17.965316772460938,13.99850845336914,0.22178178779536398,1055075,1497391,1012833,1.057125,1.065720,0.004120
1747829967,9224849650,18851444663,691058199899,63,16.038894653320312,17.040729522705078,14.93382453918457,0.07039558234518724,1301964,1353378,1013378,1.101530,1.085831,0.004063
1747829968,9225977652,18852562151,691058204279,64,16.0067081451416,17.032146453857422,15.001296997070312,0.12767938091135822,1186906,1238616,1019680,1.075747,1.065720,0.004177
1747829969,9227107156,18853709679,691058208479,64,16.043424606323242,16.056299209594727,15.94996452331543,0.000607827265074431,1228173,2644883,1010898,1.077179,1.094368,0.004005
1747829970,9228230652,18854852701,691058212739,64,15.993118286132812,19.002676010131836,12.998104095458984,0.2872838354205731,1210275,1424794,1014443,1.071449,1.090071,0.004063
1747829971,9229373734,18855967185,691058216999,63,16.004562377929688,17.027616500854492,14.966487884521484,0.06774867079364434,1060387,1205228,1011250,1.090128,1.062855,0.004063
1747829972,9230500234,18857101195,691058221633,64,15.945196151733398,17.020702362060547,14.975547790527344,0.06667255344284094,1018247,4783234,1012550,1.074314,1.081476,0.004419
1747829973,9231631240,18858229197,691058225953,64,15.945196151733398,17.020702362060547,14.975547790527344,0.06667255344284094,1335786,1395715,1011308,1.078611,1.075747,0.004120
1747829974,9232759242,18859351191,691058230273,64,16.03221893310547,17.026185989379883,15.053510665893555,0.033276892592217173,1138679,1336594,1017303,1.075747,1.070017,0.004120
1747829975,9233887244,18860507731,691058234713,63,15.991687774658203,18.121004104614258,13.863801956176758,0.339922121904529,1057756,1196381,1015886,1.075747,1.102962,0.004234
1747829976,9235007736,18861617709,691058238973,64,15.9912109375,18.01609992980957,14.017581939697266,0.1907328072251436,1379352,1379352,1025212,1.068584,1.058558,0.004063
1747829977,9236150758,18862744209,691058243293,64,15.994548797607422,17.938613891601562,14.12057876586914,0.11692228987617832,1379352,1379352,1025212,1.090071,1.074314,0.004120
1747829978,9237304294,18863897745,691058247813,63,16.088008880615234,17.004013061523438,14.99319076538086,0.03421165455867223,1379352,1379352,1025212,1.100098,1.100098,0.004311
1747829979,9238420280,18865027249,691058252133,64,15.974998474121094,17.02737808227539,15.019655227661133,0.09072946348913628,1379352,1379352,1025212,1.064287,1.077179,0.004120
1747829980,9239552788,18866152247,691058256453,64,15.995025634765625,17.023086547851562,14.955282211303711,0.09798143232124953,1020582,5140847,1020582,1.080044,1.072882,0.004120
1747829981,9240685296,18867302779,691058260773,64,15.997886657714844,18.974781036376953,12.952804565429688,0.3112543677027687,1046306,1508680,1012024,1.080044,1.097233,0.004120
1747829982,9241807290,18868427777,691058265033,63,16.052961349487305,16.062021255493164,15.897989273071289,0.0010486860902147268,1037174,1286004,1013877,1.070017,1.072882,0.004063
1747829983,9242923276,18869534751,691058269413,64,16.01409912109375,17.034053802490234,14.96744155883789,0.06383915924397615,1034897,1335225,1016324,1.064287,1.055693,0.004177
1747829984,9244033254,18870680777,691058273793,64,16.008853912353516,18.036603927612305,13.988018035888672,0.192297502059021,1032398,1365432,1011807,1.058558,1.092936,0.004177
1747829985,9245209320,18871804273,691058277993,63,16.03078842163086,18.01896095275879,14.00446891784668,0.22778163227584397,1022212,1261185,1012636,1.121584,1.071449,0.004005
1747829986,9246328310,18872963817,691058282313,64,15.938043594360352,17.963171005249023,14.014720916748047,0.22598131624958406,1018963,2493702,1015531,1.067152,1.105827,0.004120
1747829987,9247471332,18874069289,691058286633,64,16.0067081451416,17.043352127075195,14.919757843017578,0.037854490621076306,1068890,1440061,1012892,1.090071,1.054260,0.004120
1747829988,9248578306,18875216817,691058291207,63,16.000032424926758,17.01521873474121,14.951229095458984,0.11995714493367456,1020078,1271715,1012577,1.055693,1.094368,0.004362
1747829989,9249695794,18876335807,691058295467,64,15.98668098449707,16.09039306640625,15.947818756103516,0.0010482719868370105,1052820,1288200,1009626,1.065720,1.067152,0.004063
1747829990,9250844824,18877465311,691058299787,64,16.025781631469727,19.00005340576172,12.961626052856445,0.5231729618977354,1174481,3898744,1020677,1.095800,1.077179,0.004120
1747829991,9251993854,18878618847,691058304107,63,15.992164611816406,18.044471740722656,13.982534408569336,0.23066740519696513,1034771,1307112,1012406,1.095800,1.100098,0.004120
1747829992,9253130868,18879740841,691058308427,64,16.04914665222168,17.1661376953125,14.892578125,0.0564404871291002,1040594,1327213,1011673,1.084341,1.070017,0.004120
1747829993,9254243850,18880876353,691058312807,64,15.939474105834961,17.038583755493164,14.986038208007812,0.04975368667435727,1031073,1278181,1010858,1.061422,1.082909,0.004177
1747829994,9255355330,18882010363,691058317067,64,15.999555587768555,17.31705665588379,14.655351638793945,0.0903898635467808,1026837,1344887,1019440,1.059990,1.081476,0.004063
1747829995,9256505862,18883129353,691058321447,64,15.977621078491211,17.0590877532959,14.96577262878418,0.10167476321306096,1024021,1365497,1013813,1.097233,1.067152,0.004177
1747829996,9257636868,18884267929,691058325767,63,17.081022262573242,17.081022262573242,15.613317489624023,0.024599134267536838,1039455,1462342,1019489,1.078611,1.085831,0.004120
1747829997,9258784396,18885406445,691058330087,64,15.984296798706055,16.216039657592773,14.930486679077148,0.01984052434609357,1030429,1350500,1015355,1.094368,1.085773,0.004120
1747829998,9259903386,18886508913,691058334287,63,16.469955444335938,17.034053802490234,14.921188354492188,0.101985874354472,1037080,1236966,1010436,1.067152,1.051395,0.004005
1747829999,9261034392,18887657943,691058338667,64,15.974998474121094,16.506671905517578,15.02537727355957,0.02100600671788542,1033327,1304272,1017344,1.078611,1.095800,0.004177
1747830000,9262177414,18888787447,691058342987,64,16.000747680664062,16.98446273803711,15.009403228759766,0.06130144586297788,1084871,1209328,1016360,1.090071,1.077179,0.004120
1747830001,9263333954,18889903433,691058347307,63,14.97030258178711,17.032861709594727,14.97030258178711,0.07029436894101307,1065410,1246685,1010528,1.102962,1.064287,0.004120
1747830002,9264428912,18891064479,691058351627,64,15.970468521118164,16.103744506835938,15.855550765991211,0.0015226428774920667,1037003,1306477,1021079,1.044233,1.107260,0.004120
1747830003,9265580946,18892209003,691058355827,64,17.00735092163086,17.026662826538086,14.954805374145508,0.10033730155728768,1040709,1509539,1013429,1.098665,1.091503,0.004005
1747830004,9266711952,18893299455,691058360207,63,16.022682189941406,17.07005500793457,15.005826950073242,0.08225970690875913,1283320,1283320,1015064,1.078611,1.039936,0.004177
1747830005,9267862484,18894454493,691058364527,64,16.00027084350586,17.017841339111328,14.98866081237793,0.0657339031800925,1047945,1258502,1013264,1.097233,1.101530,0.004120
1747830006,9268976968,18895580993,691058369107,64,15.995025634765625,17.035484313964844,15.035629272460938,0.03410004003542872,1072881,3330432,1016590,1.062855,1.074314,0.004368
1747830007,9270106472,18896719509,691058373487,64,16.04914665222168,17.090559005737305,14.945507049560547,0.07130303455557549,1045827,1275130,1012550,1.077179,1.085773,0.004177
1747830008,9271225462,18897824981,691058377747,63,15.960454940795898,17.021894454956055,15.003442764282227,0.064657979580453,1059859,4912938,1016138,1.067152,1.054260,0.004063
1747830009,9272377496,18898957489,691058382127,64,15.983819961547852,18.983125686645508,12.959480285644531,0.3527933907882012,1037188,1953661,1011223,1.098665,1.080044,0.004177
1747830010,9273491980,18900124543,691058386447,64,16.009092330932617,16.109943389892578,15.912055969238281,0.0012091673913363957,1041320,1348108,1015630,1.062855,1.112989,0.004120
1747830011,9274613974,18901239027,691058390827,64,15.952825546264648,17.032384872436523,14.99629020690918,0.03506366075706831,1047952,1337787,1017496,1.070017,1.062855,0.004177
1747830012,9275766008,18902353511,691058395087,63,15.903949737548828,17.050981521606445,14.92929458618164,0.1184414180237521,1119890,1376694,1011424,1.098665,1.062855,0.004063
1747830013,9276898516,18903496533,691058399467,64,16.023635864257812,17.080307006835938,14.966011047363281,0.07118608508606655,1016843,1445466,1014215,1.080044,1.090071,0.004177
1747830014,9278009996,18904632045,691058403727,64,15.973806381225586,17.09270477294922,14.995098114013672,0.03748510017288974,1051476,1200655,1012105,1.059990,1.082909,0.004063
1747830015,9279137998,18905745027,691058408107,64,15.970230102539062,17.027616500854492,14.99629020690918,0.0982945416550125,1035930,3841660,1015431,1.075747,1.061422,0.004177
1747830016,9280282522,18906907575,691058412367,63,15.950202941894531,19.04010772705078,12.986421585083008,0.29661887576083557,1025530,1243285,1018498,1.091503,1.108692,0.004063
1747830017,9281401512,18908031071,691058416747,64,14.98270034790039,18.1882381439209,13.849735260009766,0.17499490626538572,1232268,1290901,1010087,1.067152,1.071449,0.004177
1747830018,9282538526,18909166583,691058421007,64,15.670299530029297,17.414331436157227,15.015840530395508,0.052501427766040186,1033613,1381338,1011430,1.084341,1.082909,0.004063
1747830019,9283678544,18910293083,691058425267,63,16.011714935302734,17.323970794677734,15.03753662109375,0.04711925862738251,1083913,1390316,1016550,1.087206,1.074314,0.004063
1747830020,9284824570,18911427093,691058429901,64,15.999078750610352,17.255783081054688,14.786958694458008,0.08306286887777652,1013303,1363407,1011840,1.092936,1.081476,0.004419
1747830021,9285949568,18912537071,691058434281,64,15.946388244628906,16.06607437133789,15.91944694519043,0.001158710629195152,1038198,1292313,1016332,1.072882,1.058558,0.004177
1747830022,9287046088,18913693611,691058436621,64,15.958547592163086,17.058134078979492,14.970064163208008,0.03537221929465344,1026537,5627583,1017960,1.045723,1.102962,0.002232
1747830023,9288214644,18914818609,691058437401,39,15.9454345703125,17.5168514251709,14.96434211730957,0.16657956075284905,1037944,2758597,1009851,1.114422,1.072882,0.000744
1747830024,9289323120,18915961631,691058442877,39,0,17.5168514251709,14.96434211730957,0.16657956075284905,1194516,1398486,1014481,1.057125,1.090071,0.005222
1747830025,9290472150,18917083625,691058447317,53,15.99264144897461,1571.0487365722656,14.991044998168945,45609.11640675629,1026486,1268683,1018593,1.095800,1.070017,0.004234
1747830026,9291604658,18918196607,691058451577,64,16.002655029296875,16.99686050415039,15.008926391601562,0.03411360073548465,1317013,2243608,1016048,1.080044,1.061422,0.004063
1747830027,9292719462,18919348641,691058456017,64,16.05367660522461,17.024993896484375,15.009641647338867,0.06562716137934103,1109096,1249250,1018365,1.063160,1.098665,0.004234
1747830028,9293850468,18920484153,691058460217,64,16.07489585876465,17.00425148010254,15.104293823242188,0.030669978213553026,1033103,1359880,1017175,1.078611,1.082909,0.004005
1747830029,9294996494,18921591127,691058464537,63,15.87820053100586,17.060279846191406,13.965606689453125,0.13781381730243236,1035223,1325237,1012760,1.092936,1.055693,0.004120
1747830030,9296115484,18922722133,691058468977,64,16.038894653320312,16.932964324951172,15.015363693237305,0.04009203895598466,1083245,1502287,1010963,1.067152,1.078611,0.004234
1747830031,9297244988,18923851697,691058473117,64,15.970468521118164,16.153573989868164,15.833616256713867,0.002063923957414477,1157033,5172711,1014288,1.077179,1.077236,0.003948
1747830032,9298403030,18925009739,691058477557,63,16.003847122192383,16.289949417114258,15.691518783569336,0.0046986149100282,1055556,7209692,1015677,1.104395,1.104395,0.004234
1747830033,9299529530,18926136239,691058481757,64,16.71314239501953,16.977310180664062,14.974355697631836,0.042879039300776446,1038937,1362975,1011513,1.074314,1.074314,0.004005
1747830034,9300639508,18927249221,691058486017,64,16.002893447875977,18.016815185546875,13.998985290527344,0.2566544407155791,1022414,1238084,1013811,1.058558,1.061422,0.004063
1747830035,9301770514,18928380227,691058490397,64,15.986204147338867,17.01188087463379,14.967203140258789,0.035129284271417434,1058697,1267908,1015522,1.078611,1.078611,0.004177
1747830036,9302930058,18929539771,691058494837,63,17.019987106323242,17.811059951782227,14.950990676879883,0.16361736730418666,1037745,5176153,1013447,1.105827,1.105827,0.004234
1747830037,9304035530,18930643741,691058498977,64,16.042232513427734,17.01045036315918,14.95504379272461,0.1046730327150563,1022642,1381560,1011469,1.054260,1.052828,0.003948
1747830038,9305175548,18931795775,691058503297,64,16.00933074951172,17.0285701751709,15.008926391601562,0.06679814643468569,1031024,1545528,1014494,1.087206,1.098665,0.004120
1747830039,9306299044,18932905753,691058507557,64,15.990257263183594,17.935991287231445,14.020681381225586,0.21609809331414748,1021876,4094000,1013766,1.071449,1.058558,0.004063
1747830040,9307454082,18934038261,691058511877,64,15.964984893798828,17.024517059326172,15.037775039672852,0.06367997171997543,1029260,2352135,1016274,1.101530,1.080044,0.004120
1747830041,9308565562,18935169267,691058516197,63,16.07513427734375,17.03667640686035,15.012741088867188,0.09302425070689217,1040494,1409371,1014895,1.059990,1.078611,0.004120
1747830042,9309693564,18936301775,691058520837,64,15.981197357177734,17.1506404876709,14.889717102050781,0.07834412919843808,1034816,1239139,1015039,1.075747,1.080044,0.004425
1747830043,9310827574,18937446299,691058525157,64,15.994787216186523,17.034292221069336,15.007257461547852,0.08195314218041047,1036437,1536065,1009813,1.081476,1.091503,0.004120
1747830044,9311969094,18938589321,691058529417,63,15.999317169189453,17.037391662597656,15.000104904174805,0.036445385080531106,1094869,3876514,1022613,1.088638,1.090071,0.004063
1747830045,9313086582,18939744359,691058533797,64,16.030311584472656,16.627788543701172,15.334129333496094,0.014925897490506929,1033839,5704743,1010638,1.065720,1.101530,0.004177
1747830046,9314234110,18940831807,691058538057,64,15.996932983398438,17.00425148010254,15.045404434204102,0.032164544996475856,1040269,2439214,1011131,1.094368,1.037071,0.004063
1747830047,9315350096,18941979335,691058542437,63,16.019105911254883,17.596960067749023,14.971494674682617,0.10162716676938917,1068444,1254848,1013438,1.064287,1.094368,0.004177
1747830048,9316481102,18943131369,691058546697,64,16.005277633666992,18.294095993041992,13.823747634887695,0.3119511280362496,1355903,4747419,1014172,1.078611,1.098665,0.004063
1747830049,9317634638,18944254865,691058551077,64,15.978813171386719,17.017602920532227,14.875411987304688,0.0963348797274747,1045183,1811089,1015766,1.100098,1.071449,0.004177
1747830050,9318747620,18945366345,691058555277,64,14.991521835327148,17.026185989379883,14.991521835327148,0.03433171043744773,1036975,1262177,1020669,1.061422,1.059990,0.004005
1747830051,9319887638,18946495849,691058559717,63,15.997886657714844,17.084598541259766,14.901161193847656,0.06753127269458407,1024079,1290368,1011671,1.087206,1.077179,0.004234
1747830052,9321020146,18947635867,691058563917,64,16.005754470825195,17.00425148010254,15.03896713256836,0.031581278929134274,1052401,1176981,1013048,1.080044,1.087206,0.004005
1747830053,9322167674,18948763869,691058568297,64,15.02537727355957,17.032623291015625,15.02537727355957,0.03516262404652259,1028687,1521820,1012756,1.094368,1.075747,0.004177
1747830054,9323292672,18949896377,691058572617,63,16.000032424926758,16.98136329650879,15.012264251708984,0.058693576513512494,1015885,1423200,1012297,1.072882,1.080044,0.004120
1747830055,9324407156,18951030387,691058576937,64,15.99264144897461,20.316600799560547,12.733221054077148,0.48645945251655304,1038990,1280817,1016007,1.062855,1.081476,0.004120
1747830056,9325548676,18952155385,691058581257,64,15.994071960449219,16.10565185546875,15.87224006652832,0.0015937394291664583,1030841,1245846,1012651,1.088638,1.072882,0.004120
1747830057,9326660156,18953278881,691058585517,64,15.993118286132812,16.916990280151367,14.987468719482422,0.10510778372844352,1033777,1317943,1011302,1.059990,1.071449,0.004063
1747830058,9327830214,18954423405,691058589837,64,16.007184982299805,17.03619956970215,14.99629020690918,0.0649118456009496,1021785,1447954,1014318,1.115854,1.091503,0.004120
1747830059,9328938690,18955543897,691058594097,63,15.940427780151367,18.90730857849121,12.97140121459961,0.3832786065828576,1288037,1288037,1015676,1.057125,1.068584,0.004063
1747830060,9330077206,18956674903,691058598477,64,16.000747680664062,17.744779586791992,14.146089553833008,0.16512844181245992,1045216,4298459,1013530,1.085773,1.078611,0.004177
1747830061,9331208212,18957811917,691058603343,64,16.011714935302734,17.771005630493164,14.393091201782227,0.12113398900907335,1024892,2819180,1015619,1.078611,1.084341,0.004641
1747830062,9332322696,18958965453,691058607663,63,16.085386276245117,16.91293716430664,15.132665634155273,0.029565522760268744,1040252,1292444,1010420,1.062855,1.100098,0.004120
1747830063,9333456706,18960070925,691058611983,64,15.840291976928711,17.85874366760254,14.030933380126953,0.29182346092852895,1038281,3179141,1016373,1.081476,1.054260,0.004120
1747830064,9334602732,18961218453,691058616423,64,14.084339141845703,17.98725128173828,13.999700546264648,0.3036537356325686,1037883,1280419,1013695,1.092936,1.094368,0.004234
1747830065,9335732236,18962328431,691058620623,64,15.98811149597168,17.03047752380371,14.9993896484375,0.1274677663970868,1041749,1258164,1010910,1.077179,1.058558,0.004005
1747830066,9336866246,18963475959,691058624943,64,16.001462936401367,19.137859344482422,11.980772018432617,0.4968445892634177,1057081,1354391,1017369,1.081476,1.094368,0.004120
1747830067,9337986738,18964601017,691058629263,63,15.99884033203125,17.946481704711914,14.008045196533203,0.23184371776079635,1071340,1321888,1013121,1.068584,1.072939,0.004120
1747830068,9339138772,18965727517,691058633643,64,16.976118087768555,18.001317977905273,13.942480087280273,0.3868310379460574,1060639,1407998,1013670,1.098665,1.074314,0.004177
1747830069,9340247248,18966855519,691058637963,64,15.999555587768555,17.046689987182617,15.007972717285156,0.08461470521185664,1032153,1261496,1012894,1.057125,1.075747,0.004120
1747830070,9341381258,18968006051,691058642603,63,17.079591751098633,17.079591751098633,15.001058578491211,0.052200453805720255,1036428,1356515,1017691,1.081476,1.097233,0.004425
1747830071,9342509260,18969137057,691058646983,64,15.992403030395508,17.070770263671875,13.988256454467773,0.12173397340046098,1045515,2344885,1016059,1.075747,1.078611,0.004177
1747830072,9343641768,18970275573,691058651243,64,15.104293823242188,18.91016960144043,13.085603713989258,0.40062344028445385,1039795,4456236,1018787,1.080044,1.085773,0.004063
1747830073,9344771332,18971415591,691058655443,64,15.905141830444336,16.733407974243164,15.26498794555664,0.03382720313966347,1057705,1418217,1011804,1.077236,1.087206,0.004005
1747830074,9345926370,18972536083,691058659763,63,15.962839126586914,17.383337020874023,14.684915542602539,0.12935661504100218,1035335,1303785,1018921,1.101530,1.068584,0.004120
1747830075,9347045360,18973662583,691058664023,64,16.102075576782227,16.999244689941406,14.95504379272461,0.04793994491087642,1148822,4146010,1015431,1.067152,1.074314,0.004063
1747830076,9348170358,18974817621,691058668223,64,15.874862670898438,17.029285430908203,14.908075332641602,0.10025457520588935,1210123,1368498,1010595,1.072882,1.101530,0.004005
1747830077,9349289348,18975924595,691058672603,63,16.08109474182129,17.467498779296875,14.556169509887695,0.19098869616631134,1020316,1165810,1012911,1.067152,1.055693,0.004177
1747830078,9350444386,18977064613,691058676983,64,15.860557556152344,16.974687576293945,15.089988708496094,0.0640739032866625,1033488,4315344,1013267,1.101530,1.087206,0.004177
1747830079,9351579898,18978194117,691058681183,64,15.94233512878418,19.14525032043457,12.809276580810547,0.5344628858405229,1039047,3606566,1014420,1.082909,1.077179,0.004005
1747830080,9352691378,18979305597,691058685563,63,16.051769256591797,17.06242561340332,14.957189559936523,0.13693187858659503,1051519,1328983,1013502,1.059990,1.059990,0.004177
1747830081,9353828392,18980435101,691058689823,64,15.964031219482422,17.668485641479492,14.011383056640625,0.14608755347473643,1058498,1295770,1018851,1.084341,1.077179,0.004063
1747830082,9354962402,18981585633,691058694143,64,16.621112823486328,17.049074172973633,15.009403228759766,0.08310808264013188,1037464,1321814,1013608,1.081476,1.097233,0.004120
1747830083,9356093408,18982721145,691058698403,64,16.043663024902344,17.066240310668945,15.015840530395508,0.08163339994005546,1019256,1346611,1011304,1.078611,1.082909,0.004063
1747830084,9357225916,18983832625,691058702783,63,16.01696014404297,16.978979110717773,14.93978500366211,0.03495870762717071,1025984,1226933,1008156,1.080044,1.059990,0.004177
1747830085,9358374946,18984965133,691058706983,64,15.996217727661133,17.015933990478516,14.972686767578125,0.1465345264963056,1034869,2410040,1010453,1.095800,1.080044,0.004005
1747830086,9359486426,18986127681,691058711363,64,16.01576805114746,16.993284225463867,14.831066131591797,0.12780853127864364,1036579,4866927,1011290,1.059990,1.108692,0.004177
1747830087,9360639962,18987254181,691058715623,64,16.00480079650879,19.106149673461914,12.858867645263672,0.3395540608512647,1052863,4356257,1017193,1.100098,1.074314,0.004063
1747830088,9361766462,18988379179,691058720003,63,16.041040420532227,16.7391300201416,15.23280143737793,0.020158604153960844,1043533,1327623,1014227,1.074314,1.072882,0.004177
1747830089,9362897468,18989514691,691058724383,64,16.0369873046875,16.88694953918457,15.005826950073242,0.05292398507121914,1034956,1184017,1015459,1.078611,1.082909,0.004177
1747830090,9364027292,18990623167,691058728583,64,16.023635864257812,17.0438289642334,15.009880065917969,0.08965272591072342,1021671,4605866,1017931,1.077484,1.057125,0.004005
1747830091,9365174820,18991764687,691058732903,64,15.991687774658203,17.457962036132812,14.305830001831055,0.12782638409363997,1029771,1252586,1011413,1.094368,1.088638,0.004120
1747830092,9366274284,18992907709,691058737103,63,15.991449356079102,18.458843231201172,13.387918472290039,0.41077519546378066,1035605,2930970,1009090,1.048531,1.090071,0.004005
1747830093,9367435330,18994014683,691058741603,64,14.97340202331543,17.962932586669922,13.9923095703125,0.2210748633601905,1040829,1280352,1012402,1.107260,1.055693,0.004292
1747830094,9368554320,18995171223,691058745863,64,16.002178192138672,17.04573631286621,15.000581741333008,0.11140677549340328,1036735,1553374,1012905,1.067152,1.102962,0.004063
1747830095,9369670306,18996296221,691058750243,63,15.942096710205078,18.396377563476562,14.604568481445312,0.14248855794696386,1063751,1366811,1013381,1.064287,1.072882,0.004177
1747830096,9370804316,18997428729,691058754383,64,15.96522331237793,19.011735916137695,13.082027435302734,0.3091381577107216,1041278,1465105,1011276,1.081476,1.080044,0.003948
1747830097,9371935322,18998550723,691058758763,64,16.039133071899414,16.171693801879883,15.826225280761719,0.0024969398501461645,1035413,4176470,1012136,1.078611,1.070017,0.004177
1747830098,9373063324,18999677223,691058763083,63,15.984535217285156,17.07291603088379,14.948368072509766,0.08579442594859772,1054483,4671690,1019711,1.075747,1.074314,0.004120
1747830099,9374209350,19000844277,691058767283,64,15.910625457763672,19.079208374023438,12.961149215698242,0.40247609580075716,1024827,1438552,1014456,1.092936,1.112989,0.004005
1747830100,9375329842,19001936231,691058771663,64,16.05677604675293,17.055273056030273,14.992237091064453,0.0824018325921861,1037727,1196303,1017202,1.068584,1.041368,0.004177
1747830101,9376459346,19003083759,691058775923,63,15.994548797607422,17.08388328552246,15.044927597045898,0.06563905298218237,1070288,1288689,1011646,1.077179,1.094368,0.004063
1747830102,9377594858,19004220773,691058780183,64,16.0067081451416,16.360998153686523,15.617132186889648,0.005493580556893286,1070288,1288689,1011646,1.082909,1.084341,0.004063
1747830103,9378734876,19005348835,691058784503,64,16.008615493774414,17.05455780029297,15.004634857177734,0.09051196828042837,1030429,1349380,1010090,1.087206,1.075804,0.004120
1747830104,9379903432,19006484347,691058788823,64,15.968799591064453,18.07117462158203,14.889955520629883,0.16765234182734143,1047477,1336422,1012962,1.114422,1.082909,0.004120
1747830105,9381014912,19007613851,691058793143,63,16.052722930908203,17.026662826538086,14.957427978515625,0.1234871762546909,1213005,1360971,1013113,1.059990,1.077179,0.004120
1747830106,9382150424,19008750865,691058797523,64,16.021013259887695,17.061471939086914,14.955997467041016,0.10002317557274838,1305633,1305633,1011052,1.082909,1.084341,0.004177
1747830107,9383275422,19009878867,691058802103,64,16.009807586669922,17.03643798828125,15.038251876831055,0.03516623676158796,1022043,1232541,1015557,1.072882,1.075747,0.004368
1747830108,9384403424,19010990347,691058806363,63,15.97905158996582,17.07172393798828,14.911651611328125,0.10676812586728873,1045774,1307287,1014798,1.075747,1.059990,0.004063
1747830109,9385531426,19012140879,691058810743,64,15.966176986694336,16.561031341552734,15.052556991577148,0.02404045779356089,1024532,1377567,1017674,1.075747,1.097233,0.004177
1747830110,9386662432,19013253861,691058815063,64,15.966415405273438,17.942428588867188,14.901161193847656,0.16200381181072954,1058386,1306130,1010580,1.078611,1.061422,0.004120
1747830111,9387790434,19014410401,691058819443,63,15.994071960449219,17.000675201416016,14.98270034790039,0.03463388044987461,1042591,1287070,1012136,1.075747,1.102962,0.004177
1747830112,9388930452,19015526387,691058823643,64,16.115665435791016,19.029855728149414,13.005495071411133,0.3216384339487044,1043774,2540035,1011006,1.087206,1.064287,0.004005
1747830113,9390062960,19016663401,691058828023,64,16.002416610717773,16.142845153808594,15.85841178894043,0.0017886701923354403,1026310,1251670,1013672,1.080044,1.084341,0.004177
1747830114,9391189460,19017783893,691058832343,64,15.944957733154297,19.04916763305664,12.836456298828125,0.4895434966322976,1043735,1341392,1012517,1.074314,1.068584,0.004120
1747830115,9392327976,19018911895,691058836663,63,16.009092330932617,17.001628875732422,14.923572540283203,0.0838997543979492,1043735,1341392,1012517,1.085773,1.075747,0.004120
1747830116,9393448468,19020059423,691058841103,64,15.996932983398438,19.15287971496582,12.859106063842773,0.5837907050293751,1021370,1396919,1018824,1.068584,1.094368,0.004234
1747830117,9394577972,19021175409,691058845303,64,15.985488891601562,16.22176170349121,15.784978866577148,0.0025137181827397177,1031061,1327750,1010510,1.077179,1.064287,0.004005
1747830118,9395707476,19022307917,691058849623,63,16.00337028503418,18.340110778808594,13.378381729125977,0.21368967435500577,1023219,1353816,1011577,1.077179,1.080044,0.004120
1747830119,9396855004,19023468963,691058854003,64,15.99740982055664,16.63064956665039,14.987945556640625,0.05078398339438861,1158213,1199917,1009945,1.094368,1.107260,0.004177
1747830120,9397961978,19024571431,691058858263,64,18.141984939575195,18.141984939575195,15.922784805297852,0.07299454005354714,1074735,1227882,1012262,1.055693,1.051395,0.004063
1747830121,9399095988,19025742991,691058862583,64,15.996932983398438,17.679929733276367,13.85951042175293,0.21660280031579485,1033455,1894012,1012215,1.081476,1.117287,0.004120
1747830122,9400225492,19026831941,691058866843,63,16.214847564697266,17.02094078063965,14.984130859375,0.09723887861174725,1060643,1352244,1011394,1.077179,1.038504,0.004063
1747830123,9401272380,19027992987,691058871163,64,15.931367874145508,17.040252685546875,15.00082015991211,0.03539586715942896,1041787,1280435,1015636,0.998390,1.107260,0.004120
1747830124,9402430422,19029020349,691058875543,64,16.008853912353516,17.92144775390625,14.003992080688477,0.22221971771500904,1037495,1388516,1015235,1.104395,0.979769,0.004177
1747830125,9403562990,19030178391,691058878063,63,16.004323959350586,17.11297035217285,14.913558959960938,0.10977079500201141,1015845,1420594,1010958,1.080101,1.104395,0.002403
1747830126,9404767594,19031336433,691058878663,20,3.4372806549072266,18.451213836669922,3.4372806549072266,8.507047700694283,1054322,2835072,1011235,1.148800,1.104395,0.000572
1747830127,9405924134,19032492973,691058884259,9,16.006946563720703,1611.5734577178955,15.717744827270508,278453.07580077974,1038490,1192795,1011599,1.102962,1.102962,0.005337
1747830128,9407082236,19033673545,691058888579,63,15.986204147338867,19.53125,12.46023178100586,0.5686805014489402,1032261,2724896,1011200,1.104452,1.125881,0.004120
1747830129,9408232768,19034834651,691058892839,64,16.02315902709961,16.53885841369629,14.885663986206055,0.03059621330089562,1041885,1327618,1017803,1.097233,1.107317,0.004063
1747830130,9409398320,19035977673,691058897099,64,15.973329544067383,18.643856048583984,13.347625732421875,0.3858926162027323,1039220,1354978,1011249,1.111557,1.090071,0.004063
1747830131,9410548852,19037147731,691058901419,63,16.13163948059082,17.787456512451172,14.246225357055664,0.16791793575959013,1152706,3024267,1016917,1.097233,1.115854,0.004120
1747830132,9411685866,19038281741,691058905739,64,16.60609245300293,17.138242721557617,14.845132827758789,0.12524111203394211,1048330,1267119,1017127,1.084341,1.081476,0.004120
1747830133,9412858928,19039465317,691058910119,64,16.04294776916504,17.05765724182129,14.972448348999023,0.10799057790885219,1035388,1975671,1013515,1.118719,1.128746,0.004177
1747830134,9414018472,19040600829,691058914699,64,15.964269638061523,16.15166664123535,15.851736068725586,0.0012974648560822716,1051993,1580973,1009730,1.105827,1.082909,0.004368
1747830135,9415172008,19041787409,691058919019,63,15.98358154296875,16.909122467041016,15.001773834228516,0.04050688503686404,1014878,1525951,1012979,1.100098,1.131611,0.004120
1747830136,9416333054,19042928929,691058923279,64,15.990495681762695,17.03619956970215,14.436006546020508,0.1171508224183589,1167245,2630652,1009399,1.107260,1.088638,0.004063
1747830137,9417492598,19044088473,691058927539,64,15.981435775756836,17.0745849609375,14.966011047363281,0.07575341228681395,1027580,8006103,1016172,1.105827,1.105827,0.004063
1747830138,9418661154,19045225487,691058931919,63,15.995979309082031,17.2879695892334,14.966249465942383,0.1489447615492218,1061897,1579393,1012114,1.114422,1.084341,0.004177
1747830139,9419808682,19046383529,691058936179,64,16.17264747619629,17.648696899414062,14.492511749267578,0.08889385673058016,1067332,1314598,1010357,1.094368,1.104395,0.004063
1747830140,9420948700,19047544575,691058940559,64,16.045808792114258,16.824960708618164,14.994621276855469,0.029867719387679938,1149874,1351605,1018052,1.087206,1.107260,0.004177
1747830141,9422114252,19048716135,691058944879,63,16.000747680664062,19.007444381713867,13.02957534790039,0.4589276454254775,1024458,1283776,1013505,1.111557,1.117287,0.004120
1747830142,9423272294,19049854651,691058949139,64,15.980720520019531,16.195058822631836,15.86008071899414,0.001560474242251121,1041004,1333095,1012784,1.104395,1.085773,0.004063
1747830143,9424418320,19051035223,691058953339,64,16.088008880615234,19.035816192626953,12.979507446289062,0.45972844661786166,1028514,1200246,1011902,1.092936,1.125881,0.004005
1747830144,9425597390,19052209787,691058957779,64,16.0369873046875,17.05169677734375,14.881134033203125,0.122530355857096,1070269,4423082,1009974,1.124449,1.120152,0.004234
1747830145,9426702862,19053345299,691058960719,63,16.007423400878906,17.366886138916016,14.853239059448242,0.2931451139235154,1024457,1239442,1011232,1.054260,1.082909,0.002804
1747830146,9427896952,19054530377,691058961319,27,5.219936370849609,16.111135482788086,5.219936370849609,4.299570938986931,1032956,1417229,1010387,1.138773,1.130178,0.000572
1747830147,9429074520,19055670395,691058966435,7,15.983343124389648,1524.9245166778564,15.912532806396484,316240.07223910495,1064096,1334323,1014216,1.123016,1.087206,0.004879
1747830148,9430222048,19056814919,691058970755,64,16.0062313079834,17.02427864074707,14.980316162109375,0.09521514377624792,1010308,1338532,1010308,1.094368,1.091503,0.004120
1747830149,9431383094,19057984977,691058975075,64,16.470670700073242,17.124176025390625,14.701604843139648,0.05417601400442367,1036964,2311866,1012783,1.107260,1.115854,0.004120
1747830150,9432532124,19059135509,691058979335,63,15.910148620605469,18.996238708496094,13.00191879272461,0.44519145663691134,1035112,1348561,1013381,1.095800,1.097233,0.004063
1747830151,9433694672,19060274025,691058983715,64,15.995025634765625,22.08542823791504,9.810447692871094,1.534540413098813,1037700,2744349,1011389,1.108692,1.085773,0.004177
1747830152,9434837694,19061451593,691058988035,64,15.949487686157227,18.74399185180664,13.302803039550781,0.23937104599580933,1193607,1355755,1013020,1.090071,1.123016,0.004120
1747830153,9436006250,19062623153,691058992295,64,16.579627990722656,16.99519157409668,15.038251876831055,0.03766814763960666,1059865,1407015,1019101,1.114422,1.117287,0.004063
1747830154,9437165794,19063764673,691058996675,63,16.031503677368164,17.74883270263672,14.295339584350586,0.10510416071108424,1018535,1353115,1011711,1.105827,1.088638,0.004177
1747830155,9438276092,19064900185,691059000875,64,16.348600387573242,22.123098373413086,10.098934173583984,1.21709568932451,1058785,1342489,1020137,1.058863,1.082909,0.004005
1747830156,9439495716,19066064235,691059005315,64,16.017913818359375,17.007112503051758,14.998674392700195,0.035789284199367215,1086545,2590188,1013866,1.163124,1.110125,0.004234
1747830157,9440652256,19067240301,691059009635,63,16.010284423828125,22.111177444458008,9.85407829284668,1.3342061461717796,1054407,3025110,1018951,1.102962,1.121584,0.004120
1747830158,9441805792,19068392335,691059013895,64,16.002416610717773,16.90077781677246,15.007257461547852,0.034102204295969045,1021573,1275854,1015016,1.100098,1.098665,0.004063
1747830159,9442959328,19069550437,691059018215,64,14.997005462646484,22.158145904541016,9.79161262512207,1.4746563172540434,1044716,1410737,1011970,1.100098,1.104452,0.004120
1747830160,9444109860,19070703973,691059022535,63,15.947341918945312,16.97540283203125,15.034198760986328,0.06316994913838067,1055422,3811203,1010321,1.097233,1.100098,0.004120
1747830161,9445276914,19071874031,691059026915,64,16.011953353881836,22.082805633544922,9.849786758422852,1.2508553743410575,1057213,1264416,1014376,1.112989,1.115854,0.004177
1747830162,9446428948,19073000531,691059031355,64,13.021469116210938,19.007205963134766,13.021469116210938,0.41492706159739634,1028066,2594430,1016637,1.098665,1.074314,0.004234
1747830163,9447591496,19074158573,691059035615,63,17.049312591552734,22.118330001831055,9.849071502685547,1.3109543280747702,1034608,1837033,1011671,1.108692,1.104395,0.004063
1747830164,9448734518,19075340647,691059039935,64,16.169071197509766,16.169071197509766,14.947891235351562,0.018664481787551864,1036222,1327226,1010852,1.090071,1.127314,0.004120
1747830165,9449867026,19076498689,691059044135,64,15.979290008544922,17.284870147705078,15.301227569580078,0.05112911675498497,1109540,5141896,1012709,1.080044,1.104395,0.004005
1747830166,9451067124,19077667245,691059048395,63,16.228437423706055,19.50812339782715,12.505054473876953,0.43932738525049964,1064856,5005717,1019599,1.144503,1.114422,0.004063
1747830167,9452213150,19078792243,691059052835,64,15.998601913452148,18.16534996032715,13.833761215209961,0.21943950251806466,1053817,3901274,1010725,1.092936,1.072882,0.004234
1747830168,9453377200,19079984831,691059056975,64,15.995025634765625,17.063140869140625,14.932632446289062,0.08469038867941217,1035627,1414253,1009624,1.110125,1.137341,0.003948
1747830169,9454524728,19081123347,691059061355,64,15.959024429321289,17.97032356262207,14.041423797607422,0.1554008383701277,1038323,1258064,1010494,1.094368,1.085773,0.004177
1747830170,9455657236,19082272377,691059065875,63,16.094207763671875,16.968965530395508,14.999628067016602,0.03290426493050375,1048916,2997716,1011265,1.080044,1.095800,0.004311
1747830171,9456827294,19083427415,691059070315,64,16.035795211791992,17.10653305053711,14.914751052856445,0.07270595955013816,1164697,3203328,1015750,1.115854,1.101530,0.004234
1747830172,9458003360,19084603481,691059074455,64,15.976190567016602,18.110275268554688,13.935327529907227,0.22863854294021993,1057954,6871650,1020179,1.121584,1.121584,0.003948
1747830173,9459137370,19085740495,691059078895,63,16.004085540771484,18.095970153808594,13.859272003173828,0.28800683079906036,1025289,1394913,1014689,1.081476,1.084341,0.004234
1747830174,9460293910,19086907549,691059083155,64,16.00170135498047,17.074108123779297,15.000104904174805,0.06811022968801958,1027328,1341841,1017339,1.102962,1.112989,0.004063
1747830175,9461468474,19088049069,691059087355,63,16.030550003051758,17.090320587158203,14.910221099853516,0.09907473195229449,1056022,1296456,1014949,1.120152,1.088638,0.004005
1747830176,9462623572,19089205609,691059091795,64,15.996932983398438,17.040014266967773,15.037775039672852,0.06558131619530498,1025223,1318003,1010091,1.101587,1.102962,0.004234
1747830177,9463798136,19090365153,691059096055,64,15.959739685058594,17.08054542541504,14.9688720703125,0.052747657186924674,1163800,1298838,1010291,1.120152,1.105827,0.004063
1747830178,9464941158,19091541219,691059100435,63,15.95163345336914,17.81439781188965,14.153003692626953,0.1746264731540489,1151738,1215975,1012101,1.090071,1.121584,0.004177
1747830179,9466096196,19092678233,691059104635,64,17.014026641845703,17.031431198120117,14.97650146484375,0.08699702403871164,1044511,2517390,1012518,1.101530,1.084341,0.004005
1747830180,9467242222,19093858805,691059108895,64,16.032695770263672,17.04883575439453,14.757156372070312,0.12470339806831775,1025278,4490974,1011821,1.092936,1.125881,0.004063
1747830181,9468424296,19095012341,691059113155,63,16.000747680664062,19.288063049316406,12.564420700073242,0.560705453643078,1058787,4456906,1018967,1.127314,1.100098,0.004063
1747830182,9469556804,19096173387,691059117535,64,15.998125076293945,16.996383666992188,14.595985412597656,0.06154487988807834,1058252,4396561,1016131,1.080044,1.107260,0.004177
1747830183,9470719352,19097326923,691059121735,64,15.913248062133789,17.032384872436523,15.003442764282227,0.09983665127666982,1034967,3754646,1011071,1.108692,1.100098,0.004005
1747830184,9471898422,19098487969,691059126115,64,16.001224517822266,17.075300216674805,14.966964721679688,0.07314391880092999,1044690,1215121,1015491,1.124449,1.107260,0.004177
1747830185,9473048954,19099649015,691059130435,63,17.00878143310547,17.31395721435547,13.784408569335938,0.18762418307685874,1055604,1257936,1012153,1.097233,1.107260,0.004120
1747830186,9474199486,19100780021,691059134935,64,16.159534454345703,17.003297805786133,15.011072158813477,0.07483381409341351,1038988,3166421,1012936,1.097233,1.078611,0.004292
1747830187,9475360532,19101933557,691059139075,64,15.971660614013672,17.047882080078125,14.952898025512695,0.14089406804466603,1042484,1341887,1010483,1.107260,1.100098,0.003948
1747830188,9476523080,19103120137,691059143275,63,15.963315963745117,17.01188087463379,14.752864837646484,0.11495876004350453,1069767,4041992,1010327,1.108692,1.131611,0.004005
1747830189,9477685628,19104251143,691059147655,64,17.014026641845703,22.17268943786621,9.82809066772461,1.33036953550443,1021085,6747225,1020213,1.108692,1.078611,0.004177
1747830190,9478834658,19105430213,691059151735,64,15.97142219543457,18.101930618286133,13.904094696044922,0.22053187780836947,1041052,4780329,1007792,1.095800,1.124449,0.003891
1747830191,9479994202,19106582247,691059152335,33,6.210565567016602,19.00959014892578,6.210565567016602,3.467069677520751,1151602,1290068,1015132,1.105827,1.098665,0.000572
1747830192,9481129714,19107723767,691059156371,33,0,19.00959014892578,6.210565567016602,3.467069677520751,1026350,2689977,1014773,1.082909,1.088638,0.003849
1747830193,9482295266,19108890821,691059160571,59,16.034364700317383,1593.7798023223877,9.809494018554688,42182.840341038696,1068399,1331683,1011769,1.111557,1.112989,0.004005
1747830194,9483444296,19110063883,691059164951,63,15.937566757202148,18.447160720825195,13.082027435302734,0.4381672188202371,1034230,4364421,1010045,1.095800,1.118719,0.004177
1747830195,9484599334,19111197953,691059169151,64,14.777183532714844,17.319440841674805,14.660120010375977,0.17735303614800835,1142194,1287556,1010414,1.101530,1.081533,0.004005
1747830196,9485752870,19112352991,691059169811,35,7.125139236450195,17.015457153320312,7.125139236450195,2.4126765845247404,1034186,1329166,1010049,1.100098,1.101530,0.000629
1747830197,9486939450,19113509531,691059173667,35,0,17.015457153320312,7.125139236450195,2.4126765845247404,1024248,1207878,1010021,1.131611,1.102962,0.003677
1747830198,9488095990,19114666071,691059176567,58,16.04914665222168,1580.958366394043,14.963150024414062,42212.93450289119,1303488,1374332,1018957,1.102962,1.102962,0.002766
1747830199,9489236008,19115855655,691059177227,6,11.374711990356445,16.040563583374023,11.374711990356445,3.424925407671253,1106116,1268595,1010013,1.087206,1.134476,0.000629
1747830200,9490395552,19116994171,691059182583,24,15.970945358276367,1573.6424922943115,15.01011848449707,100902.96878870272,1086510,1350563,1013899,1.105827,1.085773,0.005108
1747830201,9491562606,19118156719,691059187023,64,16.0064697265625,17.59195327758789,14.992237091064453,0.14990308554352685,1037061,1254957,1013137,1.112989,1.108692,0.004234
1747830202,9492740174,19119301243,691059191223,63,16.009807586669922,17.024517059326172,14.995574951171875,0.12126793561420449,1033939,5080070,1011523,1.123016,1.091503,0.004005
1747830203,9493880192,19120493831,691059195603,64,16.13903045654297,17.03047752380371,14.996528625488281,0.0898104651520613,1034946,1396497,1011844,1.087206,1.137341,0.004177
1747830204,9495018708,19121632347,691059199803,64,15.996694564819336,17.060041427612305,14.930963516235352,0.1018266824273149,1038756,1275459,1013918,1.085773,1.085773,0.004005
1747830205,9496178252,19122799401,691059204183,63,15.971183776855469,18.622398376464844,14.356851577758789,0.3470573441453052,1032083,6471343,1013941,1.105827,1.112989,0.004177
1747830206,9497331788,19123925901,691059208623,64,16.00193977355957,18.271446228027344,14.00899887084961,0.19091399554399222,1077462,1362734,1009960,1.100098,1.074314,0.004234
1747830207,9498518368,19125104971,691059212883,64,16.034841537475586,17.691373825073242,13.995647430419922,0.21174811154421072,1024026,1253820,1011099,1.131611,1.124449,0.004063
1747830208,9499662892,19126255503,691059217143,63,15.981435775756836,19.889116287231445,12.116670608520508,0.572049877889183,1034429,1406871,1012608,1.091503,1.097233,0.004063
1747830209,9500819432,19127397023,691059221583,64,16.00956916809082,16.97707176208496,15.090227127075195,0.029329566571957098,1034341,1382503,1011683,1.102962,1.088638,0.004234
1747830210,9501963956,19128579097,691059225783,64,16.00480079650879,16.974210739135742,14.970064163208008,0.0562670598488929,1035503,3348813,1010687,1.091503,1.127314,0.004005
1747830211,9503128006,19129726625,691059230163,64,15.953302383422852,17.11106300354004,14.886617660522461,0.09428638676038298,1040564,1322450,1011853,1.110125,1.094368,0.004177
1747830212,9504293558,19130896683,691059234423,63,15.989542007446289,17.00592041015625,15.036582946777344,0.05589344485731158,1118508,1396494,1013826,1.111557,1.115854,0.004063
1747830213,9505436580,19132053223,691059238743,64,15.939950942993164,17.757415771484375,14.760494232177734,0.21185063249554265,1027596,1471534,1017225,1.090071,1.102962,0.004120
1747830214,9506593120,19133184229,691059243123,63,15.999078750610352,17.050504684448242,15.00248908996582,0.1326915593344363,1036586,1257379,1013617,1.102962,1.078611,0.004177
1747830215,9507748158,19134366303,691059247383,64,17.072439193725586,19.016027450561523,13.026714324951172,0.33466431760687665,1072246,2917983,1012954,1.101530,1.127314,0.004063
1747830216,9508925726,19135509325,691059251823,64,15.991449356079102,16.974449157714844,14.952659606933594,0.15852792683182157,1021487,1192144,1012416,1.123016,1.090071,0.004234
1747830217,9510064242,19136662861,691059256083,63,16.00790023803711,17.107009887695312,14.978885650634766,0.07030626725639032,1056519,1676870,1012695,1.085773,1.100098,0.004063
1747830218,9511226790,19137813393,691059260343,64,16.030311584472656,17.038583755493164,14.995574951171875,0.06155944560956916,1622960,2894453,1016050,1.108692,1.097233,0.004063
1747830219,9512382148,19138981949,691059264663,64,15.987873077392578,17.881155014038086,13.147115707397461,0.2499762293315019,1060573,1427767,1013918,1.101835,1.114422,0.004120
1747830220,9513571732,19140129477,691059268983,64,16.00480079650879,18.02968978881836,13.981342315673828,0.13118540828392822,1272911,1294537,1012896,1.134476,1.094368,0.004120
1747830221,9514690722,19141310049,691059273303,63,15.99884033203125,17.08698272705078,14.864683151245117,0.04142978112177348,1032568,1365818,1010344,1.067152,1.125881,0.004120
1747830222,9515851768,19142453071,691059277563,64,15.953540802001953,17.04883575439453,15.005111694335938,0.06561320926315067,1034749,1205355,1010412,1.107260,1.090071,0.004063
1747830223,9517026332,19143626133,691059281943,64,15.993833541870117,17.02141761779785,14.84990119934082,0.06449574925424308,1035704,3063229,1011273,1.120152,1.118719,0.004177
1747830224,9518170856,19144760143,691059286143,63,15.407085418701172,17.01664924621582,14.973163604736328,0.08582835573208046,1069623,1373781,1014015,1.091503,1.081476,0.004005
1747830225,9519328898,19145928699,691059290403,64,15.992879867553711,17.216920852661133,14.759063720703125,0.14750163908524835,1035591,1413692,1012302,1.104395,1.114422,0.004063
1747830226,9520485438,19147094251,691059294783,64,16.018390655517578,18.57280731201172,14.37830924987793,0.22768277520349262,1048406,1315546,1010308,1.102962,1.111557,0.004177
1747830227,9521658560,19148229763,691059299163,63,16.02625846862793,17.114639282226562,14.854192733764648,0.07515307205734689,1032539,4165921,1009792,1.118776,1.082909,0.004177
1747830228,9522780554,19149387805,691059303363,64,15.000581741333008,17.005443572998047,14.980316162109375,0.06539095347182011,1062089,1326744,1018723,1.070017,1.104395,0.004005
1747830229,9523977648,19150542843,691059307683,64,15.970945358276367,16.165494918823242,15.783548355102539,0.0023725315902981404,1023191,3035293,1020001,1.141638,1.101530,0.004120
1747830230,9525131184,19151735431,691059312003,63,16.009092330932617,17.615795135498047,14.963388442993164,0.1077412520740291,1039888,1332275,1012155,1.100098,1.137341,0.004120
1747830231,9526274206,19152861991,691059316383,64,16.04175567626953,18.218994140625,13.750791549682617,0.16100373665554177,1031920,1528928,1011560,1.090071,1.074371,0.004177
1747830232,9527427742,19154018531,691059320583,64,15.008211135864258,17.644643783569336,15.003681182861328,0.09715245539853366,1191794,2022971,1012544,1.100098,1.102962,0.004005
1747830233,9528569262,19155203609,691059324963,64,15.966415405273438,18.834829330444336,12.956857681274414,0.31216512456045437,1044023,1365659,1015472,1.088638,1.130178,0.004177
1747830234,9529757344,19156349635,691059329423,63,16.08562469482422,17.06528663635254,14.976978302001953,0.12473533773174415,1035193,1311807,1016340,1.133043,1.092936,0.004253
1747830235,9530913884,19157513685,691059333743,64,16.07680320739746,17.052650451660156,14.995574951171875,0.03450225409928086,1032809,4279632,1016846,1.102962,1.110125,0.004120
1747830236,9532070424,19158647695,691059338003,64,15.91634750366211,17.034292221069336,14.994382858276367,0.03630624130866436,1297112,3247333,1009807,1.102962,1.081476,0.004063
1747830237,9533214948,19159820757,691059342383,63,16.01576805114746,16.951560974121094,14.983177185058594,0.10742997780809871,1037067,1296196,1011361,1.091503,1.118719,0.004177
1747830238,9534377496,19160986309,691059346583,64,16.037464141845703,17.01807975769043,14.975786209106445,0.06277897293956208,1165678,1338061,1019505,1.108692,1.111557,0.004005
1747830239,9535528028,19162148857,691059351305,64,16.037464141845703,17.01807975769043,14.975786209106445,0.06277897293956208,1036067,1355992,1013000,1.097233,1.108692,0.004503
1747830240,9536735636,19163299389,691059355685,64,16.031503677368164,17.131567001342773,14.844894409179688,0.13366276730205964,1045243,1310104,1011822,1.151665,1.097233,0.004177
1747830241,9537860634,19164454427,691059359885,63,15.98811149597168,16.117095947265625,15.898942947387695,0.0008442980951903007,1215078,2470349,1011736,1.072882,1.101530,0.004005
1747830242,9539020178,19165592943,691059364205,64,16.026735305786133,16.094684600830078,15.927791595458984,0.0010301226522780487,1026583,2677183,1009562,1.105827,1.085773,0.004120
1747830243,9540181224,19166779523,691059368525,63,14.894485473632812,17.059803009033203,14.894485473632812,0.09637842410562705,1036115,1258673,1011141,1.107260,1.131611,0.004120
1747830244,9541330254,19167904521,691059373247,64,15.999078750610352,17.04120635986328,14.983892440795898,0.058974950395607253,1048640,1403328,1012734,1.095800,1.072882,0.004503
1747830245,9542492802,19169086595,691059377447,64,15.9759521484375,17.098665237426758,14.890193939208984,0.11764661011614522,1114294,1200276,1011724,1.108692,1.127314,0.004005
1747830246,9543626812,19170235625,691059381887,63,15.95163345336914,16.997814178466797,15.004873275756836,0.06447243451334028,1023678,1338302,1009388,1.081476,1.095800,0.004234
1747830247,9544796870,19171384655,691059386027,64,16.121625900268555,17.150402069091797,14.839649200439453,0.13934428025058596,1027215,3453778,1011656,1.115854,1.095800,0.003948
1747830248,9545923370,19172550207,691059390029,64,16.00790023803711,17.122983932495117,14.848709106445312,0.04221697146968668,1034483,1293201,1010252,1.074314,1.111557,0.003817
1747830249,9547130978,19173709751,691059390569,14,1.2707710266113281,17.169713973999023,1.2707710266113281,15.773588119878887,1027649,1591293,1012380,1.151665,1.105827,0.000515
1747830250,9548313052,19174849769,691059395085,16,16.041994094848633,1578.6840915679932,15.005826950073242,151945.0141919187,1039404,1276144,1011027,1.127314,1.087206,0.004307
1747830251,9549430540,19176010815,691059399405,64,15.994071960449219,17.116546630859375,14.849424362182617,0.060055597924740606,1035484,1237357,1010615,1.065720,1.107260,0.004120
1747830252,9550576566,19177210913,691059403785,64,16.013145446777344,16.91722869873047,14.994621276855469,0.07814162446862,1032196,3308884,1013422,1.092936,1.144503,0.004177
1747830253,9551725596,19178340417,691059408105,64,16.013145446777344,16.91722869873047,14.994621276855469,0.07814162446862,1150908,1337456,1012013,1.095800,1.077179,0.004120
1747830254,9552900160,19179504467,691059412425,64,15.996694564819336,21.1031436920166,10.864496231079102,0.9966217252927114,1042234,2777352,1010577,1.120152,1.110125,0.004120
1747830255,9554043182,19180642983,691059417087,63,15.967607498168945,18.091678619384766,13.900279998779297,0.24995233208072656,1037877,1313518,1016392,1.090071,1.085773,0.004446
1747830256,9555201224,19181793515,691059421527,64,15.993833541870117,18.055200576782227,13.98158073425293,0.20002518414005654,1021127,1288360,1015804,1.104395,1.097233,0.004234
1747830257,9556378792,19182981597,691059425787,64,15.998125076293945,17.03023910522461,14.969110488891602,0.061914789932948244,1022840,3443312,1014800,1.123016,1.133043,0.004063
1747830258,9557536834,19184132129,691059430107,63,15.98668098449707,17.00115203857422,15.008211135864258,0.03368959276979862,1063091,1368635,1021780,1.104395,1.097233,0.004120
1747830259,9558673848,19185291673,691059434427,64,15.982389450073242,20.053863525390625,12.887954711914062,0.6798737731375065,1036575,1415677,1012564,1.084341,1.105827,0.004120
1747830260,9559854420,19186449715,691059438687,64,16.002655029296875,17.01045036315918,15.01011848449707,0.03260704493222012,1059173,1517728,1020840,1.125881,1.104395,0.004063
1747830261,9561018470,19187601749,691059443007,63,15.996932983398438,17.038583755493164,14.980077743530273,0.06654489207836488,1055104,1315239,1012894,1.110125,1.098665,0.004120
1747830262,9562149476,19188735759,691059447707,64,15.987396240234375,21.02971076965332,10.996341705322266,0.8772167492434308,1021564,2744180,1012914,1.078611,1.081476,0.004482
1747830263,9563330048,19189893801,691059451967,63,15.949487686157227,17.182111740112305,14.816522598266602,0.07893374267771186,1027824,1235684,1018639,1.125881,1.104395,0.004063
1747830264,9564489592,19191069867,691059456227,64,15.995025634765625,16.965627670288086,15.001773834228516,0.059475370209030286,1034906,1160267,1018854,1.105827,1.121584,0.004063
1747830265,9565640124,19192248937,691059460547,64,16.017913818359375,18.033504486083984,14.000415802001953,0.25054838490936576,1036374,1368503,1011879,1.097233,1.124449,0.004120
1747830266,9566771130,19193397967,691059464807,63,16.00027084350586,17.28653907775879,14.68205451965332,0.05684475370517163,1042261,2199960,1009914,1.078611,1.095800,0.004063
1747830267,9567954706,19194524527,691059469247,64,16.001462936401367,16.880273818969727,15.006780624389648,0.05194631736546113,1116660,1325584,1018057,1.128746,1.074371,0.004234
1747830268,9569102234,19195714111,691059473267,64,16.031503677368164,16.927719116210938,15.002250671386719,0.03046216735323843,1318210,4542457,1009478,1.094368,1.134476,0.003834
1747830269,9570273794,19196843615,691059473927,64,16.031503677368164,16.927719116210938,15.002250671386719,0.03046216735323843,1117719,1284486,1016518,1.117287,1.077179,0.000629
1747830270,9571431836,19198000155,691059477723,21,14.293193817138672,17.08364486694336,14.293193817138672,0.3652053982250436,1027320,1359656,1014736,1.104395,1.102962,0.003620
1747830271,9572598890,19199182229,691059481983,8,15.968561172485352,1582.6690196990967,14.937877655029297,300545.7421100819,1022101,1251771,1016536,1.112989,1.127314,0.004063
1747830272,9573719382,19200323749,691059486585,64,15.99431037902832,18.874406814575195,13.004779815673828,0.38327411934373357,1055476,1313238,1012327,1.068584,1.088638,0.004389
1747830273,9574874420,19201468273,691059491085,64,15.985727310180664,17.03190803527832,14.965534210205078,0.10018767782035505,1157770,3318659,1017920,1.101530,1.091503,0.004292
1747830274,9576038470,19202654853,691059495345,63,15.90418815612793,17.062902450561523,14.987468719482422,0.10216737503599291,1046962,1343817,1012374,1.110125,1.131611,0.004063
1747830275,9577219042,19203782855,691059499725,64,16.01552963256836,17.040252685546875,14.986753463745117,0.10425290001298962,1043183,1375033,1014054,1.125881,1.075747,0.004177
1747830276,9578368072,19204979949,691059504045,64,16.007184982299805,18.26310157775879,14.78433609008789,0.26317414042371196,1203498,1272534,1014263,1.095800,1.141638,0.004120
1747830277,9579520106,19206128979,691059508365,64,15.980958938598633,16.115427017211914,15.851974487304688,0.0023378113035198,1043672,1381528,1011002,1.098665,1.095800,0.004120
1747830278,9580681212,19207255479,691059512445,63,15.913724899291992,17.094850540161133,14.992475509643555,0.06866386941604594,1057324,1301818,1017594,1.107317,1.074314,0.003891
1747830279,9581837752,19208413521,691059516885,64,15.998363494873047,19.218921661376953,12.785911560058594,0.40267994644066124,1038314,1264115,1010923,1.102962,1.104395,0.004234
1747830280,9582986782,19209603105,691059521205,64,16.034364700317383,17.093181610107422,14.938116073608398,0.07444018128049752,1026280,3239476,1021140,1.095800,1.134476,0.004120
1747830281,9584171860,19210753637,691059525465,63,16.13163948059082,17.02141761779785,14.95051383972168,0.06556509691418135,1067223,4484562,1009942,1.130178,1.097233,0.004063
1747830282,9585295676,19211905671,691059529725,64,16.01123809814453,17.015695571899414,14.996767044067383,0.08898105553764209,1028742,2727987,1014214,1.071754,1.098665,0.004063
1747830283,9586449212,19213084741,691059534105,63,15.996456146240234,17.560243606567383,14.955520629882812,0.16206692460707628,1123382,1248615,1013521,1.100098,1.124449,0.004177
1747830284,9587613262,19214209739,691059538365,64,15.972137451171875,17.96865463256836,14.031410217285156,0.22948913634528648,1052378,1337130,1010907,1.110125,1.072882,0.004063
1747830285,9588762292,19215366279,691059542685,64,15.972137451171875,17.96865463256836,14.031410217285156,0.22948913634528648,1057811,1382534,1012056,1.095800,1.102962,0.004120
1747830286,9589948872,19216513807,691059546885,64,15.985727310180664,17.011165618896484,14.962911605834961,0.06486215471400791,1040399,1338216,1011660,1.131611,1.094368,0.004005
1747830287,9591100906,19217671849,691059551145,63,15.936851501464844,16.994237899780273,15.028715133666992,0.03283418438883335,1034704,4457422,1010538,1.098665,1.104395,0.004063
1747830288,9592261952,19218832895,691059555465,64,16.161441802978516,17.049551010131836,14.913797378540039,0.19000749914996062,1059014,3854102,1012598,1.107260,1.107260,0.004120
1747830289,9593415488,19219986431,691059559905,64,15.96689224243164,16.881704330444336,14.974355697631836,0.08233512170577008,1027640,1284814,1012092,1.100098,1.100098,0.004234
1747830290,9594575032,19221151983,691059564105,64,15.954256057739258,17.210721969604492,14.78433609008789,0.11575862102284365,1023526,1322073,1014184,1.105827,1.111557,0.004005
1747830291,9595709042,19222325045,691059568485,64,15.95616340637207,17.088651657104492,14.90473747253418,0.1250517328204749,1057736,1304864,1021041,1.081476,1.118719,0.004177
1747830292,9596904634,19223471071,691059572745,63,16.025543212890625,17.351627349853516,14.636754989624023,0.09479891827345242,1041427,1561783,1012046,1.140205,1.092936,0.004063
1747830293,9598041648,19224614093,691059577185,64,16.036033630371094,17.43340492248535,14.761686325073242,0.13825715463404878,1035779,1256639,1010596,1.084341,1.090071,0.004234
1747830294,9599228228,19225772135,691059581325,64,16.00170135498047,17.37499237060547,15.002012252807617,0.0490528391143084,1051183,1326061,1012340,1.131611,1.104395,0.003948
1747830295,9600356230,19226934683,691059585645,64,16.00027084350586,17.04263687133789,14.960527420043945,0.036525357693396834,1038927,1342039,1018090,1.075747,1.108692,0.004120
1747830296,9601515774,19228088219,691059590025,63,15.95926284790039,17.047643661499023,14.966964721679688,0.1327932378520478,1031486,1344478,1012335,1.105827,1.100098,0.004177
1747830297,9602669310,19229262783,691059594405,64,15.996932983398438,16.97230339050293,14.914512634277344,0.11625432399257105,1077785,1392552,1011913,1.100098,1.120152,0.004177
1747830298,9603831858,19230425331,691059599045,64,16.000747680664062,17.055511474609375,14.991283416748047,0.1291362775362548,1021696,1353672,1010053,1.108692,1.108692,0.004425
1747830299,9604971876,19231604401,691059603305,63,15.955209732055664,17.058134078979492,14.915704727172852,0.0708672825655207,1035358,1202616,1014220,1.087206,1.124449,0.004063
1747830300,9606143436,19232745921,691059607625,64,14.973878860473633,17.052412033081055,14.973878860473633,0.08383188652015326,1018329,1344192,1009840,1.117287,1.088638,0.004120
1747830301,9607281952,19233897955,691059611885,64,16.010522842407227,17.50636100769043,14.950037002563477,0.05932875666697366,1024215,2930430,1016413,1.085773,1.098665,0.004063
1747830302,9608467030,19235066511,691059616145,63,15.979528427124023,16.950607299804688,14.986991882324219,0.03226869552925622,1069663,1255639,1010942,1.130178,1.114422,0.004063
1747830303,9609599538,19236206589,691059620585,64,15.968084335327148,17.08841323852539,14.947175979614258,0.038256636341064805,1093798,1313896,1014962,1.080044,1.087263,0.004234
1747830304,9610762086,19237348109,691059625247,64,15.989303588867188,17.018795013427734,14.977216720581055,0.06240811942856443,1035359,1410231,1011164,1.108692,1.088638,0.004446
1747830305,9611936650,19238536191,691059629627,63,17.009496688842773,17.009496688842773,14.991998672485352,0.08312357657458251,1013447,1496429,1011670,1.120152,1.133043,0.004177
1747830306,9613096194,19239686723,691059634289,64,15.056848526000977,17.056703567504883,14.993667602539062,0.08161294301189091,1033610,1253677,1018281,1.105827,1.097233,0.004446
1747830307,9614279770,19240820733,691059638549,64,16.008615493774414,17.00568199157715,15.001058578491211,0.03469701122435203,1036828,1405745,1012551,1.128746,1.081476,0.004063
1747830308,9615385242,19241998301,691059642809,63,14.996528625488281,17.999649047851562,14.029979705810547,0.19747682937055394,1056388,1390672,1013312,1.054260,1.123016,0.004063
1747830309,9616546288,19243135315,691059647471,64,15.999078750610352,17.021656036376953,14.993667602539062,0.09542966783144029,1149008,1149008,1010639,1.107260,1.084341,0.004446
1747830310,9617717908,19244291855,691059651851,64,15.006065368652344,17.002105712890625,14.985799789428711,0.06885770185577327,1185193,1308395,1018855,1.117344,1.102962,0.004177
1747830311,9618874448,19245473929,691059656513,64,15.996217727661133,17.02737808227539,14.94741439819336,0.09761434453995244,1137088,5029515,1011721,1.102962,1.127314,0.004446
1747830312,9620017470,19246631971,691059660773,63,16.043663024902344,17.12512969970703,14.925003051757812,0.11212661631504131,1038141,1289083,1010726,1.090071,1.104395,0.004063
1747830313,9621171006,19247779499,691059665093,64,15.85245132446289,17.11416244506836,14.910697937011719,0.07460177350024037,1029802,1477973,1009933,1.100098,1.094368,0.004120
1747830314,9622341064,19248922521,691059669353,64,15.999794006347656,17.002344131469727,15.011072158813477,0.03245947993244404,1030420,4133915,1009901,1.115854,1.090071,0.004063
1747830315,9623488592,19250097085,691059674015,63,15.998601913452148,17.083406448364258,14.978647232055664,0.10384929324851268,1021394,1510972,1012723,1.094368,1.120152,0.004446
1747830316,9624630112,19251244613,691059678395,64,16.001462936401367,17.393827438354492,14.616966247558594,0.1699425958557029,1057685,5359951,1015259,1.088638,1.094368,0.004177
1747830317,9625803174,19252411667,691059682655,63,16.002178192138672,16.679763793945312,14.99485969543457,0.02817749679416502,1020304,1349323,1019777,1.118719,1.112989,0.004063
1747830318,9626959714,19253575717,691059687437,64,16.028881072998047,17.053842544555664,14.989852905273438,0.06029076237098381,1053184,1289020,1011133,1.102962,1.110125,0.004560
1747830319,9628135780,19254726249,691059691757,64,14.976739883422852,17.93980598449707,14.111042022705078,0.14993262149281303,1053358,1259930,1016672,1.121584,1.097233,0.004120
1747830320,9629284810,19255873777,691059696077,64,15.996217727661133,17.7156925201416,14.93692398071289,0.1958266506819771,1040851,1365299,1010809,1.095800,1.094368,0.004120
1747830321,9630459374,19257052847,691059700337,63,15.995979309082031,16.996383666992188,15.00082015991211,0.0331156683113724,1054889,1364428,1011259,1.120152,1.124449,0.004063
1747830322,9631600894,19258179347,691059705059,64,16.00360870361328,17.061948776245117,14.95218276977539,0.09935013265094193,1011239,1333954,1011239,1.088638,1.074314,0.004503
1747830323,9632743916,19259367429,691059709379,64,17.022132873535156,18.115520477294922,12.863636016845703,0.2954508065360844,1026365,1249023,1013813,1.090071,1.133043,0.004120
1747830324,9633907966,19260493929,691059713759,64,15.999317169189453,20.262718200683594,11.844873428344727,0.6782317619161327,1026365,1249023,1013813,1.110125,1.074314,0.004177
1747830325,9635061502,19261677505,691059718019,64,14.988183975219727,17.260313034057617,14.790058135986328,0.1937977329900227,1022567,1356560,1010635,1.100098,1.128746,0.004063
1747830326,9636218042,19262829539,691059722339,63,15.999078750610352,17.04263687133789,14.977455139160156,0.0927613198611064,1282364,4837122,1020488,1.102962,1.098665,0.004120
1747830327,9637407626,19263963549,691059726979,64,15.001773834228516,18.073081970214844,13.96799087524414,0.16366440786544795,1057987,1276507,1009829,1.134476,1.081476,0.004425
1747830328,9638550648,19265141117,691059731299,64,15.96975326538086,16.98136329650879,15.021085739135742,0.03336343921091727,1317803,1375664,1012233,1.090071,1.123016,0.004120
1747830329,9639687662,19266311175,691059735679,63,15.953779220581055,17.027854919433594,14.990091323852539,0.0931133882856995,1022277,1492935,1010736,1.084341,1.115854,0.004177
1747830330,9640875744,19267437675,691059739879,64,16.222476959228516,17.975330352783203,14.093160629272461,0.18659709223270293,1060831,1251379,1019802,1.133043,1.074314,0.004005
1747830331,9642002244,19268595717,691059744319,64,15.986442565917969,17.029285430908203,14.954328536987305,0.061202389137780415,1048310,1228057,1012763,1.074314,1.104395,0.004234
1747830332,9643184318,19269753759,691059748519,64,15.993118286132812,16.981840133666992,15.020608901977539,0.030956119276414118,1033838,1212050,1011210,1.127314,1.104395,0.004005
1747830333,9644339356,19270911801,691059752899,64,15.998363494873047,17.222881317138672,14.989852905273438,0.0751728259806472,1043463,1284851,1009224,1.101530,1.104395,0.004177
1747830334,9645482378,19272077353,691059757159,63,16.051292419433594,16.15452766418457,15.82956314086914,0.0023850175362236546,4329210,8984649,1014108,1.090071,1.111557,0.004063
1747830335,9646652436,19273256423,691059761761,64,15.95306396484375,17.08984375,14.940500259399414,0.09086291052571013,1026003,1415174,1014757,1.115854,1.124449,0.004389
1747830336,9647789450,19274400947,691059765961,64,16.037702560424805,16.98589324951172,14.989852905273438,0.032615102948723274,1024045,1443795,1014764,1.084341,1.091503,0.004005
1747830337,9648965516,19275539463,691059770341,63,16.027450561523438,17.046689987182617,14.917850494384766,0.18779626650148742,1038581,4579442,1015144,1.121584,1.085773,0.004177
1747830338,9650125060,19276696003,691059774943,64,15.987634658813477,16.990184783935547,14.973878860473633,0.06491214283660472,1036307,1491367,1011098,1.105827,1.102962,0.004389
1747830339,9651283102,19277855547,691059779323,64,16.051054000854492,16.983747482299805,14.988422393798828,0.06204281239733395,1036307,1491367,1011098,1.104395,1.105827,0.004177
1747830340,9652442646,19279034617,691059783643,64,15.938997268676758,17.10367202758789,14.948844909667969,0.10018869157811783,1037801,2446907,1012368,1.105827,1.124449,0.004120
1747830341,9653602250,19280170129,691059788023,64,15.985727310180664,17.030000686645508,14.996051788330078,0.03474067309978851,1162427,1318509,1015518,1.105885,1.082909,0.004177
1747830342,9654734758,19281356709,691059792283,63,16.00170135498047,17.032146453857422,14.996767044067383,0.10127645460156093,1022625,1234064,1010087,1.080044,1.131611,0.004063
1747830343,9655927346,19282484711,691059796543,64,16.005277633666992,17.02427864074707,14.961719512939453,0.06047814044977136,1202516,2868970,1013425,1.137341,1.075747,0.004063
1747830344,9657058352,19283669789,691059800923,64,16.024112701416016,16.101837158203125,15.894889831542969,0.0012043834068123968,1037201,1961559,1015788,1.078611,1.130178,0.004177
1747830345,9658226908,19284824827,691059805303,63,16.00360870361328,17.128944396972656,14.9383544921875,0.10694750524232616,1036464,1341134,1011849,1.114422,1.101530,0.004177
1747830346,9659358234,19285990379,691059809443,64,16.246318817138672,17.915964126586914,13.988018035888672,0.2464328146001369,1060686,3380958,1010654,1.078917,1.111557,0.003948
1747830347,9660562838,19287136405,691059813883,64,16.69025421142578,18.083572387695312,14.96267318725586,0.23643912664149622,1033829,2238642,1010196,1.148800,1.092936,0.004234
1747830348,9661692342,19288270415,691059818203,63,15.953779220581055,17.014503479003906,14.90473747253418,0.10869582739257655,1054655,1329273,1012913,1.077179,1.081476,0.004120
1747830349,9662853388,19289466007,691059822463,64,15.99740982055664,17.14038848876953,14.87588882446289,0.10658020750055744,1017145,1271099,1011049,1.107260,1.140205,0.004063
1747830350,9664011430,19290606025,691059826903,64,16.01886749267578,18.126964569091797,13.9007568359375,0.22921757798962927,1036755,1303130,1010804,1.104395,1.087206,0.004234
1747830351,9665170974,19291774641,691059831103,63,16.001462936401367,16.054868698120117,15.948295593261719,0.0006151529871684594,1043269,3666879,1012409,1.105827,1.114479,0.004005
1747830352,9666310992,19292917663,691059835483,64,15.984535217285156,17.12775230407715,14.78433609008789,0.10813625239591058,1037160,2571313,1011431,1.087206,1.090071,0.004177
1747830353,9667467532,19294089223,691059839803,64,15.984535217285156,17.002344131469727,15.002012252807617,0.0363075894816024,1037160,2571313,1011431,1.102962,1.117287,0.004120
1747830354,9668636088,19295215723,691059844063,64,14.27912712097168,17.73381233215332,14.27912712097168,0.18557978720566498,1026754,1228119,1013911,1.114422,1.074314,0.004063
1747830355,9669807648,19296399299,691059848263,64,16.01433753967285,17.14158058166504,14.911890029907227,0.06793434171364039,1159909,1412139,1016904,1.117287,1.128746,0.004005
1747830356,9670947666,19297530305,691059852643,64,15.993833541870117,16.155719757080078,15.839338302612305,0.0016565499318571995,1035068,1281479,1009963,1.087206,1.078611,0.004177
1747830357,9672117724,19298686845,691059856903,63,16.003131866455078,17.025232315063477,14.917612075805664,0.06826012155467938,1120714,1315426,1011402,1.115854,1.102962,0.004063
1747830358,9673277268,19299862911,691059861223,64,15.099525451660156,17.041444778442383,14.976739883422852,0.09314645562710479,1023937,1325374,1011400,1.105827,1.121584,0.004120
1747830359,9674432306,19301058503,691059865543,64,15.984773635864258,17.031431198120117,14.964580535888672,0.08986933611509146,1055228,1261931,1011628,1.101530,1.140205,0.004120
1747830360,9675599360,19302180497,691059869923,63,17.004013061523438,17.010927200317383,14.967918395996094,0.0826709804010708,1036769,1227948,1012400,1.112989,1.070017,0.004177
1747830361,9676728864,19303340041,691059874123,64,15.994787216186523,17.325639724731445,14.717340469360352,0.10317985182882188,1014767,1300952,1014767,1.077179,1.105827,0.004005
1747830362,9677907934,19304493577,691059878563,64,15.999078750610352,18.873214721679688,13.135433197021484,0.2920215793915711,1049583,1233083,1016461,1.124449,1.100098,0.004234
1747830363,9679074988,19305666639,691059883263,63,15.996456146240234,17.039775848388672,14.968395233154297,0.0628728073974075,1059129,1216805,1016928,1.112989,1.118719,0.004482
1747830364,9680204492,19306803653,691059887583,64,15.94996452331543,16.977548599243164,15.063285827636719,0.030188074660461497,1255701,1255701,1013091,1.077179,1.084341,0.004120
1747830365,9681359530,19307972209,691059891903,64,16.007423400878906,17.016172409057617,14.952421188354492,0.06537346758259634,1255701,1255701,1013091,1.101530,1.114422,0.004120
1747830366,9682537098,19309146773,691059896163,63,16.054630279541016,17.02404022216797,15.017509460449219,0.08838865209455907,1150950,1293981,1011788,1.123016,1.120152,0.004063
1747830367,9683704152,19310297305,691059900543,64,14.99485969543457,17.033815383911133,14.99485969543457,0.03381214506164615,1034502,1318600,1015912,1.112989,1.097233,0.004177
1747830368,9684829150,19311443331,691059904803,64,15.997648239135742,17.001628875732422,15.022039413452148,0.03254268967489136,1062264,1374402,1014651,1.072882,1.092936,0.004063
1747830369,9686009722,19312583349,691059909465,63,16.02458953857422,18.286943435668945,13.726234436035156,0.19924880299677228,1051969,1297916,1014286,1.125881,1.087206,0.004446
1747830370,9687139226,19313733881,691059913665,64,16.0214900970459,17.56453514099121,15.00082015991211,0.12107555440413992,1067366,4495245,1012131,1.077179,1.097233,0.004005
1747830371,9688307782,19314923465,691059918045,64,16.010046005249023,18.00847053527832,13.99087905883789,0.2011030574697424,1024454,1527182,1013123,1.114422,1.134476,0.004177
1747830372,9689476398,19316083009,691059922245,64,15.960454940795898,16.1440372467041,15.856266021728516,0.0017331103262297704,1158449,1186985,1012763,1.114479,1.105827,0.004005
1747830373,9690620922,19317206505,691059926565,63,15.02227783203125,17.032384872436523,14.95671272277832,0.09892900717885077,1037427,1246458,1011974,1.091503,1.071449,0.004120
1747830374,9691763944,19318387077,691059931227,64,15.95306396484375,17.04549789428711,14.931917190551758,0.13233981201803477,1024498,1371951,1010766,1.090071,1.125881,0.004446
1747830375,9692935504,19319542115,691059935487,64,15.966415405273438,17.039060592651367,14.9688720703125,0.09841060958606898,1038540,4021679,1018787,1.117287,1.101530,0.004063
1747830376,9694087538,19320682133,691059939627,63,15.86771011352539,17.35091209411621,13.982057571411133,0.13711329077929746,1038229,2355832,1015458,1.098665,1.087206,0.003948
1747830377,9695260600,19321844681,691059944127,64,15.971660614013672,17.754554748535156,14.243364334106445,0.16415159618083713,1023895,1340594,1016448,1.118719,1.108692,0.004292
1747830378,9696405124,19323011735,691059948327,64,15.000343322753906,17.000913619995117,14.986753463745117,0.09082846307015609,1030949,1271067,1012745,1.091503,1.112989,0.004005
1747830379,9697570676,19324178789,691059952527,63,15.95306396484375,17.695188522338867,14.03498649597168,0.22547860972990671,1089622,1859731,1017120,1.111557,1.112989,0.004005
1747830380,9698736228,19325330823,691059956847,65,17.208576202392578,18.419742584228516,13.791084289550781,0.298349028135525,1035703,4956386,1013356,1.111557,1.098665,0.004120
1747830381,9699874744,19326469339,691059961047,64,16.026020050048828,16.915082931518555,14.99629020690918,0.07109013935291869,1037203,3429297,1013612,1.085773,1.085773,0.004005
1747830382,9701044802,19327630385,691059965367,64,16.048431396484375,16.99662208557129,14.946937561035156,0.08684402810784651,1121364,1224316,1017577,1.115854,1.107260,0.004120
1747830383,9702187824,19328797439,691059970149,63,16.051054000854492,18.02659034729004,13.998031616210938,0.3432397719574639,1038352,1328887,1011400,1.090071,1.112989,0.004560
1747830384,9703344364,19329968999,691059974723,64,15.969991683959961,17.009258270263672,14.997243881225586,0.08442302255812004,1036068,3613617,1013622,1.102962,1.117287,0.004362
1747830385,9704517426,19331137555,691059979357,64,16.06607437133789,17.048120498657227,14.990806579589844,0.08947744495359415,1017804,1447061,1013605,1.118719,1.114422,0.004419
1747830386,9705664954,19332273067,691059983811,64,16.09945297241211,17.72308349609375,14.230728149414062,0.22504205441523772,1037377,1449464,1015697,1.094368,1.082909,0.004248
1747830387,9706841020,19333419093,691059988251,63,15.968084335327148,17.118215560913086,14.964818954467773,0.07292775690494144,1042857,4191485,1014958,1.121584,1.092936,0.004234
1747830388,9707973528,19334584645,691059992945,64,14.85300064086914,17.11297035217285,14.85300064086914,0.22346085035631036,1041703,2973193,1011620,1.080044,1.111557,0.004477
1747830389,9709130068,19335732173,691059997145,64,15.989542007446289,16.910314559936523,15.012741088867188,0.03252535571184225,1045462,1445996,1011101,1.102962,1.094368,0.004005
1747830390,9710297122,19336903733,691060001785,63,16.106128692626953,17.069578170776367,15.006780624389648,0.09066945204304926,1027827,2636130,1011654,1.112989,1.117287,0.004425
1747830391,9711468682,19338078297,691060006045,64,16.038179397583008,17.04883575439453,14.952421188354492,0.09364629468954903,1043660,4358376,1020183,1.117287,1.120152,0.004063
1747830392,9712613206,19339221319,691060010739,64,15.994071960449219,18.36538314819336,14.633893966674805,0.26521558348925484,1306381,1391795,1021753,1.091503,1.090071,0.004477
1747830393,9713787770,19340361337,691060015059,63,15.996694564819336,17.22097396850586,14.90926742553711,0.17819087946791623,1164396,2788091,1014927,1.120152,1.087206,0.004120
1747830394,9714917274,19341544913,691060019379,64,16.081809997558594,17.076730728149414,14.911413192749023,0.04092859061872947,1048298,2584853,1010688,1.077179,1.128746,0.004120
1747830395,9716078320,19342681927,691060023759,64,16.026735305786133,17.075061798095703,14.942646026611328,0.0986359422261611,1035068,1283835,1014855,1.107260,1.084341,0.004177
1747830396,9717252884,19343842973,691060028019,64,15.985250473022461,17.034053802490234,14.97030258178711,0.11665129007263382,1022588,1283353,1013780,1.120152,1.107260,0.004063
1747830397,9718407922,19344979987,691060032399,63,16.01123809814453,17.077922821044922,14.953374862670898,0.03813345663750526,1037665,1313238,1016717,1.101530,1.084341,0.004177
1747830398,9719546438,19346141033,691060036659,64,15.951395034790039,17.01188087463379,15.000343322753906,0.08865812067069787,1031438,1501225,1011683,1.085773,1.107260,0.004063
1747830399,9720717998,19347326111,691060041321,64,15.972137451171875,17.961502075195312,14.01376724243164,0.1279410906756573,1036633,1401784,1018965,1.117287,1.130178,0.004446
1747830400,9721885052,19348455615,691060045955,63,16.064167022705078,17.169713973999023,14.98723030090332,0.0795282339250159,1025543,7596915,1010229,1.112989,1.077179,0.004419
1747830401,9723035584,19349610653,691060050215,64,16.08562469482422,19.25206184387207,12.722969055175781,0.3735909226562066,1019488,1299262,1011126,1.097233,1.101530,0.004063
1747830402,9724178606,19350797293,691060054535,64,17.81439781188965,17.81439781188965,15.372753143310547,0.0726736592548367,1021887,1207131,1012393,1.090071,1.131668,0.004120
1747830403,9725335146,19351950829,691060058915,64,15.977859497070312,16.99995994567871,14.19210433959961,0.11380491583876083,1094530,4608511,1015380,1.102962,1.100098,0.004177
1747830404,9726503762,19353084839,691060063115,64,15.992879867553711,17.026901245117188,14.981269836425781,0.09183361761232621,1037762,1378078,1015313,1.114479,1.081476,0.004005
1747830405,9727664808,19354242881,691060067375,64,16.95871353149414,16.96491241455078,14.996528625488281,0.045850428067011256,1034709,1227658,1011801,1.107260,1.104395,0.004063
1747830406,9728825854,19355397919,691060071695,63,15.990495681762695,16.101837158203125,15.00248908996582,0.01679265517667925,1037922,1294408,1018396,1.107260,1.101530,0.004120
1747830407,9729970378,19356555961,691060076075,64,16.01696014404297,16.990184783935547,14.992952346801758,0.06312578138362276,1056185,3183855,1012202,1.091503,1.104395,0.004177
1747830408,9731150950,19357718509,691060080455,64,16.005992889404297,17.011165618896484,15.04659652709961,0.031880909655680044,1038471,1375516,1015248,1.125881,1.108692,0.004177
1747830409,9732295474,19358923113,691060084775,63,15.932321548461914,17.01951026916504,14.941692352294922,0.03617453223777546,1044056,1290089,1013075,1.091503,1.148800,0.004120
1747830410,9733452334,19360061629,691060088915,64,16.019821166992188,17.121553421020508,14.945745468139648,0.10118930434687505,1049308,1260332,1017628,1.103268,1.085773,0.003948
1747830411,9734607372,19361204651,691060093355,63,16.062259674072266,16.695261001586914,14.98270034790039,0.028834943636189554,1036148,1285211,1011502,1.101530,1.090071,0.004234
1747830412,9735774426,19362343167,691060097555,64,16.01719856262207,17.054319381713867,14.970064163208008,0.0654652304192246,1021418,4526333,1010235,1.112989,1.085773,0.004005
1747830413,9736921954,19363529747,691060101995,64,15.984535217285156,18.711090087890625,14.304161071777344,0.17976310908562235,1035158,1206298,1012168,1.094368,1.131611,0.004234
1747830414,9738070984,19364656247,691060106195,64,16.00170135498047,17.078876495361328,14.918327331542969,0.1633886839713521,1041501,1310735,1018092,1.095800,1.074314,0.004005
1747830415,9739257564,19365832313,691060110515,64,16.00503921508789,18.010377883911133,13.986825942993164,0.13056149692357083,1057519,1320217,1018089,1.131611,1.121584,0.004120
1747830416,9740411100,19366988853,691060115089,63,16.003131866455078,17.043352127075195,14.043569564819336,0.12615144274970758,1151530,5577400,1014967,1.100098,1.102962,0.004362
1747830417,9741560130,19368155907,691060119529,64,16.022682189941406,17.11416244506836,14.841079711914062,0.0812404928152306,1157360,2287650,1015436,1.095800,1.112989,0.004234
1747830418,9742731690,19369313949,691060123729,64,16.0369873046875,17.041444778442383,14.997482299804688,0.039317795156316476,1022973,1355399,1012178,1.117287,1.104395,0.004005
1747830419,9743892736,19370459975,691060127989,63,15.990257263183594,17.391443252563477,14.005422592163086,0.2760195775195707,1032837,1218840,1013045,1.107260,1.092936,0.004063
1747830420,9745025244,19371619519,691060132369,64,15.987873077392578,17.127513885498047,14.872550964355469,0.18770078925975872,1051685,1320060,1012302,1.080044,1.105827,0.004177
1747830421,9746190796,19372783569,691060136809,64,16.087770462036133,17.80247688293457,14.243364334106445,0.10200288559694785,1049543,1214391,1012582,1.111557,1.110125,0.004234
1747830422,9747345834,19373938607,691060141069,63,15.96832275390625,17.028093338012695,15.009641647338867,0.09290533878484417,1031997,1185833,1016514,1.101530,1.101530,0.004063
1747830423,9748458809,19375077123,691060145389,64,16.258955001831055,17.04883575439453,14.97507095336914,0.11761949455934777,1034402,1213015,1009042,1.061416,1.085773,0.004120
1747830424,9749588313,19376200612,691060149589,64,14.987945556640625,17.997026443481445,13.982295989990234,0.1891281640280687,1019422,1235863,1010889,1.077179,1.071443,0.004005
1747830425,9750797423,19377369168,691060153909,63,15.990495681762695,17.032861709594727,14.994382858276367,0.10022327723060315,1029328,1175176,1009879,1.153097,1.114422,0.004120
1747830426,9752006533,19378573772,691060158289,64,15.94853401184082,17.763853073120117,14.127731323242188,0.2048479095521599,1038157,1162224,1011134,1.153097,1.148800,0.004177
1747830427,9753152559,19379725806,691060162489,64,17.581462860107422,19.898653030395508,11.85750961303711,0.7423087700650938,1053943,3943818,1015854,1.092936,1.098665,0.004005
1747830428,9754357223,19380930410,691060167189,63,15.87224006652832,17.002105712890625,12.001276016235352,0.29153593375643566,1027578,3202608,1014187,1.148857,1.148800,0.004482
1747830429,9755519771,19382123058,691060171329,64,15.973567962646484,16.989707946777344,14.978170394897461,0.10599743745613568,1286271,1310411,1013617,1.108692,1.137398,0.003948
1747830430,9756703347,19383299124,691060175769,64,16.020774841308594,17.046213150024414,14.950037002563477,0.23286566971212508,1026790,8881501,1011250,1.128746,1.121584,0.004234
1747830431,9757883919,19384479696,691060180089,64,15.993356704711914,17.36927032470703,13.630151748657227,0.20591271310613135,1298794,2764836,1009160,1.125881,1.125881,0.004120
1747830432,9759093029,19385652758,691060184349,63,15.995264053344727,17.07315444946289,14.989614486694336,0.16458959062626902,1044251,2955488,1014237,1.153097,1.118719,0.004063
1747830433,9760264589,19386851354,691060188609,64,15.978574752807617,17.093658447265625,14.923095703125,0.1299320154810391,1024208,1600807,1014431,1.117287,1.143070,0.004063
1747830434,9761410615,19388037934,691060192929,64,16.016483306884766,19.439697265625,13.590812683105469,0.3927297456308987,1029444,1459811,1011673,1.092936,1.131611,0.004120
1747830435,9762622789,19389204988,691060197309,63,15.975236892700195,17.038345336914062,14.991044998168945,0.1279083982381924,1032304,1378374,1010677,1.156019,1.112989,0.004177
1747830436,9763821385,19390384058,691060201569,64,15.97142219543457,16.165494918823242,15.803098678588867,0.003876410525401314,1067949,1394368,1015945,1.143070,1.124449,0.004063
1747830437,9765001957,19391581152,691060205889,64,16.117095947265625,16.214609146118164,15.79594612121582,0.004733453517392083,1044962,1365392,1019196,1.125881,1.141638,0.004120
1747830438,9766178023,19392757218,691060210209,63,15.990972518920898,17.0440673828125,14.902830123901367,0.10106713412385661,1045112,1887652,1014054,1.121584,1.121584,0.004120
1747830439,9767355591,19393958818,691060214529,64,15.98215103149414,17.876863479614258,13.992786407470703,0.2164251667371666,1021110,1374167,1011496,1.123016,1.145935,0.004120
1747830440,9768537665,19395104844,691060218789,64,15.993118286132812,17.044782638549805,14.94741439819336,0.12916583519746408,1156092,1239071,1015154,1.127314,1.092936,0.004063
1747830441,9769733257,19396288420,691060223109,63,16.025304794311523,20.193815231323242,11.837244033813477,0.7213814889373076,1097436,3531082,1011073,1.140205,1.128746,0.004120
1747830442,9770931853,19397484012,691060227549,64,16.01243019104004,17.06719398498535,14.989376068115234,0.1551457745166597,1038408,1289643,1014363,1.143070,1.140205,0.004234
1747830443,9772091397,19398669090,691060231689,63,16.00027084350586,17.0438289642334,14.992952346801758,0.09427722954539332,1312352,3234375,1015547,1.105827,1.130178,0.003948
1747830444,9773264459,19399852666,691060236069,64,16.09325408935547,17.30799674987793,14.98270034790039,0.08349074738003716,1033298,1263967,1014927,1.118719,1.128746,0.004177
1747830445,9774464557,19401036242,691060240509,64,16.015052795410156,17.05455780029297,14.977693557739258,0.08927870412027995,1033720,1228892,1013295,1.144503,1.128746,0.004234
1747830446,9775664655,19402222822,691060244709,64,16.0219669342041,18.19157600402832,13.817071914672852,0.31309951281278886,1019361,2255152,1011650,1.144503,1.131611,0.004005
1747830447,9776830207,19403389876,691060249089,63,16.011714935302734,16.988515853881836,14.995098114013672,0.06979709240588247,1088569,1381682,1016953,1.111557,1.112989,0.004177
1747830448,9778022795,19404604994,691060253663,64,15.937566757202148,17.040491104125977,15.001773834228516,0.03569349305625797,1041093,1560646,1015090,1.137341,1.158827,0.004362
1747830449,9779176331,19405752522,691060257863,64,15.99884033203125,18.970966339111328,13.994455337524414,0.22198445284396037,1026349,2834109,1011616,1.100098,1.094368,0.004005
1747830450,9780386943,19406934596,691060262123,64,15.99740982055664,17.608642578125,14.934301376342773,0.15230152934022204,1032816,3232098,1015216,1.154530,1.127314,0.004063
1747830451,9781566013,19408154220,691060266623,63,15.935659408569336,16.997575759887695,14.963388442993164,0.06326493117888142,1021631,1285929,1009306,1.124449,1.163124,0.004292
1747830452,9782740577,19409321274,691060270703,64,14.998435974121094,18.032312393188477,13.989925384521484,0.2857904701548541,1019425,1258675,1009778,1.120152,1.112989,0.003891
1747830453,9783912137,19410516866,691060275463,64,16.00480079650879,17.077922821044922,14.955759048461914,0.10438219901242445,1030708,1192047,1010517,1.117287,1.140205,0.004539
1747830454,9785137769,19411688426,691060279723,63,16.045331954956055,17.055273056030273,14.969348907470703,0.08843559564939502,1033676,5055401,1011470,1.168854,1.117287,0.004063
1747830455,9786294309,19412882516,691060284043,64,15.984535217285156,17.08507537841797,14.932870864868164,0.13710621736028514,1025370,1353522,1012768,1.102962,1.138773,0.004120
1747830456,9787485395,19414066092,691060288303,64,16.022443771362305,17.00425148010254,15.02227783203125,0.03307396508141525,1047422,1379873,1011578,1.135908,1.128746,0.004063
1747830457,9788653951,19415248166,691060292683,63,15.966415405273438,17.014503479003906,13.990402221679688,0.12399057193062664,1103751,1217505,1013033,1.114422,1.127314,0.004177
1747830458,9789830017,19416446762,691060296883,64,15.986204147338867,17.047882080078125,14.94598388671875,0.18924509287411498,1070942,1233945,1011720,1.121584,1.143070,0.004005
1747830459,9791039127,19417585278,691060301143,64,16.169071197509766,17.69399642944336,14.310359954833984,0.17947093651925425,1122058,1354528,1014367,1.153097,1.085773,0.004063
1747830460,9792215193,19418779368,691060305583,63,16.004562377929688,17.018795013427734,14.966726303100586,0.0900164226770062,1029008,1499135,1010408,1.121584,1.138773,0.004234
1747830461,9793379243,19419973458,691060309843,64,16.02792739868164,16.073226928710938,15.947580337524414,0.0007858831950309922,1045639,1265708,1013692,1.110125,1.138773,0.004063
1747830462,9794576337,19421155532,691060314163,64,16.007423400878906,16.859769821166992,15.005826950073242,0.032680160263092256,1035249,1215280,1010480,1.141638,1.127314,0.004120
1747830463,9795743391,19422316578,691060318543,64,16.057729721069336,17.049789428710938,14.889955520629883,0.22049064156721837,1033865,1305611,1011093,1.112989,1.107260,0.004177
1747830464,9796925465,19423525688,691060322683,63,16.024351119995117,17.023324966430664,14.964103698730469,0.08305573114453385,1074385,1336685,1011704,1.127314,1.153097,0.003948
1747830465,9798104535,19424713770,691060327063,64,15.99264144897461,17.786264419555664,14.157533645629883,0.21539899519660313,1043396,1266624,1013474,1.124449,1.133043,0.004177
1747830466,9799322717,19425897346,691060331323,64,15.976428985595703,18.005847930908203,13.984918594360352,0.22122067825865685,1024479,1207049,1010704,1.161749,1.128746,0.004063
1747830467,9800488269,19427068906,691060333723,64,15.972137451171875,18.540620803833008,14.468669891357422,0.21619274186013995,1022290,3921368,1011633,1.111557,1.117287,0.002289
1747830468,9801680857,19428250980,691060334503,9,13.283967971801758,16.103506088256836,13.283967971801758,0.8096670534030181,1055929,8969791,1014980,1.137341,1.127314,0.000744
1747830469,9802847911,19429430050,691060339979,19,16.035795211791992,1601.7324924468994,15.806198120117188,131935.9163652128,1045785,1376657,1017089,1.112989,1.124449,0.005222
1747830470,9804025479,19430621136,691060344419,64,16.02029800415039,17.129898071289062,14.896631240844727,0.10531527913571105,1024805,1265549,1013470,1.123016,1.135908,0.004234
1747830471,9805206051,19431806214,691060348619,63,15.96212387084961,16.89624786376953,15.053272247314453,0.03056047182686544,1038050,3213544,1014636,1.125881,1.130178,0.004005
1747830472,9806410655,19432976332,691060352879,64,15.984296798706055,16.164779663085938,15.844583511352539,0.0023585971472695117,1055438,2720872,1010647,1.148800,1.115911,0.004063
1747830473,9807573203,19434159908,691060357139,64,16.007661819458008,17.13275909423828,14.868974685668945,0.06451086241409182,1040717,1411487,1010755,1.108692,1.128746,0.004063
1747830474,9808778127,19435353998,691060361519,64,14.817237854003906,17.371416091918945,14.817237854003906,0.1748249101564853,1024290,1324150,1009986,1.149105,1.138773,0.004177
1747830475,9809970715,19436515044,691060365899,63,15.988588333129883,17.981767654418945,14.016389846801758,0.19367872077450995,1038408,3430881,1015756,1.137341,1.107260,0.004177
1747830476,9811110733,19437719648,691060370279,64,16.013145446777344,17.9595947265625,13.984918594360352,0.2745678114113282,1054849,1399704,1011867,1.087206,1.148800,0.004177
1747830477,9812318341,19438909232,691060374599,63,15.933513641357422,17.161130905151367,14.983177185058594,0.07038927946882557,1058526,1309427,1010233,1.151665,1.134476,0.004120
1747830478,9813488399,19440071780,691060378799,64,15.972614288330078,16.54195785522461,14.970779418945312,0.025999269776645247,1061362,9011169,1014001,1.115854,1.108692,0.004005
1747830479,9814694505,19441246344,691060383179,64,15.985965728759766,18.997669219970703,13.021707534790039,0.4481919742206804,1059122,1220694,1011337,1.150232,1.120152,0.004177
1747830480,9815857053,19442447944,691060387439,63,15.017032623291016,17.0133113861084,14.995574951171875,0.09237733989015147,1036547,1203647,1018765,1.108692,1.145935,0.004063
1747830481,9817060155,19443631520,691060391819,64,15.990972518920898,18.232107162475586,13.76032829284668,0.22104953860739757,1038108,1299437,1017350,1.147367,1.128746,0.004177
1747830482,9818215193,19444795570,691060396019,64,15.953302383422852,16.90530776977539,14.963150024414062,0.03554844592347513,1016312,3822492,1010832,1.101530,1.110125,0.004005
1747830483,9819400271,19445980648,691060400339,64,15.99884033203125,19.06609535217285,13.005971908569336,0.4274179257166924,1032010,3796664,1011460,1.130178,1.130178,0.004120
1747830484,9820630409,19447168730,691060404779,63,15.944242477416992,17.11750030517578,14.91856575012207,0.0732600832138573,1276160,3308414,1011195,1.173151,1.133043,0.004234
1747830485,9821795961,19448346298,691060409099,64,15.976428985595703,18.004417419433594,13.905763626098633,0.16392828844969412,1043056,1364015,1018570,1.111557,1.123016,0.004120
1747830486,9822963015,19449553906,691060413359,64,16.003131866455078,16.994714736938477,15.006542205810547,0.03299722649459686,1037007,1350350,1011107,1.112989,1.151665,0.004063
1747830487,9824160109,19450746494,691060417679,64,14.986753463745117,18.005847930908203,14.055013656616211,0.15839806644454787,1029051,1444276,1018451,1.141638,1.137341,0.004120
1747830488,9825331669,19451916552,691060422119,63,16.765356063842773,18.001794815063477,13.976335525512695,0.2806797299453894,1033645,1451792,1013331,1.117287,1.115854,0.004234
1747830489,9826501727,19453115148,691060426319,64,16.00027084350586,17.082691192626953,15.006303787231445,0.06955600705846701,1197238,1264120,1010221,1.115854,1.143070,0.004005
1747830490,9827692813,19454259672,691060430699,64,15.940666198730469,17.995119094848633,14.00136947631836,0.2864444417873912,1035955,1304640,1011359,1.135908,1.091503,0.004177
1747830491,9828895915,19455461272,691060435219,63,16.003131866455078,18.038034439086914,13.973236083984375,0.20523924647160496,1059666,1384952,1017774,1.147367,1.145935,0.004311
1747830492,9830056961,19456653860,691060439539,64,16.040563583374023,17.066478729248047,14.946222305297852,0.06885775178173902,1041243,2010879,1019116,1.107260,1.137341,0.004120
1747830493,9831237533,19457831428,691060443859,64,16.00050926208496,17.03190803527832,15.002012252807617,0.0570445677698207,1043464,1572422,1015737,1.125881,1.123016,0.004120
1747830494,9832425615,19458993976,691060448239,64,16.00360870361328,16.129493713378906,15.855550765991211,0.0018060666845774872,1054675,1306157,1013950,1.133043,1.108692,0.004177
1747830495,9833634725,19460174548,691060452559,63,15.963554382324219,17.347097396850586,14.960765838623047,0.0745673815287814,1120109,1568067,1016305,1.153097,1.125881,0.004120
1747830496,9834791265,19461380654,691060456819,64,15.001058578491211,17.94886589050293,14.079809188842773,0.21109477803597967,1031216,1384676,1011493,1.102962,1.150232,0.004063
1747830497,9835959821,19462571740,691060461259,64,16.006946563720703,18.061399459838867,13.945579528808594,0.16056277248031434,1178853,1317761,1012463,1.114422,1.135908,0.004234
1747830498,9837167489,19463755316,691060465579,63,15.984296798706055,18.940448760986328,13.057708740234375,0.4779994813708886,1039143,1319206,1011402,1.151722,1.128746,0.004120
1747830499,9838340551,19464932884,691060469899,64,15.953779220581055,17.19379425048828,14.830827713012695,0.11553730569005252,1043944,1483908,1016924,1.118719,1.123016,0.004120
1747830500,9839533139,19466090926,691060474159,64,15.995979309082031,16.81661605834961,14.88947868347168,0.05548736323435033,1059102,2606323,1015312,1.137341,1.104395,0.004063
1747830501,9840716715,19467276004,691060478479,63,15.98811149597168,16.559362411499023,15.065670013427734,0.022757862110709418,1021603,3708679,1012563,1.128746,1.130178,0.004120
1747830502,9841880765,19468456576,691060482739,64,15.99574089050293,16.114473342895508,15.886306762695312,0.0017501573080677157,1028127,1301484,1011448,1.110125,1.125881,0.004063
1747830503,9843083867,19469652168,691060487119,64,16.005992889404297,17.10057258605957,14.917373657226562,0.12112356453616505,1027189,1399280,1012704,1.147367,1.140205,0.004177
1747830504,9844262937,19470822226,691060491379,64,16.009807586669922,16.261577606201172,15.743494033813477,0.005002391776697612,1017240,1174004,1012348,1.124449,1.115854,0.004063
1747830505,9845451019,19472005802,691060495639,63,15.96832275390625,19.00506019592285,12.99595832824707,0.3148346410639615,1025398,1165444,1012176,1.133043,1.128746,0.004063
1747830506,9846615069,19473187876,691060499959,64,16.001224517822266,17.832040786743164,14.862298965454102,0.2065707775507575,1037015,4366822,1010736,1.110125,1.127314,0.004120
1747830507,9847774613,19474399990,691060504219,64,16.003131866455078,17.107486724853516,14.921426773071289,0.039043236373284204,1066688,4077841,1014156,1.105827,1.155962,0.004063
1747830508,9848980719,19475553526,691060508599,64,15.977621078491211,16.997814178466797,15.005350112915039,0.040444288700153125,1015564,4354546,1010058,1.150232,1.100098,0.004177
1747830509,9850186825,19476771648,691060512859,63,16.016006469726562,17.374038696289062,14.835119247436523,0.18945619861416624,1035605,2726013,1010604,1.150232,1.161692,0.004063
1747830510,9851353879,19477955224,691060517299,64,16.0067081451416,16.17121696472168,15.826702117919922,0.002358816787146472,1064387,1164298,1012818,1.112989,1.128746,0.004234
1747830511,9852531447,19479132792,691060521499,64,15.998363494873047,16.740798950195312,14.991521835327148,0.050874813248482684,1034602,1298135,1015882,1.123016,1.123016,0.004005
1747830512,9853715023,19480311862,691060525819,63,15.984535217285156,18.06473731994629,13.901233673095703,0.20493875843664183,1037122,1434201,1012158,1.128746,1.124449,0.004120
1747830513,9854904607,19481511960,691060530139,64,16.002893447875977,17.48800277709961,15.006303787231445,0.11346151671086536,1024820,1334920,1014288,1.134476,1.144503,0.004120
1747830514,9856097195,19482654982,691060534639,64,15.983104705810547,17.073392868041992,14.852285385131836,0.134967996261659,1061528,1369605,1011201,1.137341,1.090071,0.004292
1747830515,9857276265,19483867096,691060538899,63,15.989303588867188,17.058849334716797,14.863252639770508,0.0719235883208378,1045196,1348099,1013776,1.124449,1.155962,0.004063
1747830516,9858452331,19485050672,691060543219,64,16.000986099243164,19.020557403564453,14.176130294799805,0.2542837731712216,1020670,1639570,1017151,1.121584,1.128746,0.004120
1747830517,9859635907,19486235750,691060547859,64,15.999317169189453,19.0732479095459,12.933731079101562,0.29998778255925423,1070398,1252209,1012208,1.128746,1.130178,0.004425
1747830518,9860813475,19487408812,691060552359,64,16.00050926208496,19.034385681152344,12.919902801513672,0.3947923952015413,1034781,1407613,1018192,1.123016,1.118719,0.004292
1747830519,9862010569,19488569858,691060556499,63,16.257524490356445,20.00880241394043,12.008905410766602,0.5420706475286524,1022137,1392736,1010567,1.141638,1.107260,0.003948
1747830520,9863177623,19489753434,691060560819,64,16.082763671875,17.482757568359375,13.927698135375977,0.3050837245679848,1064478,1362248,1011130,1.112989,1.128746,0.004120
1747830521,9864382227,19490934066,691060565139,64,16.010046005249023,17.957210540771484,14.028310775756836,0.18820944356350883,1037101,1499591,1010607,1.148800,1.125938,0.004120
1747830522,9865543273,19492123650,691060569339,63,16.00480079650879,17.998933792114258,14.031171798706055,0.19287837904151414,1036369,3044351,1012475,1.107260,1.134476,0.004005
1747830523,9866728351,19493334262,691060573779,64,16.02482795715332,17.015695571899414,15.010833740234375,0.06749173379115435,1037575,1303887,1010522,1.130178,1.154530,0.004234
1747830524,9867931453,19494519340,691060578039,64,15.990972518920898,17.009258270263672,14.995574951171875,0.05932657398853547,1165336,1266496,1010052,1.147367,1.130178,0.004063
1747830525,9869087993,19495666868,691060582419,64,16.037702560424805,17.1053409576416,14.846086502075195,0.09578091109334524,1013806,1446921,1013806,1.102962,1.094368,0.004177
1747830526,9870273071,19496851946,691060586679,63,17.05646514892578,17.05646514892578,15.893697738647461,0.019192108930184037,1059617,1364797,1012939,1.130178,1.130178,0.004063
1747830527,9871455145,19498064060,691060590999,64,15.99574089050293,16.115903854370117,15.008211135864258,0.016339245754942593,1065502,1458384,1014714,1.127314,1.155962,0.004120
1747830528,9872643227,19499237122,691060595319,64,15.980720520019531,17.127513885498047,14.87874984741211,0.10621886839489232,1036724,1279101,1011669,1.133043,1.118719,0.004120
1747830529,9873840381,19500399670,691060599699,63,16.0369873046875,19.654273986816406,13.292074203491211,0.3520884525968777,1030734,1287750,1010593,1.141695,1.108692,0.004177
1747830530,9875011941,19501611784,691060601739,63,16.0369873046875,19.654273986816406,13.292074203491211,0.3520884525968777,1038170,1524194,1012241,1.117287,1.155962,0.001945
1747830531,9876212039,19502766822,691060603975,54,4.299402236938477,16.085147857666016,4.299402236938477,2.5356764155605442,1018046,1360350,1017194,1.144503,1.101530,0.002132
1747830532,9877392611,19503969924,691060608295,54,0,16.085147857666016,4.299402236938477,2.5356764155605442,1059109,1237619,1015321,1.125881,1.147367,0.004120
1747830533,9878585199,19505153500,691060612675,64,16.475915908813477,17.012596130371094,14.63174819946289,0.0859807181325068,1037036,1412183,1013423,1.137341,1.128746,0.004177
1747830534,9879756759,19506335574,691060616875,64,15.97905158996582,17.14801788330078,14.875411987304688,0.17342480106659452,1034658,1261213,1011909,1.117287,1.127314,0.004005
1747830535,9880926817,19507541680,691060618975,56,16.660690307617188,19.232749938964844,11.742353439331055,0.6401275098795858,1045155,1255073,1012253,1.115854,1.150232,0.002003
1747830536,9882129919,19508710236,691060621331,56,0,19.232749938964844,11.742353439331055,0.6401275098795858,1025316,3242821,1014837,1.147367,1.114422,0.002247
1747830537,9883289463,19509887804,691060625531,38,16.027450561523438,1547.3284721374512,14.930009841918945,61664.64253754157,1048554,1222874,1010123,1.105827,1.123016,0.004005
1747830538,9884500075,19511048850,691060629911,64,15.043258666992188,18.909454345703125,13.041257858276367,0.33056822234848543,1042805,1338679,1012554,1.154530,1.107260,0.004177
1747830539,9885656935,19512248948,691060634291,63,15.90585708618164,18.63241195678711,14.65153694152832,0.19114301825546903,1026536,1403103,1015391,1.103268,1.144503,0.004177
1747830540,9886843515,19513417504,691060638671,64,16.04747772216797,17.026424407958984,14.98723030090332,0.05941406387285739,1163537,1481055,1018193,1.131611,1.114422,0.004177
1747830541,9888021083,19514622108,691060642931,64,16.07346534729004,17.014503479003906,15.007257461547852,0.0339827529140067,1156050,2727658,1010936,1.123016,1.148800,0.004063
1747830542,9889252723,19515793668,691060647131,63,16.045808792114258,17.319440841674805,14.73855972290039,0.18302288222189886,1073689,1303976,1011105,1.174583,1.117287,0.004005
1747830543,9890412267,19516963726,691060651631,64,15.997171401977539,17.241239547729492,13.721942901611328,0.2195067880257081,1037145,1237433,1012646,1.105827,1.115854,0.004292
1747830544,9891574815,19518169832,691060656011,64,15.997648239135742,16.997337341308594,14.968633651733398,0.06513444268194296,1056473,1222776,1018858,1.108692,1.150232,0.004177
1747830545,9892743371,19519359416,691060658291,64,15.997648239135742,16.997337341308594,14.968633651733398,0.06513444268194296,1056473,1222776,1018858,1.114422,1.134476,0.002174
1747830546,9893953983,19520514454,691060659999,57,9.189128875732422,17.03643798828125,9.189128875732422,0.8959543368619932,1158047,1284091,1012392,1.154530,1.101530,0.001629
1747830547,9895143567,19521725066,691060664607,57,0,17.03643798828125,9.189128875732422,0.8959543368619932,1042782,1210440,1013172,1.134476,1.154530,0.004395
1747830548,9896306115,19522889116,691060668987,37,16.03221893310547,1560.7280731201172,14.980792999267578,64441.80079139509,1041246,1291946,1011321,1.108692,1.110125,0.004177
1747830549,9897489691,19524080202,691060673307,63,15.997171401977539,17.00568199157715,14.945030212402344,0.05986335934487157,1384805,1393839,1011985,1.128746,1.135908,0.004120
1747830550,9898679275,19525262276,691060677567,64,15.978813171386719,17.15707778930664,14.876604080200195,0.07248993777326,1027343,1383456,1014316,1.134476,1.127314,0.004063
1747830551,9899871863,19526444350,691060681887,64,15.990018844604492,17.03190803527832,14.997005462646484,0.12827427190899512,1064013,1379032,1012840,1.137341,1.127314,0.004120
1747830552,9901049431,19527623420,691060686027,64,15.998125076293945,17.1201229095459,14.829874038696289,0.10214122348768322,1022369,1316990,1020879,1.123016,1.124449,0.003948
1747830553,9902242019,19528834032,691060690467,64,15.997648239135742,17.011165618896484,15.002965927124023,0.03416844642826584,1086398,1312329,1011310,1.137341,1.154530,0.004234
1747830554,9903403065,19529995078,691060694847,64,15.978097915649414,19.991636276245117,12.053251266479492,0.5550459636298906,1034163,1255502,1012242,1.107260,1.107260,0.004177
1747830555,9904610673,19531165136,691060697747,59,4.263639450073242,17.032623291015625,4.263639450073242,2.49750332206348,1019613,1255922,1009659,1.151665,1.115854,0.002766
1747830556,9905770217,19532353218,691060698347,59,0,17.032623291015625,4.263639450073242,2.49750332206348,1015447,1157785,1007236,1.105827,1.133043,0.000572
1747830557,9906953793,19533527782,691060703703,32,15.972614288330078,1600.7142066955566,14.909505844116211,78397.15748496496,1048592,1344317,1014113,1.128746,1.120152,0.005108
1747830558,9908138871,19534711358,691060708143,64,15.994071960449219,35.96329689025879,0.9684562683105469,18.987348129718825,1038129,1170574,1010901,1.130178,1.128746,0.004234
1747830559,9909343475,19535891930,691060712523,64,16.88241958618164,17.002344131469727,14.985799789428711,0.1661061178248904,1216605,1532709,1017282,1.148800,1.125881,0.004177
1747830560,9910500075,19537075506,691060716723,63,16.022443771362305,17.168521881103516,14.844655990600586,0.09432979511250804,1023916,1279229,1010880,1.103020,1.128746,0.004005
1747830561,9911728711,19538259082,691060721103,63,16.022443771362305,17.168521881103516,14.844655990600586,0.09432979511250804,1023916,1279229,1010880,1.171719,1.128746,0.004177
1747830562,9912900271,19539442658,691060725423,64,15.37013053894043,17.132043838500977,14.920711517333984,0.2501271043110982,1069580,1305183,1012720,1.117287,1.128746,0.004120
1747830563,9914082345,19540639752,691060729803,64,16.03412628173828,17.032384872436523,14.951467514038086,0.11453630525748536,1031696,1226578,1013952,1.127314,1.141638,0.004177
1747830564,9915264419,19541820324,691060734003,63,15.992164611816406,18.95737648010254,12.999296188354492,0.3804720909996239,1024608,1414761,1011736,1.127314,1.125881,0.004005
1747830565,9916387915,19543023426,691060736883,64,16.013383865356445,17.06218719482422,14.97960090637207,0.1931259187969333,1021722,1190899,1017448,1.071449,1.147367,0.002747
1747830566,9917628567,19544173958,691060737423,61,10.123729705810547,17.04120635986328,10.123729705810547,0.6288026137705552,1079096,6723501,1014202,1.183178,1.097233,0.000515
1747830567,9918798625,19545380064,691060742599,61,0,17.04120635986328,10.123729705810547,0.6288026137705552,1041086,1357782,1015976,1.115854,1.150232,0.004936
1747830568,9919965679,19546559134,691060746979,30,15.111207962036133,1598.395824432373,14.967679977416992,83368.55074486055,1098288,1291344,1015615,1.112989,1.124449,0.004177
1747830569,9921152259,19547739706,691060751299,64,15.982627868652344,17.037153244018555,14.96577262878418,0.12574098569797368,1045732,1362898,1010627,1.131611,1.125881,0.004120
1747830570,9922335835,19548909824,691060755679,64,15.964746475219727,17.727136611938477,13.971328735351562,0.37873893432507405,1040630,1186156,1010328,1.128746,1.115911,0.004177
1747830571,9923529925,19550133954,691060759939,64,15.998601913452148,17.014503479003906,14.983654022216797,0.03483589669666379,1035310,1223454,1012440,1.138773,1.167421,0.004063
1747830572,9924736031,19551307016,691060764319,64,16.017436981201172,17.023324966430664,14.967203140258789,0.060491862471134944,1037614,1158135,1011287,1.150232,1.118719,0.004177
1747830573,9925882057,19552469564,691060768579,64,15.99884033203125,19.356250762939453,13.640642166137695,0.3961349534878033,1036289,1252089,1016575,1.092936,1.108692,0.004063
1747830574,9927082155,19553647132,691060772899,63,16.03865623474121,18.268823623657227,13.772010803222656,0.2004498491317896,1033944,1249891,1010562,1.144503,1.123016,0.004120
1747830575,9928246205,19554842724,691060777279,64,15.973567962646484,18.848180770874023,13.164043426513672,0.34581033300388037,1025305,1394885,1015355,1.110125,1.140205,0.004177
1747830576,9929459821,19556003770,691060781719,64,15.973567962646484,18.848180770874023,13.164043426513672,0.34581033300388037,1025305,1394885,1015355,1.157394,1.107260,0.004234
1747830577,9930626875,19557187346,691060785859,64,15.988588333129883,18.95427703857422,13.032913208007812,0.3640790634333181,1036430,1268118,1010503,1.112989,1.128746,0.003948
1747830578,9931798435,19558396456,691060790239,64,16.182661056518555,17.00448989868164,14.948606491088867,0.1265093884174398,1045920,1274361,1011181,1.117287,1.153097,0.004177
1747830579,9932997031,19559569518,691060794619,63,16.053199768066406,17.817020416259766,14.25480842590332,0.1530240748932719,1059208,1240885,1012995,1.143070,1.118719,0.004177
1747830580,9934150567,19560750090,691060798119,64,16.04008674621582,16.1898136138916,15.822410583496094,0.004254615183720627,1022667,1459782,1022667,1.100098,1.125881,0.003338
1747830581,9935373195,19561941176,691060798719,63,16.138076782226562,16.95728302001953,15.015602111816406,0.03306126135168567,1022667,1459782,1022667,1.165989,1.135908,0.000572
1747830582,9936561277,19563127756,691060803655,63,0,16.95728302001953,15.015602111816406,0.03306126135168567,1022667,1459782,1022667,1.133043,1.131611,0.004707
1747830583,9937713311,19564306826,691060807915,29,16.045570373535156,1578.8660049438477,14.98866081237793,84118.2142540225,1036538,8285497,1011992,1.098665,1.124449,0.004063
1747830584,9938904397,19565476884,691060812175,64,16.005516052246094,17.029762268066406,14.664173126220703,0.11101464237858823,1021993,1440470,1011272,1.135908,1.115854,0.004063
1747830585,9940084969,19566660460,691060816555,63,16.022682189941406,21.105527877807617,10.85519790649414,0.8813496666079395,1022002,1308737,1010644,1.125881,1.128746,0.004177
1747830586,9941289573,19567842534,691060820755,64,15.987157821655273,16.091346740722656,15.918254852294922,0.000828944641268109,1022788,1270834,1015941,1.148800,1.127314,0.004005
1747830587,9942468643,19569051644,691060825195,64,16.0214900970459,17.103195190429688,14.822721481323242,0.08817019873291312,1064359,4440946,1010871,1.124449,1.153097,0.004234
1747830588,9943644709,19570224706,691060829575,64,16.0064697265625,17.01664924621582,15.108585357666016,0.029805241896623202,1042904,1417474,1012977,1.121584,1.118719,0.004177
1747830589,9944834293,19571384250,691060833775,64,16.007423400878906,20.714998245239258,11.255741119384766,0.8827726474595455,1046603,3358954,1017764,1.134476,1.105827,0.004005
1747830590,9945963797,19572599368,691060838035,63,16.038894653320312,18.028974533081055,14.010429382324219,0.16211526777583216,1070770,1404474,1011357,1.077179,1.158827,0.004063
1747830591,9947201445,19573772430,691060842475,64,16.010284423828125,16.255617141723633,15.7470703125,0.003137713784213164,1158177,2627441,1012495,1.180313,1.118719,0.004234
1747830592,9948385021,19574937982,691060846675,64,16.01243019104004,18.972396850585938,13.014078140258789,0.49407478295720986,1033014,3129195,1017698,1.128746,1.111557,0.004005
1747830593,9949567095,19576121558,691060850995,64,15.946149826049805,18.621206283569336,13.365745544433594,0.4988216138549901,1227091,3197195,1014106,1.127314,1.128746,0.004120
1747830594,9950755237,19577320154,691060855315,63,15.954971313476562,17.394304275512695,14.596939086914062,0.06369242941548367,1047069,2778152,1013950,1.133101,1.143070,0.004120
1747830595,9951916283,19578505232,691060859515,64,14.989614486694336,20.989179611206055,10.81538200378418,1.103526416625475,1040324,2683944,1010690,1.107260,1.130178,0.004005
1747830596,9953116381,19579688808,691060864015,63,15.998363494873047,17.130374908447266,14.857769012451172,0.15383488486533095,1017208,1197494,1008736,1.144503,1.128746,0.004292
1747830597,9954305965,19580848352,691060868215,64,16.00170135498047,16.063213348388672,15.936613082885742,0.0007432111025820214,1025877,1341044,1014169,1.134476,1.105827,0.004005
1747830598,9955474521,19582058964,691060872655,64,16.00503921508789,17.03166961669922,14.948368072509766,0.11608152123091321,1304203,1357872,1017048,1.114422,1.154530,0.004234
1747830599,9956643077,19583229022,691060876855,63,15.991926193237305,21.137475967407227,10.944604873657227,2.212104693536407,1058684,1329065,1010882,1.114422,1.115854,0.004005
1747830600,9957805625,19584427618,691060881115,64,16.035079956054688,16.979694366455078,14.853239059448242,0.03708388033179833,1056533,1434405,1011265,1.108692,1.143070,0.004063
1747830601,9959007225,19585603684,691060885375,64,15.043973922729492,18.007755279541016,13.983726501464844,0.22809698335762107,1027066,1185043,1010597,1.145935,1.121584,0.004063
1747830602,9960191121,19586782754,691060889815,64,15.969038009643555,17.089128494262695,14.943361282348633,0.06958308386034094,1034299,3021364,1010098,1.129051,1.124449,0.004234
1747830603,9961368689,19588014394,691060894075,63,15.99884033203125,21.135330200195312,10.831594467163086,0.9001351553983213,1039666,1391351,1009531,1.123016,1.174583,0.004063
1747830604,9962577799,19589130380,691060898275,64,16.007661819458008,17.009735107421875,14.723062515258789,0.21698585051394528,1015729,1495986,1015729,1.153097,1.064287,0.004005
1747830605,9963741849,19590313956,691060902595,64,15.968084335327148,18.015384674072266,13.972997665405273,0.1623129138911296,1020066,1535052,1010959,1.110125,1.128746,0.004120
1747830606,9964938943,19591521564,691060906915,63,16.0062313079834,17.05026626586914,15.012741088867188,0.03457314399620031,1033268,1490445,1015719,1.141638,1.151665,0.004120
1747830607,9966130029,19592703638,691060911115,64,15.96522331237793,17.05622673034668,14.978408813476562,0.12984094696765255,1020918,2975020,1010560,1.135908,1.127314,0.004005
1747830608,9967312103,19593881206,691060915495,64,16.002416610717773,17.027616500854492,14.959335327148438,0.0386095890588718,1043686,3213336,1010330,1.127314,1.123016,0.004177
1747830609,9968498683,19595066284,691060919755,63,16.01123809814453,22.153139114379883,8.80289077758789,1.7236295490915605,1019731,5593665,1016170,1.131611,1.130178,0.004063
1747830610,9969686765,19596234840,691060923955,64,15.993356704711914,16.963720321655273,14.997482299804688,0.0364087998691719,1039623,4937998,1009977,1.133043,1.114422,0.004005
1747830611,9970864333,19597433436,691060928455,64,16.033649444580078,18.22066307067871,13.794898986816406,0.2160123761883004,1064912,1344904,1013415,1.123016,1.143070,0.004292
1747830612,9972047909,19598603494,691060932715,63,16.08753204345703,17.27604866027832,14.637947082519531,0.07391428495323299,1331768,1331768,1014585,1.128746,1.115854,0.004063
1747830613,9973205951,19599802090,691060937035,64,16.011476516723633,16.7386531829834,15.210628509521484,0.019674710503551348,1032240,1290025,1012505,1.104395,1.143070,0.004120
1747830614,9974407551,19600988670,691060941295,64,16.003131866455078,20.03622055053711,11.998653411865234,0.5878664720270936,1027476,1288891,1009587,1.145935,1.131611,0.004063
1747830615,9975595633,19602158728,691060945675,64,16.004562377929688,21.088123321533203,10.850191116333008,0.8654486907712778,1042371,1467044,1016436,1.133043,1.115854,0.004177
1747830616,9976747667,19603351316,691060949935,63,16.044139862060547,17.43483543395996,14.530181884765625,0.20981005926126087,1036078,1401887,1010326,1.098665,1.137341,0.004063
1747830617,9977934247,19604510860,691060954315,64,15.965700149536133,16.070842742919922,15.891790390014648,0.0012198130508813542,1070109,1205416,1015759,1.131611,1.105827,0.004177
1747830618,9979140353,19605724476,691060958955,64,15.951871871948242,17.191648483276367,13.850927352905273,0.18184815559345754,1034529,1236113,1013454,1.150232,1.157394,0.004425
1747830619,9980313415,19606885582,691060963335,63,15.992403030395508,17.069101333618164,14.748811721801758,0.141867403838586,1045988,1192191,1013562,1.118719,1.107317,0.004177
1747830620,9981486477,19608088684,691060967715,64,15.962600708007812,17.009973526000977,14.98723030090332,0.03421189224428763,1061977,1299165,1011269,1.118719,1.147367,0.004177
1747830621,9982689579,19609263248,691060971975,64,16.01099967956543,18.842697143554688,12.024164199829102,0.4023003317390159,1157217,1336242,1010808,1.147367,1.120152,0.004063
1747830622,9983876159,19610457338,691060976235,64,15.98668098449707,17.17853546142578,14.88637924194336,0.06090816175844246,1029701,1200802,1008940,1.131611,1.138773,0.004063
1747830623,9985032699,19611631902,691060980615,63,15.895366668701172,18.04661750793457,14.917612075805664,0.20381036888234172,1201316,1300200,1011212,1.102962,1.120152,0.004177
1747830624,9986259833,19612824490,691060984995,64,16.06130599975586,16.3266658782959,15.657663345336914,0.004243245067763561,1024300,1359875,1009797,1.170286,1.137341,0.004177
1747830625,9987420879,19613990042,691060989195,63,15.037298202514648,17.145633697509766,13.783931732177734,0.17369583558403584,1043424,1308895,1011114,1.107260,1.111557,0.004005
1747830626,9988634495,19615190140,691060993575,64,15.966176986694336,21.04783058166504,10.969877243041992,0.8400943332556249,1034267,1430927,1010713,1.157394,1.144503,0.004177
1747830627,9989794039,19616343676,691060997895,64,15.947341918945312,17.014503479003906,14.791727066040039,0.1437124676113047,1040818,5000160,1012094,1.105827,1.100098,0.004120
1747830628,9990967161,19617555790,691061002095,64,16.033172607421875,17.01974868774414,15.016794204711914,0.033480792728431456,1026860,7380685,1012953,1.118776,1.155962,0.004005
1747830629,9992132713,19618718338,691061006475,64,15.944957733154297,18.457412719726562,13.030767440795898,0.24300135997844158,1040489,1313884,1019079,1.111557,1.108692,0.004177
1747830630,9993344827,19619927448,691061010675,64,16.001224517822266,17.138004302978516,14.844417572021484,0.0463544254783258,1072776,1235028,1017594,1.155962,1.153097,0.004005
1747830631,9994532909,19621102012,691061015115,63,15.983343124389648,17.037630081176758,14.835596084594727,0.17069006089696181,1032558,2705148,1012189,1.133043,1.120152,0.004234
1747830632,9995693955,19622281082,691061019375,64,15.981197357177734,17.390966415405273,13.832807540893555,0.29181852980132783,1071690,1363021,1013827,1.107260,1.124449,0.004063
1747830633,9996907571,19623460152,691061023695,64,15.966415405273438,17.05622673034668,14.688968658447266,0.11893920660336893,1069070,1296041,1016637,1.157394,1.124449,0.004120
1747830634,9998076127,19624622700,691061028075,63,15.980720520019531,17.024993896484375,14.800548553466797,0.08216181672996586,1030896,1337370,1013819,1.114422,1.108692,0.004177
1747830635,9999249189,19625837818,691061032455,64,15.962362289428711,16.959190368652344,15.013456344604492,0.03147693666825924,1055249,1305138,1010137,1.118719,1.158827,0.004177
1747830636,10000416243,19626989852,691061036715,64,15.995025634765625,17.037391662597656,14.782190322875977,0.0734697914228378,1015925,1277474,1015925,1.112989,1.098665,0.004063
1747830637,10001625353,19628203468,691061041095,63,15.970230102539062,17.00592041015625,14.794588088989258,0.04179325799391435,1015925,1277474,1015925,1.153097,1.157394,0.004177
1747830638,10002741339,19629364514,691061043495,64,16.042470932006836,16.361474990844727,15.633106231689453,0.0048743387494860485,1217872,1322841,1017010,1.064287,1.107260,0.002289
1747830639,10003972979,19630564612,691061044155,40,1.1622905731201172,16.981840133666992,1.1622905731201172,5.597407780747113,1075901,1256781,1010903,1.174583,1.144503,0.000629
1747830640,10005162563,19631757200,691061049691,40,0,16.981840133666992,1.1622905731201172,5.597407780747113,1025239,1454307,1010128,1.134476,1.137341,0.005280
1747830641,10006332621,19632910736,691061054071,54,16.00027084350586,1567.81005859375,15.156745910644531,44578.8488883126,1046479,1402125,1014477,1.115854,1.100098,0.004177
1747830642,10007513193,19634103324,691061058391,64,15.96832275390625,18.895626068115234,13.791561126708984,0.5608581676042914,1202649,1225447,1013007,1.125881,1.137341,0.004120
1747830643,10008702777,19635300418,691061062711,64,15.998363494873047,17.081260681152344,14.92166519165039,0.040955533253521574,1057137,1321860,1014894,1.134476,1.141638,0.004120
1747830644,10009901373,19636473480,691061067411,63,15.984535217285156,17.066001892089844,14.92452621459961,0.14402356480185252,1027435,1307486,1010726,1.143070,1.118719,0.004482
1747830645,10011092459,19637676582,691061071731,64,15.965461730957031,17.061233520507812,14.977693557739258,0.06591707424436673,1040487,1347756,1015192,1.135908,1.147367,0.004120
1747830646,10012256509,19638822608,691061075991,63,15.998363494873047,18.041133880615234,13.985395431518555,0.3268012057493596,1061511,1181956,1013297,1.110125,1.092936,0.004063
1747830647,10013435579,19640025710,691061080371,64,15.953779220581055,17.03357696533203,14.956474304199219,0.06477084771319107,1035655,1260669,1011138,1.124449,1.147367,0.004177
1747830648,10014643187,19641185254,691061084811,64,16.971349716186523,17.99178123474121,14.002323150634766,0.20682292341341366,1094647,1358347,1010288,1.151665,1.105827,0.004234
1747830649,10015837277,19642380846,691061089071,63,13.963937759399414,17.15683937072754,13.963937759399414,0.15489176261864096,1162472,1408480,1016315,1.138773,1.140205,0.004063
1747830650,10017023857,19643562920,691061093391,64,15.989303588867188,18.550872802734375,14.47916030883789,0.24620828928267552,1034221,1363622,1010985,1.131611,1.127314,0.004120
1747830651,10018186405,19644734480,691061097651,64,16.026735305786133,17.406225204467773,13.984441757202148,0.16215484647894274,1034941,1369034,1011515,1.108692,1.117287,0.004063
1747830652,10019368479,19645933076,691061101971,64,15.990734100341797,18.024682998657227,13.976812362670898,0.4283293445875282,1043977,1450894,1016934,1.127314,1.143070,0.004120
1747830653,10020538537,19647101632,691061106291,63,17.047643661499023,17.078161239624023,14.908790588378906,0.12023349233464363,1073696,1362025,1015632,1.115854,1.114422,0.004120
1747830654,10021725117,19648309240,691061110551,64,15.969038009643555,18.021583557128906,13.988018035888672,0.17417752637400322,1073696,1362025,1015632,1.131611,1.151665,0.004063
1747830655,10022910195,19649477796,691061114871,64,16.001462936401367,17.794370651245117,14.934062957763672,0.20758878655396346,1026272,1501127,1011905,1.130178,1.114422,0.004120
1747830656,10024092269,19650676392,691061119251,63,15.995025634765625,19.048452377319336,13.021707534790039,0.33165270700859223,1023770,1233752,1012637,1.127314,1.143070,0.004177
1747830657,10025274343,19651837438,691061123853,64,15.996694564819336,17.063379287719727,14.96124267578125,0.15417463920675706,1249293,3846416,1018184,1.127314,1.107260,0.004389
1747830658,10026429381,19653046548,691061128173,64,16.043424606323242,17.03500747680664,15.008211135864258,0.03349160818781869,1039542,1242256,1012250,1.101530,1.153097,0.004120
1747830659,10027630981,19654200084,691061132553,63,15.997171401977539,18.033504486083984,13.967752456665039,0.2371737244948377,1010677,1426937,1009539,1.145935,1.100098,0.004177
1747830660,10028822067,19655398680,691061136873,64,15.97905158996582,18.4481143951416,14.539003372192383,0.17326209612511204,1033662,1403009,1012180,1.135908,1.143070,0.004120
1747830661,10030005643,19656595774,691061141595,64,15.961647033691406,17.06552505493164,14.97793197631836,0.06130368393832819,1030349,1267561,1012052,1.128746,1.141638,0.004503
1747830662,10031205801,19657764330,691061145795,63,15.981674194335938,17.03667640686035,14.984607696533203,0.03444482407427892,1066758,1305530,1011279,1.144560,1.114422,0.004005
1747830663,10032359337,19658967432,691061149995,64,16.182422637939453,17.55547523498535,14.990806579589844,0.15750682737409757,1041166,3175676,1010830,1.100098,1.147367,0.004005
1747830664,10033554929,19660119466,691061154375,64,16.00813865661621,17.03476905822754,14.996051788330078,0.0653268070270504,1103946,4578096,1013451,1.140205,1.098665,0.004177
1747830665,10034723485,19661321066,691061158635,63,15.970706939697266,17.023801803588867,14.977455139160156,0.03596184321078841,1012794,2695286,1012448,1.114422,1.145935,0.004063
1747830666,10035916393,19662480610,691061163297,64,15.970230102539062,17.060041427612305,14.976978302001953,0.08676152852860591,1177970,1514389,1013761,1.137646,1.105827,0.004446
1747830667,10037095463,19663689720,691061167617,64,16.00170135498047,17.02427864074707,14.984369277954102,0.09340300537241136,1024522,1206701,1013342,1.124449,1.153097,0.004120
1747830668,10038315087,19664849324,691061171877,64,16.041994094848633,17.0135498046875,14.972925186157227,0.03695493153021638,1035059,1290208,1011037,1.163124,1.105885,0.004063
1747830669,10039464117,19666040410,691061176197,63,15.98048210144043,20.102262496948242,12.040138244628906,0.6405860286902645,1192164,4210779,1017360,1.095800,1.135908,0.004120
1747830670,10040658207,19667246516,691061180637,64,15.993356704711914,17.002344131469727,14.988899230957031,0.08915395167775571,1192164,4210779,1017360,1.138773,1.150232,0.004234
1747830671,10041826763,19668419578,691061184777,64,16.011953353881836,17.313241958618164,14.781713485717773,0.10943490997558135,1038015,1242975,1017980,1.114422,1.118719,0.003948
1747830672,10043035873,19669580624,691061189217,63,16.010522842407227,17.4100399017334,14.998435974121094,0.10666351966221714,1064724,2429568,1015557,1.153097,1.107260,0.004234
1747830673,10044165377,19670788232,691061193477,64,16.03221893310547,16.99519157409668,14.992952346801758,0.059786657144789646,1015788,4328724,1015788,1.077179,1.151665,0.004063
1747830674,10045368479,19671970306,691061198259,64,17.056941986083984,17.056941986083984,14.948844909667969,0.07392097357855401,1033696,1163498,1013790,1.147367,1.127314,0.004560
1747830675,10046580593,19673128348,691061202399,63,16.081809997558594,19.097566604614258,12.834787368774414,0.476132361872682,1038032,2827508,1009421,1.155962,1.104395,0.003948
1747830676,10047755157,19674341964,691061206719,64,15.916585922241211,16.865253448486328,14.888525009155273,0.0920067229660107,1021824,5751850,1012617,1.120152,1.157394,0.004120
1747830677,10048959761,19675522536,691061210979,64,16.089439392089844,20.39790153503418,12.51220703125,1.248131612750887,1077282,3981586,1010391,1.148800,1.125881,0.004063
1747830678,10050048711,19676679076,691061214399,64,15.96212387084961,19.18196678161621,12.878179550170898,0.7693343436875438,1021962,1177375,1011901,1.038504,1.102962,0.003262
1747830679,10051296873,19677883680,691061214999,48,8.185625076293945,17.030000686645508,8.185625076293945,1.35594341524088,1034005,1384707,1011343,1.190340,1.148800,0.000572
1747830680,10052493967,19679062750,691061219635,48,0,17.030000686645508,8.185625076293945,1.35594341524088,1040959,3401902,1013128,1.141638,1.124449,0.004421
1747830681,10053662523,19680238816,691061223895,45,11.819124221801758,1583.8658809661865,11.819124221801758,54599.73945287611,1030653,4372504,1013191,1.114422,1.121584,0.004063
1747830682,10054858115,19681450930,691061228595,63,16.0062313079834,17.215490341186523,14.906883239746094,0.17746468765317586,1066720,2579128,1010089,1.140205,1.155962,0.004482
1747830683,10056011651,19682625494,691061232795,64,15.967845916748047,17.052650451660156,14.992237091064453,0.09594474325027877,1066720,2579128,1010089,1.100098,1.120152,0.004005
1747830684,10057216255,19683785038,691061237115,63,16.985654830932617,18.513202667236328,13.462305068969727,0.3148550951124059,1034745,1356476,1012592,1.148800,1.105827,0.004120
1747830685,10058408843,19684974622,691061241495,64,11.85464859008789,20.085573196411133,11.85464859008789,0.5873372401765664,1037294,1304485,1010801,1.137341,1.134476,0.004177
1747830686,10059596925,19686144680,691061245815,64,15.999078750610352,17.902135848999023,13.95726203918457,0.32399429891683174,1196525,1246736,1009347,1.133043,1.115854,0.004120
1747830687,10060763979,19687326754,691061250015,64,15.856266021728516,17.000198364257812,14.976739883422852,0.11826811489027642,1034610,5134485,1010828,1.112989,1.127314,0.004005
1747830688,10061932535,19688522346,691061254335,64,16.18671417236328,17.473220825195312,14.530420303344727,0.13231685675787908,1021823,3424516,1013797,1.114422,1.140205,0.004120
1747830689,10063141645,19689710428,691061258655,63,14.99485969543457,23.350238800048828,9.608983993530273,1.6406212952296244,1055111,1279471,1011473,1.153097,1.133043,0.004120
1747830690,10064340241,19690878984,691061263317,64,16.091585159301758,18.00537109375,13.982772827148438,0.2339154898622002,1027311,2609748,1013827,1.143070,1.114422,0.004446
1747830691,10065484765,19692088094,691061267637,64,15.996217727661133,17.069101333618164,14.934778213500977,0.11052721637779224,1033802,1239502,1011631,1.091503,1.153097,0.004120
1747830692,10066698381,19693265662,691061271957,64,15.993118286132812,17.014265060424805,14.942646026611328,0.06297269367834891,1020847,1310591,1011969,1.157394,1.123016,0.004120
1747830693,10067856423,19694456748,691061276157,63,16.96300506591797,17.011165618896484,14.967203140258789,0.07901745068967565,1063053,1280542,1013461,1.104395,1.135908,0.004005
1747830694,10069059525,19695632814,691061280717,64,16.002178192138672,16.832351684570312,14.982461929321289,0.07201664606257421,1130004,1288129,1009657,1.147367,1.121584,0.004349
1747830695,10070243101,19696801370,691061284977,64,14.977216720581055,17.112255096435547,14.87421989440918,0.20141995665119977,1037947,3173447,1017286,1.128746,1.114422,0.004063
1747830696,10071399701,19698001468,691061289357,63,16.030311584472656,16.093969345092773,15.88892936706543,0.0011303774177523998,1034981,1343986,1011937,1.103020,1.144503,0.004177
1747830697,10072602803,19699180538,691061293677,64,16.05510711669922,20.125865936279297,11.853694915771484,0.6370513984329838,1034307,1290487,1012974,1.147367,1.124449,0.004120
1747830698,10073762347,19700341584,691061297817,63,16.037940979003906,16.13473892211914,15.865087509155273,0.0012388670605045665,1046346,2972760,1011847,1.105827,1.107260,0.003948
1747830699,10074959441,19701523658,691061302317,64,16.028404235839844,20.04265785217285,11.994361877441406,0.7127642270393766,1034235,3458471,1012471,1.141638,1.127314,0.004292
1747830700,10076158037,19702732768,691061306517,64,16.024112701416016,17.50349998474121,14.488935470581055,0.10824049620839529,1036840,1353356,1013866,1.143070,1.153097,0.004005
1747830701,10077334103,19703916344,691061310957,64,16.04008674621582,16.556262969970703,15.453338623046875,0.010839486952877054,1024698,2401327,1011646,1.121584,1.128746,0.004234
1747830702,10078511671,19705089406,691061315559,64,15.995025634765625,18.00990104675293,14.043807983398438,0.16475854282405744,1027947,1232973,1009875,1.123016,1.118719,0.004389
1747830703,10079705761,19706280492,691061319639,63,16.004085540771484,16.984224319458008,15.063047409057617,0.03286862284993458,1027123,4446863,1017929,1.138773,1.135908,0.003891
1747830704,10080881827,19707447546,691061320179,53,15.707969665527344,16.21246337890625,15.707969665527344,0.005506766072723956,1043883,1452413,1012892,1.121584,1.112989,0.000515
1747830705,10082068407,19708622110,691061324275,53,0,16.21246337890625,15.707969665527344,0.005506766072723956,1033681,1399033,1014728,1.131611,1.120152,0.003906
1747830706,10083256489,19709817702,691061328937,41,15.994787216186523,1562.2894763946533,14.992475509643555,58281.01322065251,1036965,1241502,1011632,1.133043,1.140205,0.004446
1747830707,10084417535,19711002780,691061333377,63,15.904903411865234,17.03500747680664,14.958858489990234,0.09578679963578245,1036372,1441768,1009888,1.107260,1.130178,0.004234
1747830708,10085601111,19712171336,691061337577,64,16.036510467529297,16.95108413696289,15.028715133666992,0.03062099327919447,1036229,1248624,1014574,1.128746,1.114422,0.004005
1747830709,10086801209,19713378944,691061342277,64,16.00337028503418,17.015695571899414,14.99629020690918,0.034270817315263484,1040457,1266112,1011547,1.144503,1.151665,0.004482
1747830710,10087996801,19714564022,691061346657,63,15.924930572509766,18.12458038330078,13.847827911376953,0.21191189666673524,1039257,1147545,1014089,1.140205,1.130178,0.004177
1747830711,10089162353,19715747598,691061351139,64,15.864849090576172,19.96159553527832,13.03243637084961,0.5279492760690412,1019894,5037098,1007408,1.111557,1.128746,0.004274
1747830712,10090345929,19716922162,691061355519,64,16.028881072998047,18.39447021484375,12.6495361328125,0.4649308926273619,1032264,1194390,1014040,1.128746,1.120152,0.004177
1747830713,10091543023,19718114810,691061359719,63,16.01552963256836,17.506837844848633,13.966798782348633,0.19670853200587318,1035089,1223288,1011662,1.141638,1.137398,0.004005
1747830714,10092699563,19719289374,691061364099,64,16.0672664642334,18.059253692626953,13.861894607543945,0.1733481629905127,1032792,1521260,1017675,1.102962,1.120152,0.004177
1747830715,10093892151,19720472950,691061368419,64,16.01433753967285,17.000913619995117,15.001296997070312,0.04423174175271717,1214898,1516652,1012320,1.137341,1.128746,0.004120
1747830716,10095084739,19721635498,691061372799,63,15.970706939697266,17.290353775024414,13.707876205444336,0.18837877359157068,1029296,1501831,1010691,1.137341,1.108692,0.004177
1747830717,10096266813,19722849114,691061376939,64,15.988826751708984,17.03500747680664,14.690637588500977,0.18046069696418476,1123442,1231134,1011262,1.127314,1.157394,0.003948
1747830718,10097456397,19724028184,691061381079,64,15.963315963745117,18.136262893676758,13.849020004272461,0.2217766502330308,1016098,1384484,1014205,1.134476,1.124449,0.003948
1747830719,10098611435,19725187728,691061382039,57,3.1087398529052734,19.011735916137695,3.1087398529052734,3.239377160019321,1169464,2509044,1010737,1.101530,1.105827,0.000916
1747830720,10099798015,19726419368,691061385937,57,0,19.011735916137695,3.1087398529052734,3.239377160019321,1043326,3599524,1010121,1.131611,1.174583,0.003717
1747830721,10100993607,19727569900,691061390137,35,16.0372257232666,1594.9320793151855,15.806436538696289,71167.77373156982,1032409,3743272,1009590,1.140205,1.097233,0.004005
1747830722,10102175681,19728736954,691061394517,63,16.030073165893555,19.411802291870117,13.918638229370117,0.3796474489860291,1015397,1288607,1011445,1.127314,1.112989,0.004177
1747830723,10103296165,19729920530,691061399179,64,16.01862907409668,17.978429794311523,13.971567153930664,0.17907878713481876,1033110,2651798,1009534,1.068577,1.128746,0.004446
1747830724,10104475235,19731054532,691061403439,64,16.005277633666992,20.259618759155273,11.646032333374023,1.0644662685831825,1045209,1300806,1013802,1.124449,1.081469,0.004063
1747830725,10105703871,19732275658,691061407819,64,16.014814376831055,18.200397491455078,14.008760452270508,0.2553666284420289,1017173,2832788,1011999,1.171719,1.164557,0.004177
1747830726,10106900965,19733453226,691061412079,63,16.000747680664062,20.235776901245117,11.817693710327148,0.8970834407887835,1066208,4144013,1012023,1.141638,1.123016,0.004063
1747830727,10108119087,19734696882,691061416459,64,16.004085540771484,17.931222915649414,13.008594512939453,0.3213816336856145,1041876,1299411,1014326,1.161692,1.186043,0.004177
1747830728,10109313177,19735898482,691061421121,64,15.831947326660156,18.021583557128906,14.026165008544922,0.18948842979707892,1046881,3090156,1010153,1.138773,1.145935,0.004446
1747830729,10110534303,19737094134,691061425381,63,16.580820083618164,17.483949661254883,14.959096908569336,0.16193749360629958,1066988,1315541,1013642,1.164557,1.140263,0.004063
1747830730,10111758813,19738318264,691061429761,64,16.054630279541016,19.003629684448242,12.991189956665039,0.40699132211973665,1024696,1216698,1014289,1.167784,1.167421,0.004177
1747830731,10112948397,19739530378,691061434081,64,16.00790023803711,18.85366439819336,13.128519058227539,0.332534905992173,1042798,1281243,1013750,1.134476,1.155962,0.004120
1747830732,10114149997,19740734982,691061438461,64,15.993595123291016,20.120859146118164,11.849641799926758,0.6982389521688559,1035179,1204738,1012429,1.145935,1.148800,0.004177
1747830733,10115386143,19741930574,691061442721,63,16.000032424926758,19.741296768188477,13.274192810058594,0.5005931186448391,1038224,2120527,1017309,1.178881,1.140205,0.004063
1747830734,10116581735,19743153202,691061447041,64,15.985727310180664,17.080307006835938,14.939546585083008,0.10069079443795333,1036130,1328563,1013170,1.140205,1.165989,0.004120
1747830735,10117798355,19744402866,691061451301,64,16.010046005249023,17.05145835876465,15.022039413452148,0.06490380270831904,1045591,2827552,1011156,1.160259,1.191772,0.004063
1747830736,10118971417,19745544386,691061456365,64,15.990972518920898,17.03357696533203,14.95981216430664,0.10045038114860978,1069959,1248367,1010844,1.118719,1.088638,0.004829
1747830737,10120207563,19746762508,691061460685,63,16.0369873046875,17.05026626586914,14.92452621459961,0.09021894578201,1038007,4446460,1011308,1.178881,1.161692,0.004120
1747830738,10121403155,19747995650,691061465005,64,16.016006469726562,17.10224151611328,14.937162399291992,0.09126965381703543,1031414,1253121,1011550,1.140205,1.176016,0.004120
1747830739,10122622779,19749218278,691061469325,64,15.98978042602539,16.980886459350586,14.978170394897461,0.06158742958600535,1277812,7649276,1011159,1.163124,1.165989,0.004120
1747830740,10123819873,19750377822,691061473585,63,15.993118286132812,16.168832778930664,15.797615051269531,0.002813784501964311,1017616,1436950,1010839,1.141638,1.105827,0.004063
1747830741,10125025979,19751621478,691061477845,64,15.981674194335938,16.640186309814453,14.975309371948242,0.02721325472291981,3238176,3238176,1012111,1.150232,1.186043,0.004063
1747830742,10126254615,19752829086,691061482225,64,16.028165817260742,17.012357711791992,15.000581741333008,0.03509730747804221,1037485,1267936,1010989,1.171719,1.151665,0.004177
1747830743,10127441195,19754047208,691061486545,63,16.024112701416016,17.221927642822266,14.813423156738281,0.055562036486799915,1041065,1385603,1015005,1.131611,1.161692,0.004120
1747830744,10128651807,19755239796,691061490925,64,16.013145446777344,17.72785186767578,14.950275421142578,0.195630237693363,1035423,1261567,1010573,1.154530,1.137341,0.004177
1747830745,10129892459,19756421870,691061495125,64,16.00360870361328,19.089460372924805,12.953519821166992,0.44499864949864776,1021597,3198894,1010829,1.183178,1.127314,0.004005
1747830746,10131058011,19757636988,691061499505,63,16.050100326538086,18.02849769592285,14.036178588867188,0.25035283917220225,1103432,2726737,1013363,1.111557,1.158827,0.004177
1747830747,10132307675,19758873134,691061504025,64,16.03555679321289,19.519567489624023,13.465642929077148,0.4566350383616248,1038478,2712870,1017796,1.191772,1.178881,0.004311
1747830748,10133503267,19760098766,691061508345,64,16.028404235839844,16.983509063720703,15.012741088867188,0.033041543995638946,1036686,1388299,1013395,1.140205,1.168854,0.004120
1747830749,10134709373,19761288350,691061512665,63,16.001462936401367,20.177125930786133,12.834310531616211,0.5332038998651216,1026547,1374857,1010201,1.150232,1.134476,0.004120
1747830750,10135925993,19762468922,691061516985,64,16.154766082763672,17.038583755493164,15.110254287719727,0.033067786292012735,1040214,1295624,1012203,1.160259,1.125881,0.004120
1747830751,10137106565,19763676530,691061521707,64,15.991449356079102,16.541242599487305,15.007972717285156,0.02650502121345607,1137255,3427625,1013001,1.125881,1.151665,0.004503
1747830752,10138323185,19764939712,691061526027,63,15.999555587768555,16.901493072509766,14.97793197631836,0.08003436525702837,1162331,1238065,1010835,1.160259,1.204664,0.004120
1747830753,10139535299,19766117280,691061530347,64,16.00480079650879,17.244815826416016,14.755964279174805,0.0933937005816614,1102583,1307299,1013292,1.155962,1.123016,0.004120
1747830754,10140747413,19767302358,691061531847,64,14.162778854370117,20.12157440185547,11.82103157043457,0.6568012761873637,1026496,1242069,1014100,1.155962,1.130178,0.001431
1747830755,10141977551,19768550520,691061534623,64,0,20.12157440185547,11.82103157043457,0.6568012761873637,1077748,2356916,1012849,1.173151,1.190340,0.002647
1747830756,10143168637,19769726586,691061538883,28,16.011476516723633,1591.0069942474365,14.852285385131836,88473.9265069202,1174129,1546849,1013770,1.135908,1.121584,0.004063
1747830757,10144379249,19770943206,691061543203,64,16.027450561523438,17.07148551940918,14.63627815246582,0.2508801829098791,1050848,1347646,1012055,1.154530,1.160259,0.004120
1747830758,10145598873,19772180854,691061547583,63,16.141414642333984,17.038822174072266,14.952659606933594,0.03649864351923548,1015898,1337599,1015898,1.163124,1.180313,0.004177
1747830759,10146815493,19773344904,691061551963,64,16.162872314453125,17.024517059326172,14.97197151184082,0.037042968194091135,1038570,3091541,1011594,1.160259,1.110125,0.004177
1747830760,10147991559,19774552512,691061556223,64,16.01243019104004,17.400264739990234,13.591289520263672,0.263559839390556,1033381,3272254,1013100,1.121584,1.151665,0.004063
1747830761,10149194661,19775809686,691061560423,63,16.01433753967285,17.128705978393555,14.897584915161133,0.041726979232963285,1039016,1325616,1012351,1.147367,1.198935,0.004005
1747830762,10150436815,19776981246,691061564803,64,16.043663024902344,17.040252685546875,14.988422393798828,0.06779666540639982,1020922,1275291,1011616,1.184610,1.117287,0.004177
1747830763,10151636913,19778182846,691061569123,64,16.000032424926758,17.066240310668945,14.969825744628906,0.06770746088166651,1037454,6944160,1009755,1.144503,1.145935,0.004120
1747830764,10152826557,19779391956,691061570803,63,15.98811149597168,19.150495529174805,11.820554733276367,0.5927668719227442,1026043,1300585,1016055,1.134533,1.153097,0.001602
1747830765,10154059699,19780616086,691061573399,4,16.095876693725586,16.095876693725586,16.011953353881836,0.0012120659044335803,1032971,2693607,1013507,1.176016,1.167421,0.002476
1747830766,10155262801,19781808674,691061577659,27,16.048669815063477,1563.875675201416,14.988422393798828,88606.69619672031,1091716,1264774,1011213,1.147367,1.137341,0.004063
1747830767,10156461397,19783016282,691061582381,64,16.019105911254883,17.040252685546875,15.007257461547852,0.03957792842876005,1036846,1285288,1016169,1.143070,1.151665,0.004503
1747830768,10157700547,19784223890,691061586641,63,15.946626663208008,17.01521873474121,15.010356903076172,0.06590468329886127,1036006,1312357,1014557,1.181746,1.151665,0.004063
1747830769,10158872107,19785455590,691061590901,64,15.980243682861328,17.073631286621094,14.965057373046875,0.03828876549027015,1018811,6588026,1012946,1.117287,1.174641,0.004063
1747830770,10160138293,19786670708,691061595341,63,16.00813865661621,17.038822174072266,14.970064163208008,0.13257906058923416,1055287,3342976,1009726,1.207529,1.158827,0.004234
1747830771,10161314359,19787887328,691061599883,64,16.045331954956055,17.08817481994629,14.95218276977539,0.06998178417310465,1073945,1212970,1012961,1.121584,1.160259,0.004332
1747830772,10162533983,19789060390,691061604263,64,16.01696014404297,16.08729362487793,15.928268432617188,0.0012149552801910739,1054210,1354174,1011093,1.163124,1.118719,0.004177
1747830773,10163728073,19790319066,691061608843,63,16.016721725463867,17.03476905822754,14.931678771972656,0.09456279124385712,1025723,1269126,1011797,1.138773,1.200367,0.004368
1747830774,10164937183,19791507148,691061610943,64,15.991926193237305,17.01498031616211,15.006303787231445,0.03325885574146061,1042613,1299028,1012025,1.153097,1.133043,0.002003
1747830775,10166150799,19792684716,691061613239,7,13.103723526000977,16.161441802978516,13.103723526000977,1.1751901149005386,1036250,1221897,1010794,1.157394,1.123016,0.002190
1747830776,10167364415,19793917858,691061617499,24,16.02935791015625,1573.9057064056396,15.038251876831055,100936.73623733214,1045688,2776726,1011786,1.157394,1.176016,0.004063
1747830777,10168547991,19795135980,691061621819,64,16.057491302490234,16.947269439697266,15.06662368774414,0.030135240700528323,1037133,1298892,1013835,1.128746,1.161692,0.004120
1747830778,10169764611,19796306038,691061626259,63,15.993118286132812,17.412424087524414,14.806985855102539,0.12648774042319488,1038452,3082784,1013533,1.160259,1.115854,0.004234
1747830779,10170966211,19797519654,691061630801,64,15.998125076293945,17.054319381713867,14.920949935913086,0.1646288321573937,1062862,1470298,1012486,1.145935,1.157394,0.004332
1747830780,10172193345,19798751294,691061635547,64,15.99431037902832,17.61031150817871,13.965845108032227,0.28359422571751164,1066179,1420145,1014438,1.170286,1.174583,0.004526
1747830781,10173384431,19799957400,691061639807,63,15.99740982055664,18.268346786499023,13.84735107421875,0.15919215399289433,1037409,4810895,1016685,1.135908,1.150232,0.004063
1747830782,10174589035,19801177024,691061644187,64,16.007423400878906,18.098115921020508,13.918399810791016,0.17588803392942606,1051548,2586555,1010575,1.148800,1.163124,0.004177
1747830783,10175801149,19802386134,691061648507,64,16.039133071899414,16.25227928161621,15.713930130004883,0.00426044005158954,1033275,1274815,1011370,1.155962,1.153097,0.004120
1747830784,10177011761,19803578722,691061652827,63,15.969991683959961,17.001628875732422,14.961957931518555,0.0611583435771019,1037701,1225279,1015309,1.154530,1.137341,0.004120
1747830785,10178232887,19804799848,691061657087,64,16.010761260986328,16.995668411254883,14.983177185058594,0.06821819698075018,1052637,1266009,1012966,1.164557,1.164557,0.004063
1747830786,10179445001,19805987930,691061661347,64,16.089916229248047,20.525693893432617,12.44974136352539,0.6056087161903972,1037893,4409968,1011173,1.155962,1.133043,0.004063
1747830787,10180652609,19807212060,691061665787,63,15.978097915649414,16.884326934814453,15.014171600341797,0.033847697977762436,1061537,1324696,1010967,1.151665,1.167421,0.004234
1747830788,10181873735,19808419668,691061670107,64,16.010761260986328,16.521453857421875,15.013694763183594,0.0258314309965102,1015234,4805234,1013059,1.164557,1.151665,0.004120
1747830789,10183021263,19809655814,691061674307,64,16.001224517822266,16.139984130859375,15.815019607543945,0.0032671542835165392,1040391,1263064,1010284,1.094368,1.178881,0.004005
1747830790,10184287449,19810845398,691061678747,64,15.987396240234375,16.686677932739258,14.912843704223633,0.030645364712427473,1025471,1215060,1010858,1.207529,1.134476,0.004234
1747830791,10185478535,19812046998,691061682947,63,15.97738265991211,17.055273056030273,14.95671272277832,0.09353985525196148,1035757,1475709,1011184,1.135908,1.145935,0.004005
1747830792,10186690649,19813268124,691061687387,64,16.002178192138672,17.212629318237305,14.962911605834961,0.1646197173316495,1048082,1285509,1009337,1.155962,1.164557,0.004234
1747830793,10187887743,19814480238,691061691587,64,15.968799591064453,17.02713966369629,15.093564987182617,0.03401416703057663,1018882,2365310,1013178,1.141638,1.155962,0.004005
1747830794,10189116699,19815669822,691061695907,63,14.997243881225586,17.04096794128418,14.997243881225586,0.0948730528717854,1019888,1592811,1015279,1.172024,1.134476,0.004120
1747830795,10190322805,19816878932,691061700569,64,16.20006561279297,17.148733139038086,14.839649200439453,0.06934403936739812,1053420,1335477,1012065,1.150232,1.153097,0.004446
1747830796,10191531915,19818070018,691061704769,64,16.014575958251953,17.030715942382812,14.983177185058594,0.09037157239727261,1420019,1420019,1014695,1.153097,1.135908,0.004005
1747830797,10192723001,19819298654,691061709149,63,15.826225280761719,17.325401306152344,14.679431915283203,0.08813485746789872,1027574,1387245,1012445,1.135908,1.171719,0.004177
1747830798,10193954701,19820510768,691061713469,64,15.995979309082031,17.05622673034668,14.966726303100586,0.13296458383508275,1036183,1350318,1010693,1.174641,1.155962,0.004120
1747830799,10195150293,19821718376,691061717729,64,16.359806060791016,18.033742904663086,13.997316360473633,0.133049620501238,1027681,1244392,1013028,1.140205,1.151665,0.004063
1747830800,10196369917,19822934996,691061722229,63,16.034841537475586,17.052650451660156,15.007972717285156,0.06855271225833932,1022315,3001910,1010935,1.163124,1.160259,0.004292
1747830801,10197559501,19824133592,691061726369,64,16.00170135498047,17.055749893188477,14.964580535888672,0.07319875194777142,1039470,1339979,1011689,1.134476,1.143070,0.003948
1747830802,10198774619,19825354718,691061730629,64,15.986919403076172,17.065048217773438,14.950275421142578,0.1228192554513017,1176881,2759808,1012430,1.158827,1.164557,0.004063
1747830803,10200012267,19826530784,691061735009,64,16.016006469726562,17.034292221069336,14.951705932617188,0.06664283964483336,1138822,3458568,1015894,1.180313,1.121584,0.004177
1747830804,10201176317,19827751910,691061739209,63,15.971183776855469,16.157150268554688,15.812397003173828,0.002522813037213116,1063838,3422669,1012547,1.110125,1.164557,0.004005
1747830805,10202412463,19828986554,691061743589,64,16.020774841308594,17.05455780029297,14.960050582885742,0.035745893321958364,1020609,1218167,1011798,1.178881,1.177448,0.004177
1747830806,10203600545,19830188154,691061748029,64,15.958786010742188,18.06163787841797,13.986349105834961,0.16077378238340645,1024508,1354791,1012755,1.133043,1.145935,0.004234
1747830807,10204818667,19831392758,691061752169,63,15.960693359375,17.018556594848633,14.95361328125,0.06789903510800738,1038071,1395023,1018442,1.161692,1.148800,0.003948
1747830808,10206041295,19832607876,691061756489,64,16.011714935302734,18.508434295654297,14.506816864013672,0.275659423232504,1018620,1375813,1010066,1.165989,1.158827,0.004120
1747830809,10207208349,19833813982,691061760749,63,14.99795913696289,17.019271850585938,14.99795913696289,0.05994450810168046,1201553,1311796,1013452,1.112989,1.150232,0.004063
1747830810,10208438487,19835015582,691061765069,64,16.008853912353516,21.081209182739258,10.923624038696289,0.940664350394831,1050337,2833129,1011106,1.173151,1.145935,0.004120
1747830811,10209664119,19836200660,691061769769,64,15.96975326538086,18.97907257080078,12.983083724975586,0.35187586860410747,1044631,2656515,1015400,1.168854,1.130178,0.004482
1747830812,10210853703,19837438308,691061774283,64,15.999555587768555,18.321514129638672,14.607429504394531,0.2179078263920806,1026694,3016826,1013456,1.134476,1.180313,0.004305
1747830813,10212074829,19838650422,691061778917,63,15.987873077392578,18.05901527404785,13.918638229370117,0.4283790313664725,1025094,2691034,1011942,1.164557,1.155962,0.004419
1747830814,10213243385,19839862536,691061783551,64,16.028881072998047,17.167329788208008,14.900445938110352,0.2755309538118533,1044288,4488338,1011728,1.114422,1.155962,0.004419
1747830815,10214494551,19841065638,691061787931,64,16.07823371887207,17.50659942626953,14.930248260498047,0.17471267051296602,1179710,1352519,1010098,1.193205,1.147367,0.004177
1747830816,10215708167,19842264294,691061792505,63,16.046524047851562,18.217086791992188,14.67585563659668,0.16098796234264728,1035523,1291274,1013875,1.157394,1.143127,0.004362
1747830817,10216917277,19843459886,691061796945,64,16.02768898010254,16.75701141357422,15.109539031982422,0.02786181232414964,1048939,1245103,1010521,1.153097,1.140205,0.004234
1747830818,10218114371,19844696032,691061801265,64,15.998601913452148,17.32468605041504,13.666391372680664,0.3028490963435219,1237705,1482645,1011135,1.141638,1.178881,0.004120
1747830819,10219297947,19845896130,691061805465,63,16.115903854370117,18.99886131286621,12.996912002563477,0.33071567613622743,1020440,1363209,1011125,1.128746,1.144503,0.004005
1747830820,10220541603,19847097730,691061810159,64,16.02315902709961,17.06862449645996,14.970541000366211,0.15483628076233183,1035473,1250336,1010003,1.186043,1.145935,0.004477
1747830821,10221737195,19848309844,691061814419,64,15.993356704711914,17.200469970703125,14.996767044067383,0.15958629755543222,1033252,1254445,1012160,1.140205,1.155962,0.004063
1747830822,10222944803,19849523460,691061815739,51,10.688066482543945,16.940593719482422,10.688066482543945,0.6228027958968596,1046136,1338110,1011870,1.151665,1.157394,0.001259
1747830823,10224174941,19850725060,691061818695,51,0,16.940593719482422,10.688066482543945,0.6228027958968596,1036923,2758197,1010544,1.173151,1.145935,0.002819
1747830824,10225366027,19851941680,691061823075,44,16.128063201904297,1539.3545627593994,13.865232467651367,52712.721279685415,1036649,3839928,1012865,1.135908,1.160259,0.004177
1747830825,10226587153,19853162806,691061827275,64,16.008853912353516,16.993284225463867,14.981269836425781,0.09409798962474848,1062209,1187853,1014880,1.164557,1.164557,0.004005
1747830826,10227806777,19854343378,691061831535,63,16.005992889404297,18.106460571289062,13.85354995727539,0.21275807667243915,1036734,1336115,1011623,1.163124,1.125881,0.004063
1747830827,10228982843,19855543476,691061835915,64,16.019105911254883,18.988847732543945,13.019800186157227,0.571884492902753,1030884,6966363,1010549,1.121584,1.144503,0.004177
1747830828,10230223495,19856796144,691061840609,64,15.734195709228516,18.15056800842285,13.84592056274414,0.3143838198710726,1026391,1416943,1009890,1.183178,1.194637,0.004477
1747830829,10231408573,19857981222,691061844809,63,16.00813865661621,17.08197593688965,14.898061752319336,0.18367920365591286,1099590,1442119,1011329,1.130178,1.130178,0.004005
1747830830,10232614679,19859167802,691061849249,64,17.754316329956055,17.754316329956055,14.975786209106445,0.11566338224480845,1024089,4053788,1017407,1.150232,1.131611,0.004234
1747830831,10233823789,19860379916,691061853389,64,16.080379486083984,18.66888999938965,13.371706008911133,0.30552462183153345,1036150,1221548,1011068,1.153097,1.155962,0.003948
1747830832,10235022445,19861635588,691061857709,63,16.004323959350586,21.881818771362305,10.007143020629883,1.1779214983471884,1025334,2029865,1015862,1.143127,1.197502,0.004120
1747830833,10236278117,19862819164,691061861969,64,16.000986099243164,16.983985900878906,14.770030975341797,0.057886035206744436,1022257,1356831,1009809,1.197502,1.128746,0.004063
1747830834,10237452681,19864028274,691061866289,64,16.02768898010254,16.93558692932129,14.740943908691406,0.04988624544120958,1035863,1337424,1011820,1.120152,1.153097,0.004120
1747830835,10238676811,19865240388,691061870729,63,15.97738265991211,17.203330993652344,15.012264251708984,0.07164151668111894,1040687,4268048,1018423,1.167421,1.155962,0.004234
1747830836,10239866395,19866447996,691061875189,64,15.009164810180664,17.773866653442383,14.188289642333984,0.334848747647613,1067655,1352115,1010234,1.134476,1.151665,0.004253
1747830837,10241075505,19867628568,691061879629,64,16.0372257232666,17.020702362060547,15.007257461547852,0.0983662097343949,1027677,6205955,1012508,1.153097,1.125881,0.004234
1747830838,10242278607,19868870722,691061883889,63,17.14158058166504,17.97628402709961,13.9923095703125,0.25622566880745173,1034844,2589957,1010955,1.147367,1.184610,0.004063
1747830839,10243483211,19870061808,691061888029,64,17.017126083374023,18.014907836914062,14.01829719543457,0.24385020674808583,1037932,1567347,1015371,1.148800,1.135908,0.003948
1747830840,10244719357,19871257400,691061892409,64,14.86063003540039,17.047643661499023,14.86063003540039,0.09523226296884872,1077375,1272762,1009145,1.178881,1.140205,0.004177
1747830841,10245957005,19872499554,691061896849,63,16.003131866455078,16.995668411254883,15.695810317993164,0.019624096022367907,1033304,2705205,1013117,1.180313,1.184610,0.004234
1747830842,10247118051,19873711668,691061900989,64,16.0219669342041,18.208980560302734,14.062166213989258,0.18177226188115805,1023068,1353012,1015427,1.107260,1.155962,0.003948
1747830843,10248330165,19874920778,691061905549,64,15.981197357177734,17.03953742980957,14.792919158935547,0.0718427807629357,1021768,2352789,1011349,1.155962,1.153097,0.004349
1747830844,10249515243,19876120876,691061909283,64,15.945911407470703,16.559839248657227,15.531301498413086,0.010602639975808015,1059361,4736193,1010592,1.130178,1.144503,0.003561
1747830845,10250769413,19877331488,691061909823,19,14.528512954711914,16.070842742919922,14.528512954711914,0.11556462216807024,1031796,2383975,1013733,1.196070,1.154530,0.000515
1747830846,10251951487,19878525578,691061914339,10,16.026020050048828,1589.4503593444824,13.987064361572266,244516.57356170344,1034585,1467736,1011382,1.127314,1.138773,0.004307
1747830847,10253196645,19879722672,691061918659,64,15.975236892700195,17.48490333557129,14.947652816772461,0.2124074526671044,1034703,2774424,1015213,1.187475,1.141638,0.004120
1747830848,10254372711,19880951308,691061922919,63,16.028404235839844,16.566753387451172,15.018224716186523,0.04784473318583037,1056555,1298053,1012264,1.121584,1.171719,0.004063
1747830849,10255577315,19882169430,691061927179,64,15.950441360473633,16.54672622680664,15.01011848449707,0.04990871238360024,1030385,3088032,1016718,1.148800,1.161692,0.004063
1747830850,10256787927,19883342492,691061931439,64,15.985965728759766,16.2050724029541,15.838861465454102,0.0025417487051852985,1033248,1217046,1013115,1.154530,1.118719,0.004063
1747830851,10258018065,19884574132,691061935759,64,15.98048210144043,16.126155853271484,15.786886215209961,0.0026182282670418576,1029063,1211009,1021518,1.173151,1.174583,0.004120
1747830852,10259186621,19885792254,691061940079,64,15.957117080688477,17.006874084472656,15.001296997070312,0.0349210282880345,1022245,1254690,1010385,1.114422,1.161692,0.004120
1747830853,10260412253,19886975830,691061944399,63,17.029762268066406,23.324966430664062,9.000062942504883,1.7088324790369358,1049704,1211371,1015008,1.168854,1.128746,0.004120
1747830854,10261636383,19888205968,691061948599,63,17.029762268066406,23.324966430664062,9.000062942504883,1.7088324790369358,1022394,1467591,1012267,1.167421,1.173151,0.004005
1747830855,10262839485,19889391046,691061953039,64,16.030073165893555,16.996145248413086,14.960527420043945,0.07906949539168447,1046923,3969624,1010734,1.147367,1.130178,0.004234
1747830856,10264068121,19890621184,691061957179,64,15.987396240234375,16.18337631225586,15.773534774780273,0.0034484587239172536,1074675,4860985,1011603,1.171719,1.173151,0.003948
1747830857,10265248693,19891806262,691061961499,63,15.986442565917969,18.10908317565918,13.885736465454102,0.14591734398180528,1023901,2753115,1008777,1.125881,1.130178,0.004120
1747830858,10266468637,19893015372,691061965819,64,16.014814376831055,16.10732078552246,15.885591506958008,0.0013016316548435122,1036840,1336820,1010720,1.163429,1.153097,0.004120
1747830859,10267701779,19894239502,691061969839,64,15.712738037109375,16.98923110961914,14.991998672485352,0.1204530135301614,1056951,1398167,1010266,1.176016,1.167421,0.003834
1747830860,10268903379,19895453118,691061970379,22,2.3310184478759766,16.083955764770508,2.3310184478759766,8.477441561682715,1067556,1358256,1012503,1.145935,1.157394,0.000515
1747830861,10270124505,19896642762,691061974295,7,15.996694564819336,1590.6705856323242,15.972614288330078,344389.1554502759,1060958,2793378,1012658,1.164557,1.134533,0.003735
1747830862,10271288555,19897857880,691061978675,64,16.0064697265625,17.019271850585938,14.991521835327148,0.06735149201109428,1042951,3012247,1012773,1.110125,1.158827,0.004177
1747830863,10272521697,19899076002,691061982995,64,16.00050926208496,16.96157455444336,15.033245086669922,0.034218239859646706,1225480,1225480,1010347,1.176016,1.161692,0.004120
1747830864,10273742823,19900276100,691061987135,63,16.005277633666992,17.001867294311523,14.980316162109375,0.06735586993370545,1024973,1219865,1011251,1.164557,1.144503,0.003948
1747830865,10274932407,19901497226,691061991455,64,16.036510467529297,17.016887664794922,15.002012252807617,0.14527305124383888,1152054,3132887,1011369,1.134476,1.164557,0.004120
1747830866,10276131063,19902704834,691061995775,64,16.01099967956543,21.15011215209961,10.848522186279297,0.8448892900919016,1030534,3234962,1009809,1.143127,1.151665,0.004120
1747830867,10277329659,19903910940,691062000095,63,16.007423400878906,19.917011260986328,11.978387832641602,0.610656538894274,1048087,1205515,1012630,1.143070,1.150232,0.004120
1747830868,10278559797,19905138074,691062004415,64,15.996456146240234,16.54505729675293,15.000104904174805,0.02673400944822957,1024698,1336093,1015835,1.173151,1.170286,0.004120
1747830869,10279752385,19906333666,691062008675,64,15.996456146240234,16.54505729675293,15.000104904174805,0.02673400944822957,1024698,1336093,1015835,1.137341,1.140205,0.004063
1747830870,10280976515,19907553290,691062012995,64,15.988826751708984,17.17376708984375,14.788389205932617,0.10351802342452841,1019640,1387847,1009657,1.167421,1.163124,0.004120
1747830871,10282194637,19908732360,691062017435,63,15.992403030395508,17.03500747680664,14.963388442993164,0.09760900805670376,1069009,1366749,1014341,1.161692,1.124449,0.004234
1747830872,10283376711,19909936964,691062021635,64,16.00337028503418,16.99233055114746,14.977216720581055,0.08457145425891294,1054886,4745144,1012068,1.127314,1.148800,0.004005
1747830873,10284596335,19911177616,691062025955,64,16.000747680664062,17.86184310913086,15.005826950073242,0.11579874786492404,1014008,1212338,1014008,1.163124,1.183178,0.004120
1747830874,10285821967,19912355184,691062030215,63,16.026735305786133,17.04859733581543,15.007257461547852,0.03459771855664679,1023707,1173063,1012014,1.168854,1.123016,0.004063
1747830875,10287032579,19913562792,691062034475,64,16.963958740234375,17.006874084472656,14.99319076538086,0.07141944369036361,1043714,3292416,1010301,1.154530,1.151665,0.004063
1747830876,10288216155,19914786922,691062039489,63,15.997648239135742,16.270875930786133,15.751838684082031,0.00382332900360772,1009106,1299237,1009106,1.128746,1.167421,0.004782
1747830877,10289413249,19916003542,691062043689,64,16.003847122192383,17.192602157592773,14.841556549072266,0.07564722090336495,1016523,2298115,1012438,1.141638,1.160259,0.004005
1747830878,10290655403,19917245696,691062048069,64,15.947103500366211,17.109155654907227,14.888286590576172,0.09888906916412059,1058044,2497249,1010045,1.184610,1.184610,0.004177
1747830879,10291858505,19918427770,691062052209,63,15.992403030395508,17.015695571899414,14.858007431030273,0.069761909893412,1066433,1318339,1013186,1.147367,1.127314,0.003948
1747830880,10293064611,19919627868,691062056589,64,15.955209732055664,17.101287841796875,14.000177383422852,0.1552841704108836,1065939,1312162,1011756,1.150232,1.144503,0.004177
1747830881,10294263207,19920817452,691062060969,64,15.955209732055664,17.17829704284668,14.86825942993164,0.0460698988602202,1056177,2615950,1012796,1.143070,1.134476,0.004177
1747830882,10295443779,19922047590,691062065229,63,16.008377075195312,17.01951026916504,14.983654022216797,0.05998065607980495,1027862,2496997,1014715,1.125881,1.173151,0.004063
1747830883,10296702455,19923238676,691062069549,64,15.993118286132812,16.93248748779297,14.821052551269531,0.06475685563904185,1038585,1407084,1014904,1.200367,1.135908,0.004120
1747830884,10297893541,19924471818,691062073869,64,15.993118286132812,16.93248748779297,14.821052551269531,0.06475685563904185,1038585,1407084,1014904,1.135908,1.176016,0.004120
1747830885,10299099647,19925665908,691062078189,64,15.998601913452148,16.329288482666016,15.683650970458984,0.005233472003961166,1109431,3400889,1017126,1.150232,1.138773,0.004120
1747830886,10300326781,19926861500,691062082509,64,16.012907028198242,17.029285430908203,14.98103141784668,0.06589980567488032,1043242,1239539,1011133,1.170286,1.140205,0.004120
1747830887,10301513361,19928103654,691062086709,63,15.968799591064453,16.994953155517578,14.904975891113281,0.06297510580995107,1056590,1377440,1015991,1.131611,1.184610,0.004005
1747830888,10302752511,19929314266,691062091089,64,16.049623489379883,16.973018646240234,14.980792999267578,0.06307235699114085,1055807,1230910,1011225,1.181746,1.154530,0.004177
1747830889,10303928577,19930517368,691062095349,64,16.01386070251465,17.018556594848633,14.945268630981445,0.1556591367559153,1030516,1313249,1012689,1.121584,1.147367,0.004063
1747830890,10305157213,19931697940,691062099669,63,16.016244888305664,17.942428588867188,13.997316360473633,0.22902696523088126,1033154,3799506,1010900,1.171719,1.125881,0.004120
1747830891,10306351303,19932928078,691062103929,64,15.949249267578125,16.957998275756836,14.971017837524414,0.054342394390670436,1053152,1272023,1012650,1.138773,1.173151,0.004063
1747830892,10307575433,19934125172,691062108369,64,15.997171401977539,17.653942108154297,13.97562026977539,0.14581972604668655,1035894,1277565,1010703,1.167421,1.141638,0.004234
1747830893,10308799563,19935344796,691062112749,63,15.996217727661133,17.063379287719727,14.939069747924805,0.1711319495537412,1035981,2374644,1016793,1.167421,1.163124,0.004177
1747830894,10309980135,19936565922,691062117009,64,15.981197357177734,16.8609619140625,14.99485969543457,0.029838505250341856,1033424,1259627,1013926,1.125881,1.164557,0.004063
1747830895,10311190747,19937776534,691062121269,64,16.028165817260742,17.978906631469727,14.043331146240234,0.15560590224250806,1031621,3160843,1010062,1.154530,1.154530,0.004063
1747830896,10312404363,19938979636,691062125649,64,16.002893447875977,17.047882080078125,14.996528625488281,0.06668232526908824,1044681,4658841,1014051,1.157394,1.147367,0.004177
1747830897,10313601457,19940158706,691062129969,64,16.00360870361328,16.10112190246582,15.916109085083008,0.0007374158809406318,1028783,3947814,1011563,1.141638,1.124449,0.004120
1747830898,10314824085,19941370820,691062134229,63,15.984058380126953,16.997337341308594,14.994382858276367,0.08780351593720317,1217286,1365505,1014561,1.165989,1.155962,0.004063
1747830899,10316039203,19942597954,691062138429,63,15.984058380126953,16.997337341308594,14.994382858276367,0.08780351593720317,1217286,1365505,1014561,1.158827,1.170286,0.004005
1747830900,10317254381,19943784534,691062143069,64,15.997648239135742,18.796682357788086,13.183355331420898,0.27888112114154234,1024368,9475132,1011775,1.158884,1.131611,0.004425
1747830901,10318440961,19945020680,691062147389,64,15.999317169189453,20.966529846191406,11.989116668701172,0.6627945842967846,1038610,1244259,1019908,1.131611,1.178881,0.004120
1747830902,10319647067,19946244810,691062151589,64,16.026020050048828,17.019987106323242,15.013933181762695,0.06756911694711085,1297483,2395881,1015375,1.150232,1.167421,0.004005
1747830903,10320856177,19947437398,691062156029,63,15.973567962646484,16.12257957458496,15.874147415161133,0.0016374552429666242,1042301,2992053,1011261,1.153097,1.137341,0.004234
1747830904,10322090821,19948651014,691062160289,64,16.14093780517578,18.96190643310547,13.036966323852539,0.3082207030111805,1058861,1245934,1009931,1.177448,1.157394,0.004063
1747830905,10323298429,19949830084,691062161489,64,15.976905822753906,17.03333854675293,14.98723030090332,0.06638677412124304,1038017,1383758,1015255,1.151665,1.124449,0.001144
1747830906,10324503033,19951066290,691062164565,29,8.136749267578125,16.106605529785156,8.136749267578125,2.1309452898660717,1027525,1378245,1011545,1.148800,1.178938,0.002934
1747830907,10325724159,19952246862,691062168945,29,0,16.106605529785156,8.136749267578125,2.1309452898660717,1116124,4907131,1013134,1.164557,1.125881,0.004177
1747830908,10326939277,19953460478,691062173085,63,16.011714935302734,1580.8594226837158,15.067338943481445,38859.51455722757,1030039,4365271,1013070,1.158827,1.157394,0.003948
1747830909,10328134869,19954675596,691062177465,64,16.015291213989258,17.02404022216797,15.017271041870117,0.03411809905640761,1158153,1624034,1018185,1.140205,1.158827,0.004177
1747830910,10329304927,19955892216,691062181845,64,15.978813171386719,17.606258392333984,14.968633651733398,0.14897460236141574,1023663,1618944,1010645,1.115854,1.160259,0.004177
1747830911,10330526053,19957102828,691062186105,63,15.783548355102539,17.075061798095703,14.94908332824707,0.038390068311027335,1043440,1230457,1015912,1.164557,1.154530,0.004063
1747830912,10331759195,19958292412,691062190425,64,16.003847122192383,17.00901985168457,14.936685562133789,0.08955241948962196,1035421,1323561,1011144,1.176016,1.134476,0.004120
1747830913,10332947277,19959515040,691062194685,64,16.190528869628906,17.011404037475586,15.002012252807617,0.035199372593562726,1120957,1294999,1011726,1.133043,1.165989,0.004063
1747830914,10334169905,19960730158,691062199005,64,16.09659194946289,17.117738723754883,14.90473747253418,0.12761665135575828,1026071,4028185,1011875,1.165989,1.158827,0.004120
1747830915,10335366999,19961924248,691062203205,63,15.470743179321289,17.524242401123047,14.990091323852539,0.12540323323408928,1043365,1257892,1015652,1.141638,1.138773,0.004005
1747830916,10336597137,19963149880,691062207525,64,16.003131866455078,17.052888870239258,14.952421188354492,0.08753354671293245,1023045,1218626,1013565,1.173151,1.168854,0.004120
1747830917,10337759685,19964369504,691062211785,64,15.997886657714844,16.8454647064209,14.904499053955078,0.06604009549042207,1110991,3781473,1010979,1.108692,1.163124,0.004063
1747830918,10338998835,19965542566,691062216285,63,16.022682189941406,16.789674758911133,15.038013458251953,0.027021738006150074,1030616,1184225,1009308,1.181746,1.118719,0.004292
1747830919,10340195929,19966777210,691062220425,64,15.990018844604492,17.091751098632812,14.992475509643555,0.0648083105767742,1042310,4448113,1012430,1.141638,1.177448,0.003948
1747830920,10341448597,19967993830,691062224745,64,16.01696014404297,17.987728118896484,13.970375061035156,0.15478567949273372,1046027,4029682,1018428,1.194637,1.160259,0.004120
1747830921,10342629489,19969174402,691062229125,63,16.037702560424805,18.265485763549805,13.749122619628906,0.26226566854934064,1034631,2127360,1013821,1.126186,1.125881,0.004177
1747830922,10343810061,19970388018,691062233325,64,15.939712524414062,17.126798629760742,15.014410018920898,0.03739937574289964,1037811,1384658,1009679,1.125881,1.157394,0.004005
1747830923,10345059725,19971621160,691062237705,64,15.959024429321289,17.759323120117188,13.982772827148438,0.20721401154883504,1034726,2203758,1010253,1.191772,1.176016,0.004177
1747830924,10346267333,19972810744,691062242085,63,15.982866287231445,16.801834106445312,14.998197555541992,0.02953972834360254,1088285,2569521,1010670,1.151665,1.134476,0.004177
1747830925,10347449407,19974036376,691062246225,64,15.982389450073242,16.7238712310791,14.902591705322266,0.06002557199635495,1069293,1466598,1011590,1.127314,1.168854,0.003948
1747830926,10348694565,19975231968,691062250485,64,15.877246856689453,17.00568199157715,14.98866081237793,0.034705287162110236,1061240,1433201,1010365,1.187475,1.140205,0.004063
1747830927,10349875197,19976465110,691062254805,64,16.00503921508789,16.11471176147461,15.864849090576172,0.001421126145571489,1035351,1368683,1013732,1.125938,1.176016,0.004120
1747830928,10351082805,19977662204,691062259065,63,15.994787216186523,17.03500747680664,14.982461929321289,0.03473116864148308,1075714,1237211,1011179,1.151665,1.141638,0.004063
1747830929,10352287409,19978839772,691062263385,64,15.98978042602539,17.00448989868164,15.250444412231445,0.028862469461995173,1178128,1342440,1010920,1.148800,1.123016,0.004120
1747830930,10353489009,19980048882,691062267705,64,16.043663024902344,17.133474349975586,14.907598495483398,0.16438810736783344,1022145,3014752,1009406,1.145935,1.153097,0.004120
1747830931,10354693613,19981270008,691062272085,63,15.960454940795898,17.037391662597656,14.93525505065918,0.13374795152309976,1025154,1411844,1012759,1.148800,1.164557,0.004177
1747830932,10355901221,19982501648,691062276345,64,17.060518264770508,17.060518264770508,14.822721481323242,0.056985277463050495,1034895,2783780,1012475,1.151665,1.174583,0.004063
1747830933,10357125351,19983692734,691062280665,64,15.988826751708984,17.010927200317383,14.995098114013672,0.04876607424899028,1036701,1206360,1011147,1.167421,1.135908,0.004120
1747830934,10358338967,19984904848,691062285105,63,14.997005462646484,16.966819763183594,14.987945556640625,0.0636242658752304,1024115,2200655,1012918,1.157394,1.155962,0.004234
1747830935,10359576615,19986115460,691062289365,64,16.017913818359375,17.031431198120117,14.946937561035156,0.06821365775662634,1027275,2855644,1012848,1.180313,1.154530,0.004063
1747830936,10360746673,19987344096,691062293685,63,16.014575958251953,17.986774444580078,14.005899429321289,0.15829255429003575,1030837,1224215,1011017,1.115854,1.171719,0.004120
1747830937,10361955783,19988536684,691062297885,64,15.966653823852539,17.03190803527832,14.976739883422852,0.09871949414622583,1046715,1555231,1011138,1.153097,1.137341,0.004005
1747830938,10363191929,19989765320,691062302205,64,14.99795913696289,17.741680145263672,14.01519775390625,0.19303413381872633,1032656,2638316,1011060,1.178881,1.171719,0.004120
1747830939,10364377007,19990953402,691062306645,63,16.02458953857422,17.033815383911133,14.948606491088867,0.0630060030768905,1071891,1262027,1011510,1.130178,1.133043,0.004234
1747830940,10365568093,19992151998,691062311105,65,15.999794006347656,18.21756362915039,14.75214958190918,0.18109209996841624,1167516,1233042,1013223,1.135908,1.143070,0.004253
1747830941,10366801235,19993371622,691062315485,63,16.99542999267578,16.99542999267578,14.993429183959961,0.07837482612402077,1070060,3210373,1011009,1.176016,1.163124,0.004177
1747830942,10368017855,19994553696,691062319685,64,15.995025634765625,17.038822174072266,14.991998672485352,0.13668659365673347,1069700,1304776,1013183,1.160259,1.127314,0.004005
1747830943,10369247993,19995795850,691062324065,64,16.31927490234375,17.041921615600586,14.97030258178711,0.12262990190258795,1073814,2478375,1011744,1.173151,1.184610,0.004177
1747830944,10370434573,19996982430,691062328505,63,16.31784439086914,16.977548599243164,15.031814575195312,0.03441250053143093,1033993,1347493,1010525,1.131611,1.131611,0.004234
1747830945,10371615145,19998215572,691062332645,64,15.999555587768555,17.012357711791992,14.954566955566406,0.08912096330353868,1029021,1261362,1013510,1.125881,1.176016,0.003948
1747830946,10372839275,19999388634,691062336965,63,16.03221893310547,17.459869384765625,14.982223510742188,0.1425833008576711,1034607,3070023,1013166,1.167421,1.118719,0.004120
1747830947,10374055895,20000620274,691062341165,64,15.972614288330078,16.63351058959961,15.038013458251953,0.025042067105218342,1038467,1212390,1009863,1.160259,1.174583,0.004005
1747830948,10375272515,20001823376,691062345545,64,16.0219669342041,18.553733825683594,14.503955841064453,0.20481610903210265,1037101,1401570,1012605,1.160259,1.147367,0.004177
1747830949,10376487633,20003043000,691062349925,63,15.975475311279297,17.048358917236328,14.983177185058594,0.03978324733120421,1034423,1398303,1020261,1.158827,1.163124,0.004177
1747830950,10377683225,20004259620,691062354245,64,17.045259475708008,17.045259475708008,15.073299407958984,0.04651670291261436,1039170,1259786,1010296,1.140205,1.160259,0.004120
1747830951,10378883323,20005459778,691062358565,64,16.01266860961914,18.52893829345703,14.505386352539062,0.23447675648094768,1035093,1290708,1010127,1.144503,1.144560,0.004120
1747830952,10380086425,20006641852,691062362645,63,16.029834747314453,16.05844497680664,15.896797180175781,0.0009094111372151806,1194586,1413326,1011712,1.147367,1.127314,0.003891
1747830953,10381309053,20007877998,691062367145,64,16.032934188842773,16.089677810668945,15.895605087280273,0.0010457002983350397,1034757,1354217,1011837,1.165989,1.178881,0.004292
1747830954,10382533183,20009097622,691062371405,64,15.94996452331543,17.034053802490234,14.979362487792969,0.08631563534581103,1221766,1249959,1013985,1.167421,1.163124,0.004063
1747830955,10383692787,20010288708,691062375665,63,15.96379280090332,16.99542999267578,14.998435974121094,0.03359936577592603,1040279,1313859,1012853,1.105885,1.135908,0.004063
1747830956,10384937945,20011512838,691062379985,64,15.999794006347656,17.583370208740234,14.975309371948242,0.06463462183689068,1049540,3390128,1010466,1.187475,1.167421,0.004120
1747830957,10386162075,20012720446,691062384125,64,15.99740982055664,17.033815383911133,14.940023422241211,0.09182785928376797,1163499,3448043,1016417,1.167421,1.151665,0.003948
1747830958,10387339643,20013908528,691062388625,64,16.011953353881836,18.421173095703125,14.604568481445312,0.29890691143741366,1010992,4591668,1008895,1.123016,1.133043,0.004292
1747830959,10388578793,20015129654,691062392945,64,15.971899032592773,17.06695556640625,14.997005462646484,0.09363311649743737,1024815,2103827,1011717,1.181746,1.164557,0.004120
1747830960,10389775887,20016347776,691062397205,63,15.994787216186523,17.211437225341797,14.642000198364258,0.07757747072598735,1035052,1401197,1016666,1.141638,1.161692,0.004063
1747830961,10390989503,20017537360,691062401465,64,15.990734100341797,17.078399658203125,14.941930770874023,0.1003420446958982,1038231,1323554,1014293,1.157394,1.134476,0.004063
1747830962,10392203119,20018775008,691062405785,64,15.66457748413086,17.223596572875977,14.94598388671875,0.1437280501267904,1035018,1381130,1012726,1.157394,1.180313,0.004120
1747830963,10393413731,20020026174,691062410165,63,15.985488891601562,17.033100128173828,15.002965927124023,0.0670869094119127,1024207,5105905,1010513,1.154530,1.193205,0.004177
1747830964,10394595805,20021158682,691062414745,64,15.952587127685547,17.249584197998047,14.834165573120117,0.1291719607668756,1036365,1314535,1011953,1.127314,1.080044,0.004368
1747830965,10395801911,20022387318,691062417205,64,15.982866287231445,17.989158630371094,13.966560363769531,0.13175457308734354,1042158,1289006,1009987,1.150232,1.171719,0.002346
1747830966,10397032049,20023582910,691062417865,41,15.161514282226562,17.035722732543945,14.979839324951172,0.10401559848105535,1029630,1365562,1016215,1.173151,1.140205,0.000629
1747830967,10398242661,20024795024,691062423341,41,0,17.035722732543945,14.979839324951172,0.10401559848105535,1089776,1225773,1012953,1.154530,1.155962,0.005222
1747830968,10399454775,20026029668,691062427661,53,15.340566635131836,1545.8452701568604,14.922380447387695,44142.7790976439,1022984,1456954,1009163,1.155962,1.177448,0.004120
1747830969,10400665387,20027208738,691062431981,64,17.090559005737305,17.090559005737305,14.764785766601562,0.09009159190642202,1031982,3053165,1010950,1.154530,1.124449,0.004120
1747830970,10401839951,20028405832,691062436181,64,15.99574089050293,17.060518264770508,14.980792999267578,0.0820977513796932,1338485,1338485,1008700,1.120152,1.141638,0.004005
1747830971,10403076097,20029637472,691062440621,63,16.006946563720703,17.026185989379883,15.009164810180664,0.06436338227748964,1025863,1285535,1016633,1.178881,1.174583,0.004234
1747830972,10404291215,20030830060,691062444941,64,15.961408615112305,17.01974868774414,14.933109283447266,0.09621595776698416,1052230,3431271,1019569,1.158827,1.137341,0.004120
1747830973,10405467281,20032054190,691062449321,64,16.006946563720703,16.99233055114746,15.019893646240234,0.036293458199080496,1020459,1472331,1012321,1.121584,1.167421,0.004177
1747830974,10406701925,20033242332,691062453581,63,16.00337028503418,17.011404037475586,14.758110046386719,0.07440175015751999,1036401,1318060,1011931,1.177448,1.133101,0.004063
1747830975,10407850955,20034472470,691062457721,64,15.996694564819336,17.136096954345703,14.71853256225586,0.08040207492962408,1009727,1226066,1009727,1.095800,1.173151,0.003948
1747830976,10409091607,20035674070,691062462221,64,16.034841537475586,16.915321350097656,15.009880065917969,0.03079524518282611,1023373,1393309,1014171,1.183178,1.145935,0.004292
1747830977,10410311231,20036865156,691062466661,63,15.999794006347656,17.69876480102539,14.323234558105469,0.1798536144313896,1154421,1303879,1011517,1.163124,1.135908,0.004234
1747830978,10411511329,20038075768,691062470861,64,16.043901443481445,17.060041427612305,14.965534210205078,0.041137155323890416,1062707,3444419,1010182,1.144503,1.154530,0.004005
1747830979,10412723443,20039304404,691062475241,63,15.991926193237305,17.04263687133789,14.958381652832031,0.11549283949823237,1297087,1334758,1012068,1.155962,1.171719,0.004177
1747830980,10413932553,20040490984,691062479501,64,15.97452163696289,17.133474349975586,14.914751052856445,0.0771890943863752,1034623,1185033,1009263,1.153097,1.131611,0.004063
1747830981,10415150675,20041700094,691062483881,64,16.002416610717773,16.945838928222656,14.992475509643555,0.03898130196674327,1030819,1502255,1008745,1.161692,1.153097,0.004177
1747830982,10416361347,20042910706,691062488141,63,15.89822769165039,18.865585327148438,13.108491897583008,0.3007243091734172,1025334,2294404,1012047,1.154587,1.154530,0.004063
1747830983,10417561445,20044122820,691062489461,64,15.995264053344727,19.168853759765625,12.888431549072266,0.3771622290167252,1025341,1543626,1011539,1.144503,1.155962,0.001259
1747830984,10418769053,20045343946,691062492477,16,16.163110733032227,16.163110733032227,15.955924987792969,0.002104857736008449,1029201,1187417,1011044,1.151665,1.164557,0.002876
1747830985,10419987495,20046563570,691062496677,14,15.99574089050293,1579.8919200897217,14.914512634277344,173664.35399456887,1036848,1543156,1012668,1.161997,1.163124,0.004005
1747830986,10421183087,20047741138,691062501117,64,15.933752059936523,16.997098922729492,15.005350112915039,0.057622544520516565,1048304,1238770,1013739,1.140205,1.123016,0.004234
1747830987,10422426743,20048983292,691062505497,63,15.934467315673828,18.026113510131836,13.990402221679688,0.16913543969100026,1030164,1364043,1012746,1.186043,1.184610,0.004177
1747830988,10423649371,20050178884,691062509817,64,15.999078750610352,17.014026641845703,14.991998672485352,0.05076762830107805,1060897,1369307,1012841,1.165989,1.140205,0.004120
1747830989,10424832947,20051394002,691062514137,64,14.990806579589844,17.307043075561523,14.704704284667969,0.12161534515245068,1020886,1256708,1009909,1.128746,1.158827,0.004120
1747830990,10426024033,20052577578,691062518457,63,15.999317169189453,19.127368927001953,12.846708297729492,0.32965991556903884,1023027,1313496,1009870,1.135908,1.128746,0.004120
1747830991,10427239151,20053791194,691062522777,64,15.981912612915039,17.039060592651367,14.993667602539062,0.03557153595223035,1086346,1292885,1012301,1.158827,1.157394,0.004120
1747830992,10428470791,20055000304,691062527097,64,15.978336334228516,17.066478729248047,14.965295791625977,0.043197962245434984,1033061,1397928,1018539,1.174583,1.153097,0.004120
1747830993,10429669387,20056230442,691062531417,63,15.98048210144043,18.954038619995117,14.575719833374023,0.359627624150086,1031948,1434655,1015753,1.143070,1.173151,0.004120
1747830994,10430886007,20057436548,691062535857,64,15.991687774658203,17.024755477905273,15.00082015991211,0.033651148716754696,1029353,1260631,1011487,1.160259,1.150232,0.004234
1747830995,10432060571,20058623128,691062540067,63,15.930414199829102,17.98701286315918,14.074087142944336,0.26099312409959713,1030635,1399238,1015138,1.120152,1.131611,0.004015
1747830996,10433286203,20059847258,691062544387,64,15.978813171386719,18.50152015686035,13.547420501708984,0.3503379940677875,1040492,1253472,1014671,1.168854,1.167421,0.004120
1747830997,10434486301,20061039906,691062548707,64,15.919208526611328,16.16954803466797,15.859842300415039,0.0021777871543852373,1026661,5241189,1014988,1.144503,1.137398,0.004120
1747830998,10435689403,20062250518,691062553027,64,15.933752059936523,16.99995994567871,14.979839324951172,0.05676991214244519,1035623,1347983,1013801,1.147367,1.154530,0.004120
1747830999,10436907525,20063458126,691062557287,64,15.98811149597168,17.034292221069336,13.985157012939453,0.13482240338049642,1019396,1243687,1011618,1.161692,1.151665,0.004063
1747831000,10438151181,20064674746,691062561667,63,15.98215103149414,17.680883407592773,14.240503311157227,0.263960218052717,1037453,1282745,1009899,1.186043,1.160259,0.004177
1747831001,10439321239,20065906386,691062565927,64,16.004562377929688,18.001079559326172,13.985157012939453,0.1354981032058067,1034476,3791097,1008468,1.115854,1.174583,0.004063
1747831002,10440533353,20067095970,691062570307,64,16.01433753967285,16.9370174407959,15.012741088867188,0.03093329222545107,1074942,3329329,1011390,1.155962,1.134476,0.004177
1747831003,10441742463,20068335120,691062572107,63,15.999794006347656,19.011735916137695,12.986898422241211,0.6537118270799509,1043382,2005307,1012253,1.153097,1.181746,0.001717
1747831004,10442959083,20069520198,691062574903,21,15.208244323730469,17.551660537719727,14.415740966796875,0.3731852848432027,1051766,1176485,1015223,1.160259,1.130178,0.002666
1747831005,10444148667,20070720296,691062579223,8,15.943527221679688,1594.7773456573486,15.901803970336914,305209.8674430194,1067546,1567150,1010855,1.134476,1.144503,0.004120
1747831006,10445386315,20071926402,691062583603,64,15.960693359375,17.041444778442383,15.05422592163086,0.06286974235545316,1040084,2994688,1010824,1.180313,1.150232,0.004177
1747831007,10446568389,20073143022,691062587803,64,15.96975326538086,16.959428787231445,14.963865280151367,0.08140558804467514,1117807,1323691,1010903,1.127314,1.160259,0.004005
1747831008,10447775997,20074356638,691062592123,64,15.757322311401367,17.210006713867188,14.954090118408203,0.132907830643871,1042721,1266594,1010417,1.151665,1.157394,0.004120
1747831009,10448985107,20075558238,691062596443,63,16.037940979003906,17.976999282836914,13.961076736450195,0.40324052777553754,1041542,2332827,1013874,1.153097,1.145935,0.004120
1747831010,10450179257,20076777862,691062600823,64,14.853239059448242,17.035722732543945,14.853239059448242,0.0635689044057316,1037150,4521886,1018075,1.138830,1.163124,0.004177
1747831011,10451430423,20077994482,691062605083,64,16.07799530029297,17.029762268066406,14.9993896484375,0.09129343510415668,1036521,2233985,1009447,1.193205,1.160259,0.004063
1747831012,10452635027,20079172050,691062609403,64,15.989065170288086,16.982555389404297,14.927387237548828,0.10366083288297272,1047697,2740110,1018639,1.148800,1.123016,0.004120
1747831013,10453848643,20080384164,691062613723,63,14.991998672485352,16.960620880126953,14.963865280151367,0.08246654212830856,1022771,1228085,1014269,1.157394,1.155962,0.004120
1747831014,10455033721,20081600784,691062618103,64,16.039371490478516,17.09580421447754,14.864921569824219,0.1347999467211934,1027013,3058357,1016706,1.130178,1.160259,0.004177
1747831015,10456253345,20082838432,691062621823,64,16.002416610717773,19.012451171875,13.035058975219727,0.45002838918982185,1024000,1976686,1010427,1.163124,1.180313,0.003548
1747831016,10457459451,20084034024,691062622423,52,12.089014053344727,17.062902450561523,12.089014053344727,0.4306280461801454,1038493,1368843,1013407,1.150232,1.140205,0.000572
1747831017,10458676071,20085258154,691062626579,52,0,17.062902450561523,12.089014053344727,0.4306280461801454,1028759,1243001,1012541,1.160259,1.167421,0.003963
1747831018,10459879173,20086441730,691062630899,39,15.02227783203125,1598.8235473632812,13.959646224975586,64195.26598053877,1039049,1366713,1011416,1.147367,1.128746,0.004120
1747831019,10461082275,20087643330,691062635099,64,16.063690185546875,17.119407653808594,14.877080917358398,0.07510303979222939,1022630,2618868,1012301,1.147367,1.145935,0.004005
1747831020,10462310911,20088855504,691062639299,64,16.040802001953125,17.98224449157715,14.86825942993164,0.19717317941444984,1021869,3527525,1007966,1.171719,1.156019,0.004005
1747831021,10463494487,20090051096,691062643679,63,16.056060791015625,16.512632369995117,15.50745964050293,0.02000911950777099,1038696,1265699,1011079,1.128746,1.140205,0.004177
1747831022,10464717115,20091278230,691062648059,64,16.034603118896484,18.03135871887207,13.993978500366211,0.16577894285996153,1056180,2524180,1010991,1.165989,1.170286,0.004177
1747831023,10465836099,20092499356,691062652319,64,15.994548797607422,18.113136291503906,13.899087905883789,0.20646319041718791,1060270,1310526,1011928,1.067146,1.164557,0.004063
1747831024,10467048213,20093591304,691062656699,64,15.994071960449219,16.112565994262695,15.838384628295898,0.001862123404270237,1026876,1413378,1010766,1.155962,1.041363,0.004177
1747831025,10468323411,20094825948,691062660719,63,15.969276428222656,17.058849334716797,14.991521835327148,0.06804755473217032,1064694,1231285,1009363,1.216124,1.177448,0.003834
1747831026,10469528015,20096074110,691062661319,54,16.202211380004883,17.01521873474121,14.984369277954102,0.05592580257209112,1038500,1421682,1010865,1.148800,1.190340,0.000572
1747831027,10470749141,20097316264,691062665175,54,0,17.01521873474121,14.984369277954102,0.05592580257209112,1052219,3011892,1011524,1.164557,1.184610,0.003677
1747831028,10471995861,20098528378,691062669755,36,15.99264144897461,1620.793104171753,13.045549392700195,71480.01513963265,1060912,1537405,1014874,1.188965,1.155962,0.004368
1747831029,10473209477,20099788616,691062674075,64,16.01719856262207,17.197608947753906,13.991355895996094,0.15653563500594841,1047014,1427903,1014430,1.157394,1.201857,0.004120
1747831030,10474445623,20100997726,691062678455,63,16.026735305786133,17.173290252685547,14.983177185058594,0.07196983941813603,1035066,4894376,1011143,1.178881,1.153097,0.004177
1747831031,10475695287,20102238378,691062682775,64,15.985727310180664,16.99233055114746,14.943599700927734,0.03626931809235328,1035656,4094397,1012171,1.191772,1.183178,0.004120
1747831032,10476913409,20103468516,691062687035,64,15.966176986694336,19.06442642211914,12.968301773071289,0.7340418348779606,1064541,3031214,1012969,1.161692,1.173151,0.004063
1747831033,10478127025,20104719682,691062691295,63,16.034841537475586,16.707897186279297,14.97340202331543,0.05035664246047033,1019264,1265366,1017604,1.157394,1.193205,0.004063
1747831034,10479391709,20105967844,691062695555,64,15.931367874145508,18.123626708984375,13.853073120117188,0.40400909386205186,1050174,1426579,1016181,1.206097,1.190340,0.004063
1747831035,10480627855,20107170946,691062700055,64,15.952348709106445,17.012357711791992,15.01154899597168,0.049992925199710984,1021368,3166517,1011262,1.178881,1.147367,0.004292
1747831036,10481841471,20108405590,691062704315,63,15.993118286132812,17.002582550048828,15.02680778503418,0.05256481419080247,1038613,2539686,1012792,1.157394,1.177448,0.004063
1747831037,10483094199,20109674780,691062708515,64,15.922784805297852,17.129182815551758,14.957666397094727,0.13469939095670003,1033678,1363497,1011630,1.194695,1.210394,0.004005
1747831038,10484327341,20110898910,691062712835,64,15.973567962646484,17.024755477905273,14.795780181884766,0.07483123865258708,1029906,1493626,1018758,1.176016,1.167421,0.004120
1747831039,10485567993,20112120036,691062717095,64,15.974283218383789,18.018484115600586,13.980627059936523,0.4116313776749949,1036105,1347511,1011623,1.183178,1.164557,0.004063
1747831040,10486793625,20113342664,691062721475,63,16.019105911254883,17.02737808227539,14.966726303100586,0.08244501278692803,1038005,1298787,1014821,1.168854,1.165989,0.004177
1747831041,10488025265,20114599838,691062725735,64,16.004323959350586,17.023563385009766,14.986515045166016,0.14616158912762817,1039662,1250081,1016045,1.174583,1.198935,0.004063
1747831042,10489265917,20115829976,691062730175,63,15.922069549560547,17.043113708496094,14.963388442993164,0.09765113419094154,1036127,1233253,1012439,1.183178,1.173151,0.004234
1747831043,10490536609,20117066122,691062734375,64,15.994548797607422,16.597270965576172,14.940500259399414,0.02848154688909513,1028739,1352223,1012098,1.211826,1.178881,0.004005
1747831044,10491762241,20118282742,691062738695,64,15.999078750610352,17.859220504760742,13.981342315673828,0.15168723341152038,1281816,1281816,1012325,1.168854,1.160259,0.004120
1747831045,10492990877,20119515884,691062742895,64,16.000747680664062,17.069101333618164,14.994621276855469,0.09354622160001222,1022867,3458877,1009190,1.171719,1.176016,0.004005
1747831046,10494165441,20120750528,691062743795,57,6.103277206420898,16.074180603027344,6.103277206420898,1.71851865142882,1036030,3592948,1010008,1.120152,1.177448,0.000858
1747831047,10495397081,20122022782,691062746991,57,0,16.074180603027344,6.103277206420898,1.71851865142882,1035663,1412891,1012757,1.174583,1.213316,0.003048
1747831048,10496654255,20123252920,691062751251,25,15.993595123291016,1747.929573059082,14.987945556640625,119775.01235220455,1036221,1296396,1015796,1.198935,1.173151,0.004063
1747831049,10497846843,20124483058,691062755511,64,16.01576805114746,16.70551300048828,15.348672866821289,0.0209385558215292,1029215,1277780,1012743,1.137341,1.173151,0.004063
1747831050,10499108843,20125726714,691062759891,64,16.00790023803711,17.118215560913086,14.885187149047852,0.0612455292109688,1032316,1294175,1011304,1.203537,1.186043,0.004177
1747831051,10500357005,20126941832,691062764151,63,15.939950942993164,16.9980525970459,15.013694763183594,0.05162249500246218,1036658,1468795,1016157,1.190340,1.158827,0.004063
1747831052,10501579633,20128191496,691062768591,64,15.988588333129883,17.051219940185547,14.913082122802734,0.038049843449136665,1038400,1503914,1011805,1.165989,1.191772,0.004234
1747831053,10502791747,20129411120,691062772791,64,16.669034957885742,17.055511474609375,14.927864074707031,0.10033895427002382,1056762,1326751,1018729,1.155962,1.163124,0.004005
1747831054,10504048921,20130626238,691062777351,63,16.021251678466797,17.052173614501953,14.907121658325195,0.05746320004682965,1058696,3620591,1009821,1.198935,1.158827,0.004349
1747831055,10505304593,20131860882,691062781671,64,15.978813171386719,17.220258712768555,14.774799346923828,0.0815488434854987,1061667,3224214,1012833,1.197502,1.177448,0.004120
1747831056,10506498683,20133115052,691062782751,62,1.0988712310791016,17.04716682434082,1.0988712310791016,3.6638195580913555,1025991,1324357,1014091,1.138773,1.196070,0.001030
1747831057,10507743841,20134328668,691062785587,62,0,17.04716682434082,1.0988712310791016,3.6638195580913555,1228989,2721456,1016207,1.187475,1.157394,0.002705
1747831058,10508957457,20135594854,691062789169,22,16.01552963256836,1739.9084568023682,14.74308967590332,134778.27197825687,1048941,3695921,1013180,1.157394,1.207529,0.003416
1747831059,10510204117,20136823490,691062789769,32,11.070728302001953,17.01498031616211,11.070728302001953,0.8283294549307378,1042084,3727704,1012829,1.188908,1.171719,0.000572
1747831060,10511455283,20138055130,691062794045,32,0,17.01498031616211,11.070728302001953,0.8283294549307378,1191812,1191812,1010924,1.193205,1.174583,0.004078
1747831061,10512662891,20139268746,691062798305,47,15.96522331237793,1795.9516048431396,13.679027557373047,67377.54702679641,1061264,1418659,1012571,1.151665,1.157394,0.004063
1747831062,10513924571,20140555960,691062803087,63,15.99431037902832,17.04549789428711,14.98270034790039,0.09934862371461126,1030610,1255204,1012332,1.203232,1.227583,0.004560
1747831063,10515136685,20141766572,691062807287,64,16.00050926208496,17.060518264770508,14.895915985107422,0.07192073564710612,1083307,1848589,1011096,1.155962,1.154530,0.004005
1747831064,10516395361,20142999714,691062811727,64,16.02935791015625,18.963098526000977,13.048887252807617,0.5060266012362077,1034866,3244612,1012414,1.200367,1.176016,0.004234
1747831065,10517622555,20144220840,691062816047,64,17.009973526000977,19.833803176879883,12.284517288208008,0.5330535778556341,1034846,1413566,1011557,1.170343,1.164557,0.004120
1747831066,10518816645,20145465998,691062820409,64,15.998125076293945,18.09382438659668,14.030218124389648,0.29280846975631436,1027326,2508827,1011227,1.138773,1.187475,0.004160
1747831067,10520051289,20146699140,691062824609,64,16.00050926208496,16.8912410736084,14.824390411376953,0.042434070478762645,1035577,3005988,1010995,1.177448,1.176016,0.004005
1747831068,10521257395,20147912756,691062829069,63,15.954732894897461,17.064332962036133,14.983654022216797,0.1313183909278441,1023870,4791791,1011204,1.150232,1.157394,0.004253
1747831069,10522490537,20149184950,691062833149,64,17.01974868774414,17.057180404663086,14.014244079589844,0.27166839738390747,1066507,3301718,1014475,1.176016,1.213259,0.003891
1747831070,10523762731,20150389614,691062837349,64,15.95616340637207,18.89967918395996,14.10365104675293,0.3833645267319244,1046581,2985525,1013433,1.213259,1.148857,0.004005
1747831071,10524991367,20151615246,691062841489,63,16.058921813964844,18.00537109375,14.821052551269531,0.20778469428020213,1018234,3235593,1009365,1.171719,1.168854,0.003948
1747831072,10526229015,20152849890,691062845869,64,16.050338745117188,16.987085342407227,15.020608901977539,0.03207007862440328,1175962,1350994,1010826,1.180313,1.177448,0.004177
1747831073,10527441129,20154081530,691062850069,64,15.971183776855469,17.160654067993164,14.926910400390625,0.08543442681148916,1175962,1350994,1010826,1.155962,1.174583,0.004005
1747831074,10528720833,20155317676,691062854611,63,15.999317169189453,17.023801803588867,14.719009399414062,0.0459486897775307,1027485,3455549,1011826,1.220421,1.178881,0.004332
1747831075,10529913421,20156592874,691062858931,64,15.990018844604492,19.119739532470703,13.535499572753906,0.33580164671797647,1167078,1222146,1011527,1.137341,1.216124,0.004120
1747831076,10531152571,20157830522,691062863191,63,15.995264053344727,17.025470733642578,14.817476272583008,0.10675486076639679,1032734,1995673,1014680,1.181746,1.180313,0.004063
1747831077,10532412749,20159051648,691062867571,64,16.257047653198242,16.9980525970459,14.99032974243164,0.03572878435515775,1035209,1283187,1014801,1.201799,1.164557,0.004177
1747831078,10533660911,20160295304,691062871891,64,15.98811149597168,17.087697982788086,14.862060546875,0.10503084074019556,1062698,1424749,1012857,1.190340,1.186043,0.004120
1747831079,10534874527,20161511924,691062876211,64,16.03388786315918,20.9043025970459,11.065959930419922,0.8477107524432461,1034585,1271614,1013409,1.157394,1.160259,0.004120
1747831080,10536148223,20162758584,691062880531,64,15.980243682861328,17.033815383911133,14.980077743530273,0.06902537971561244,1044222,1258275,1010683,1.214691,1.188908,0.004120
1747831081,10537370851,20163958682,691062884851,63,16.04914665222168,16.390323638916016,15.617609024047852,0.0066396612707850765,1035503,1164782,1010005,1.165989,1.144503,0.004120
1747831082,10538602491,20165194828,691062889291,64,15.987396240234375,17.070770263671875,14.993667602539062,0.09683055253538797,1047323,2346889,1012092,1.174583,1.178881,0.004234
1747831083,10539864171,20166450500,691062893611,63,15.980720520019531,17.12512969970703,14.95051383972168,0.04030276635306342,1021128,1590813,1013166,1.203232,1.197502,0.004120
1747831084,10541083795,20167692654,691062897931,64,16.041040420532227,16.09015464782715,15.914201736450195,0.0009867365297230749,1100489,1424528,1014287,1.163124,1.184610,0.004120
1747831085,10542321443,20168918286,691062902191,64,16.115665435791016,18.013715744018555,13.989925384521484,0.23008119685860914,1100489,1424528,1014287,1.180313,1.168854,0.004063
1747831086,10543578617,20170152930,691062906631,64,16.000032424926758,18.070220947265625,13.971090316772461,0.41060895482113163,1043847,3083075,1015541,1.198935,1.177448,0.004234
1747831087,10544805751,20171398088,691062910891,63,15.996694564819336,16.220569610595703,15.731573104858398,0.003690396779470825,1034822,1352516,1016273,1.170286,1.187475,0.004063
1747831088,10546071937,20172637238,691062915331,64,15.985250473022461,17.499208450317383,14.462947845458984,0.10687252703774033,1032939,1292031,1012090,1.207529,1.181746,0.004234
1747831089,10547275039,20173847850,691062919591,64,16.02649688720703,19.138813018798828,12.824296951293945,0.3809935025162383,1042114,1269300,1012888,1.147367,1.154530,0.004063
1747831090,10548514189,20175099016,691062923851,63,15.926361083984375,17.0595645904541,14.949321746826172,0.10276679209678274,1184284,1423943,1011321,1.181746,1.193205,0.004063
1747831091,10549744327,20176338166,691062928893,64,15.960931777954102,16.984939575195312,14.946937561035156,0.08944759481158371,1036531,1315403,1013370,1.173151,1.181746,0.004808
1747831092,10550983537,20177572810,691062933153,64,16.020774841308594,17.05455780029297,14.804840087890625,0.1390592003794517,1024271,3586760,1018055,1.181803,1.177448,0.004063
1747831093,10552240711,20178789490,691062937533,64,15.930891036987305,19.16027069091797,12.760162353515625,0.3971158596214237,1024646,1579503,1011271,1.198935,1.160316,0.004177
1747831094,10553500889,20180024134,691062941853,63,16.007184982299805,17.015933990478516,14.995574951171875,0.09643602342070065,1036392,1257816,1012867,1.201799,1.177448,0.004120
1747831095,10554714505,20181254272,691062946113,64,15.882015228271484,18.12458038330078,12.973546981811523,0.3296609746302528,1033409,1329867,1012593,1.157394,1.173151,0.004063
1747831096,10555937133,20182485912,691062950493,64,16.005516052246094,16.99376106262207,14.629364013671875,0.048855471001581476,1159844,1292974,1011620,1.165989,1.174583,0.004177
1747831097,10557152251,20183732572,691062954693,64,16.218900680541992,17.744064331054688,14.989852905273438,0.13602106348999332,1057375,1921071,1009470,1.158827,1.188908,0.004005
1747831098,10558388397,20184967216,691062959013,63,15.907526016235352,18.07379722595215,12.976408004760742,0.3731691686657015,1057375,1921071,1009470,1.178881,1.177448,0.004120
1747831099,10559633555,20186206366,691062959553,41,11.27004623413086,17.04263687133789,11.27004623413086,0.6071150889042087,1065165,1333774,1010449,1.187475,1.181746,0.000515
1747831100,10560824641,20187416978,691062962989,41,0,17.04263687133789,11.27004623413086,0.6071150889042087,1035880,1393433,1014916,1.135908,1.154530,0.003277
1747831101,10562095333,20188650120,691062967249,40,16.01243019104004,1766.7295932769775,15.920877456665039,76575.9450323608,1058765,6009311,1012946,1.211826,1.176016,0.004063
1747831102,10563331479,20189886266,691062971569,64,15.979290008544922,17.060518264770508,14.852523803710938,0.0701616132911915,1036409,2623162,1012789,1.178881,1.178881,0.004120
1747831103,10564548099,20191137432,691062975949,64,15.959501266479492,16.984939575195312,14.99795913696289,0.03200496957951557,1314604,3240567,1011846,1.160259,1.193205,0.004177
1747831104,10565790253,20192378084,691062980149,64,15.988349914550781,19.136905670166016,12.849092483520508,0.3466338278665061,1019110,1435726,1010503,1.184610,1.183178,0.004005
1747831105,10567045925,20193602214,691062984589,63,15.963077545166016,18.05400848388672,13.830184936523438,0.35194297388859785,1045452,1233727,1009998,1.197502,1.167421,0.004234
1747831106,10568276063,20194839862,691062988969,64,15.977621078491211,17.027854919433594,14.844417572021484,0.10023272539197406,1029697,1298813,1009434,1.173151,1.180313,0.004177
1747831107,10569522723,20196059486,691062993169,64,16.065120697021484,17.1051025390625,13.826370239257812,0.1489816773548441,1052971,3177671,1013387,1.188908,1.163124,0.004005
1747831108,10570734837,20197300138,691062997369,63,16.011476516723633,17.13275909423828,14.911651611328125,0.1425550543513693,1037397,1163486,1010393,1.155962,1.183178,0.004005
1747831109,10571975489,20198534782,691063001809,64,15.950918197631836,18.8443660736084,13.035297393798828,0.3985024466802511,1041410,1363458,1013589,1.183178,1.177448,0.004234
1747831110,10573195113,20199761916,691063006129,64,15.982389450073242,17.91977882385254,13.998031616210938,0.28389606742246937,1034562,1208291,1013807,1.163124,1.170286,0.004120
1747831111,10574431259,20201002568,691063010329,63,16.014814376831055,17.17519760131836,13.83352279663086,0.18599581880305355,1034562,1208291,1013807,1.178881,1.183178,0.004005
1747831112,10575673413,20202277766,691063014649,64,15.977621078491211,17.034292221069336,14.816045761108398,0.07746312400572895,1070714,3051059,1016062,1.184610,1.216124,0.004120
1747831113,10576908057,20203491382,691063018909,64,16.036033630371094,17.995834350585938,14.090776443481445,0.22731712292976905,1108304,1404887,1010367,1.177448,1.157394,0.004063
1747831114,10578135511,20204733536,691063023409,63,15.954971313476562,17.20571517944336,14.88804817199707,0.1403727551604354,1033524,1192530,1017643,1.170591,1.184610,0.004292
1747831115,10579395689,20205959168,691063027789,64,15.988349914550781,17.11130142211914,14.856338500976562,0.0722550931911934,1020430,1314626,1012425,1.201799,1.168854,0.004177
1747831116,10580615313,20207199880,691063031929,64,16.03388786315918,17.015695571899414,14.745473861694336,0.11600896665771859,1021912,1233170,1015803,1.163124,1.183235,0.003948
1747831117,10581842447,20208425512,691063036249,63,16.010522842407227,18.19777488708496,13.850688934326172,0.35567935161125175,1155931,2283210,1012138,1.170286,1.168854,0.004120
1747831118,10583087605,20209636124,691063040629,64,16.001462936401367,17.03643798828125,15.006065368652344,0.07293085116321074,1034565,3503378,1009167,1.187475,1.154530,0.004177
1747831119,10584334265,20210873772,691063044889,64,15.96212387084961,17.025470733642578,14.959096908569336,0.10106309855175331,1037887,1322634,1010234,1.188908,1.180313,0.004063
1747831120,10585555451,20212135452,691063049209,63,16.05224609375,17.02880859375,14.966487884521484,0.09821347026666895,1036174,3166422,1018048,1.164614,1.203232,0.004120
1747831121,10586787091,20213341558,691063053409,64,16.01409912109375,16.091346740722656,15.91801643371582,0.0009867527706998922,1060467,8951712,1012786,1.174583,1.150232,0.004005
1747831122,10588014225,20214576202,691063057849,64,15.997648239135742,18.073081970214844,13.993263244628906,0.13574058021631016,1021820,1429826,1012462,1.170286,1.177448,0.004234
1747831123,10589253375,20215845392,691063062451,63,17.054319381713867,18.06020736694336,13.908863067626953,0.265953080472606,1024935,1334766,1010408,1.181746,1.210394,0.004389
1747831124,10590494027,20217069522,691063066711,64,14.897584915161133,17.0900821685791,14.835834503173828,0.1507578083673286,1019863,3723676,1012341,1.183178,1.167421,0.004063
1747831125,10591704639,20218319186,691063071091,64,16.78323745727539,17.11559295654297,13.87166976928711,0.15792759115412058,1054898,3328103,1010919,1.154530,1.191772,0.004177
1747831126,10592921259,20219535806,691063075351,63,16.001224517822266,17.13728904724121,14.929533004760742,0.05032082619711481,1038011,2757675,1010265,1.160259,1.160259,0.004063
1747831127,10594176931,20220756932,691063079611,64,16.039609909057617,17.187833786010742,13.902425765991211,0.22492178800548995,1038667,1153480,1013582,1.197502,1.164557,0.004063
1747831128,10595404065,20222014106,691063084393,64,15.992403030395508,17.04692840576172,14.844894409179688,0.09427205978411572,1027843,2792887,1010139,1.170286,1.198935,0.004560
1747831129,10596644717,20223239738,691063088593,63,15.918493270874023,18.002748489379883,13.950586318969727,0.2260220459455782,1075880,2055982,1010597,1.183178,1.168854,0.004005
1747831130,10597888373,20224454856,691063093033,65,15.999317169189453,16.135454177856445,15.87820053100586,0.0016877512720725463,1128466,1677753,1012220,1.186043,1.158827,0.004234
1747831131,10599121515,20225715034,691063097293,63,16.031503677368164,18.83840560913086,12.019634246826172,0.44855045496832996,1223471,1284533,1012879,1.176016,1.201799,0.004063
1747831132,10600384697,20226948176,691063101933,64,15.991687774658203,17.035484313964844,14.870405197143555,0.07057884192328356,1190350,1315362,1016493,1.204664,1.176016,0.004425
1747831133,10601613333,20228191832,691063106193,64,15.977144241333008,17.10653305053711,14.865398406982422,0.12168955533139493,1056836,1292276,1011308,1.171719,1.186043,0.004063
1747831134,10602831455,20229411456,691063110393,63,15.999794006347656,16.52383804321289,15.44046401977539,0.010427155822326237,1035829,1386313,1010086,1.161692,1.163124,0.004005
1747831135,10604091633,20230623570,691063114833,64,15.99264144897461,17.533540725708008,13.831377029418945,0.26109925480947516,1022202,1289169,1015303,1.201799,1.155962,0.004234
1747831136,10605318767,20231883748,691063119495,64,15.992164611816406,17.043352127075195,14.923810958862305,0.13223658385379697,1059664,1270072,1010627,1.170286,1.201799,0.004446
1747831137,10606544399,20233115388,691063123695,63,16.002893447875977,18.044233322143555,14.965295791625977,0.1013587289734063,1036159,6636631,1012405,1.168854,1.174583,0.004005
1747831138,10607801573,20234353036,691063128015,64,16.004323959350586,17.00901985168457,14.996528625488281,0.06156680870131295,1054591,4712750,1009995,1.198935,1.180313,0.004120
1747831139,10609021197,20235595250,691063132215,64,16.003847122192383,19.954204559326172,12.007713317871094,0.5348856969861543,1033235,3375963,1015857,1.163124,1.184668,0.004005
1747831140,10610242323,20236828392,691063136655,63,15.967845916748047,17.009496688842773,15.021562576293945,0.032281079453642815,1069721,1350038,1016075,1.164557,1.176016,0.004234
1747831141,10611488983,20238034498,691063140855,64,16.019105911254883,16.121625900268555,15.870094299316406,0.0011293988168465826,1022039,3035739,1016623,1.188908,1.150232,0.004005
1747831142,10612731137,20239300684,691063145175,64,16.01576805114746,16.30997657775879,15.69509506225586,0.0038068792372527816,1028821,2411824,1013480,1.184610,1.207529,0.004120
1747831143,10613944753,20240518806,691063149555,63,15.998125076293945,16.96181297302246,14.973163604736328,0.033936365311845566,1036336,2761022,1011020,1.157394,1.161692,0.004177
1747831144,10615212441,20241744438,691063153815,64,16.05534553527832,17.99464225769043,14.822959899902344,0.19705747540157761,1033473,2794356,1012860,1.208961,1.168854,0.004063
1747831145,10616426057,20243004616,691063158195,64,16.033411026000977,17.143726348876953,13.830900192260742,0.11604489636736144,1053131,2082365,1018417,1.157394,1.201799,0.004177
1747831146,10617653191,20244216730,691063162677,63,16.009092330932617,17.06862449645996,14.819860458374023,0.17887883064157167,1162375,1398184,1012975,1.170286,1.155962,0.004274
1747831147,10618910425,20245464892,691063167057,64,16.008853912353516,19.09494400024414,12.91799545288086,0.33920881652498197,1024369,2426750,1013745,1.198992,1.190340,0.004177
1747831148,10620143567,20246710050,691063171497,64,16.026735305786133,17.6999568939209,14.326333999633789,0.09104506817594586,1015868,3743309,1012982,1.176016,1.187475,0.004234
1747831149,10621366195,20247943192,691063175637,63,16.97683334350586,17.033100128173828,14.987468719482422,0.11099123420690497,1042862,3294564,1008412,1.165989,1.176016,0.003948
1747831150,10622588823,20249177836,691063180077,64,16.008615493774414,17.122507095336914,14.968395233154297,0.16794873014455072,1025509,3751910,1012594,1.165989,1.177448,0.004234
1747831151,10623836985,20250391452,691063184559,64,15.969276428222656,17.043113708496094,14.873743057250977,0.10432687665986333,1021925,3452839,1014638,1.190340,1.157394,0.004274
1747831152,10625070127,20251636610,691063189281,64,15.644073486328125,17.049551010131836,14.987707138061523,0.163461800648478,1040401,1283382,1010089,1.176016,1.187475,0.004503
1747831153,10626321293,20252860740,691063193541,63,16.009092330932617,17.00305938720703,14.839649200439453,0.11110176064517838,1138614,1426960,1013839,1.193205,1.167421,0.004063
1747831154,10627510877,20254102894,691063198241,64,16.023874282836914,17.009973526000977,15.036821365356445,0.07298679095932788,1018838,1546611,1011951,1.134476,1.184610,0.004482
1747831155,10628757537,20255337538,691063202903,64,17.03190803527832,17.03190803527832,14.997243881225586,0.04895484618741432,1021417,1302476,1015645,1.188908,1.177448,0.004446
1747831156,10629992181,20256548150,691063207163,64,16.023874282836914,17.380475997924805,14.606475830078125,0.23850992351104913,1039658,1310116,1013089,1.177448,1.154530,0.004063
1747831157,10631247853,20257818842,691063211483,63,15.950441360473633,17.032623291015625,14.996051788330078,0.06993486986603659,1044158,1464339,1020701,1.197502,1.211826,0.004120
1747831158,10632470481,20259042972,691063215743,64,16.080141067504883,17.217636108398438,15.002965927124023,0.07425802408856098,1034319,1501862,1013149,1.165989,1.167421,0.004063
1747831159,10633684097,20260262596,691063219943,63,16.074419021606445,17.025470733642578,15.001058578491211,0.06376319420759048,1037659,5553846,1009863,1.157394,1.163124,0.004005
1747831160,10634936765,20261503248,691063224263,64,15.98978042602539,16.99519157409668,14.71090316772461,0.04448151087588061,1090326,1473313,1010628,1.194637,1.183178,0.004120
1747831161,10636189433,20262754414,691063228583,64,15.946626663208008,16.09206199645996,15.937566757202148,0.0007957500610685654,1040985,2539552,1011030,1.194637,1.193205,0.004120
1747831162,10637428583,20263989118,691063233245,63,15.969991683959961,20.023822784423828,11.985063552856445,0.6250549881746325,1062405,2378631,1010903,1.181746,1.177505,0.004446
1747831163,10638663227,20265213248,691063237565,64,15.938758850097656,17.028093338012695,14.958858489990234,0.09897777036179108,1057070,3493426,1018574,1.177448,1.167421,0.004120
1747831164,10639863325,20266464414,691063241825,64,15.9912109375,17.049551010131836,14.959335327148438,0.09946063141642232,1055268,1261749,1013003,1.144503,1.193205,0.004063
1747831165,10641097969,20267681034,691063246145,64,16.0067081451416,17.029523849487305,14.992237091064453,0.04515685004838819,1191878,2414217,1011430,1.177448,1.160259,0.004120
1747831166,10642338621,20268897654,691063250465,64,15.999317169189453,17.234325408935547,13.783454895019531,0.24580291610536095,1024698,2927301,1015774,1.183178,1.160259,0.004120
1747831167,10643586783,20270159334,691063254785,64,16.005277633666992,17.02737808227539,14.973163604736328,0.09703422148831498,1030478,4429170,1011746,1.190340,1.203232,0.004120
1747831168,10644825933,20271396982,691063259045,63,16.15595817565918,16.396522521972656,15.60211181640625,0.012688329175635563,1022395,1211273,1011111,1.181746,1.180313,0.004063
1747831169,10646060577,20272606092,691063263485,64,15.975713729858398,19.083738327026367,12.928962707519531,0.40621143966488077,1031374,3148859,1010969,1.177448,1.153097,0.004234
1747831170,10647296723,20273851250,691063267745,63,16.039609909057617,17.027616500854492,14.960765838623047,0.12796185205027083,1051101,1286128,1015329,1.178881,1.187475,0.004063
1747831171,10648523857,20275087396,691063272065,64,16.030311584472656,16.087770462036133,15.888214111328125,0.0009992170759240194,1022717,1327966,1013543,1.170286,1.178881,0.004120
1747831172,10649741979,20276331052,691063276265,64,15.987634658813477,17.026662826538086,14.996767044067383,0.033867853416682726,1076145,1351038,1014770,1.161692,1.186043,0.004005
1747831173,10650982631,20277570202,691063280645,64,15.987634658813477,17.026662826538086,14.996767044067383,0.033867853416682726,1023261,1256052,1009017,1.183178,1.181746,0.004177
1747831174,10652208263,20278804846,691063285025,64,14.884233474731445,16.985416412353516,14.711856842041016,0.1211562728323021,1024455,1438858,1011323,1.168854,1.177448,0.004177
1747831175,10653456485,20280043996,691063289345,64,16.057491302490234,18.918514251708984,12.984037399291992,0.3389712995431709,1020508,1231371,1008358,1.190397,1.181746,0.004120
1747831176,10654710655,20281265122,691063293605,64,16.015291213989258,17.03357696533203,14.95218276977539,0.06423278578392226,1067594,1312377,1009741,1.196070,1.164557,0.004063
1747831177,10655942295,20282472730,691063297925,63,15.994548797607422,17.027854919433594,14.817237854003906,0.10651002005769965,1086841,1305161,1010214,1.174583,1.151665,0.004120
1747831178,10657177259,20283737414,691063302647,64,16.03531837463379,17.01807975769043,14.88637924194336,0.06945859196089453,2647888,2647888,1014298,1.177753,1.206097,0.004503
1747831179,10658380361,20284945022,691063306847,64,16.008377075195312,17.978906631469727,13.94200325012207,0.2839776525516484,1123557,1338312,1011166,1.147367,1.151665,0.004005
1747831180,10659643543,20286196188,691063311167,63,16.01552963256836,16.996145248413086,14.821052551269531,0.0701511251669041,1052840,1257243,1016493,1.204664,1.193205,0.004120
1747831181,10660869175,20287411306,691063315367,64,15.958547592163086,16.104698181152344,15.900135040283203,0.0010564998891135374,1059024,1344859,1015695,1.168854,1.158827,0.004005
1747831182,10662102317,20288654962,691063319747,64,15.976428985595703,17.001867294311523,14.776229858398438,0.07410972772924151,1035794,1350180,1010752,1.176016,1.186043,0.004177
1747831183,10663329451,20289928658,691063324067,64,15.976428985595703,17.001867294311523,14.776229858398438,0.07410972772924151,1078680,1078680,1050186,1.170286,1.214691,0.004120
1747831184,10664559589,20291143776,691063328387,63,16.04604721069336,16.076326370239258,15.913724899291992,0.0010129367701883288,1078680,1078680,1050186,1.173151,1.158827,0.004120
1747831185,10665789727,20292405516,691063332767,64,15.968799591064453,16.096115112304688,15.891313552856445,0.001609364280037903,1078680,1078680,1050186,1.173151,1.203289,0.004177
1747831186,10667034885,20293617630,691063336907,64,16.002655029296875,16.99376106262207,15.007734298706055,0.05270391276035029,1078680,1078680,1050186,1.187475,1.155962,0.003948
1747831187,10668253007,20294846266,691063341347,63,15.990018844604492,16.095638275146484,15.858173370361328,0.0015493746205085487,1062300,6225775,1010405,1.161692,1.171719,0.004234
1747831188,10669495161,20296077906,691063345787,64,17.054319381713867,17.551660537719727,14.423370361328125,0.09830747540180464,1030735,3175423,1011854,1.184610,1.174583,0.004234
1747831189,10670723797,20297290020,691063350047,64,15.997886657714844,17.04883575439453,14.790534973144531,0.10038942142982746,1072100,1375240,1012325,1.171719,1.155962,0.004063
1747831190,10671967453,20298553202,691063354307,64,15.716791152954102,17.040729522705078,14.899015426635742,0.07898985342234019,1022812,1273706,1008845,1.186043,1.204664,0.004063
1747831191,10673209607,20299807372,691063358627,64,16.008615493774414,17.940044403076172,14.090776443481445,0.18987607776707208,1059367,3090907,1013966,1.184610,1.196070,0.004120
1747831192,10674472789,20300998458,691063362947,64,15.966653823852539,16.057252883911133,15.93017578125,0.0005467251011815117,1044798,3348253,1012314,1.204664,1.135908,0.004120
1747831193,10675681899,20302242114,691063367387,63,15.910863876342773,17.04096794128418,15.030384063720703,0.05837791235041855,1027199,1303610,1012138,1.153097,1.186043,0.004234
1747831194,10676933065,20303475256,691063371527,64,15.988826751708984,18.048524856567383,14.687299728393555,0.2239635677094009,1034278,1240910,1011674,1.193205,1.176016,0.003948
1747831195,10678194745,20304718912,691063375967,64,15.967607498168945,17.409801483154297,14.553546905517578,0.13229321691333903,1390686,3703822,1014402,1.203232,1.186043,0.004234
1747831196,10679382827,20305962568,691063380427,64,15.967607498168945,17.409801483154297,14.553546905517578,0.13229321691333903,1390686,3703822,1014402,1.133043,1.186043,0.004253
1747831197,10680620475,20307204722,691063384747,63,15.993356704711914,18.015146255493164,14.019489288330078,0.20672404838789435,1067335,3230034,1013668,1.180313,1.184610,0.004120
1747831198,10681880653,20308419840,691063389067,64,15.961408615112305,17.133474349975586,13.870477676391602,0.22166812519021104,1048798,2898568,1010936,1.201799,1.158827,0.004120
1747831199,10683112293,20309655986,691063393327,64,16.009807586669922,17.015695571899414,14.615297317504883,0.08735868071705746,1051861,6998343,1010037,1.174583,1.178881,0.004063
1747831200,10684339427,20310875610,691063397587,64,16.010046005249023,17.1661376953125,13.856172561645508,0.11107372550549015,1034081,8568174,1010506,1.170286,1.163124,0.004063
1747831201,10685556047,20312126776,691063401967,63,15.985727310180664,18.00823211669922,13.83662223815918,0.42537645527513995,1036890,1496226,1011427,1.160259,1.193205,0.004177
1747831202,10686814723,20313349404,691063406167,64,15.861034393310547,17.067670822143555,14.007568359375,0.21358575779135827,1046915,4917025,1010757,1.200367,1.165989,0.004005
1747831203,10688026837,20314579542,691063410547,64,15.935182571411133,17.229318618774414,13.782501220703125,0.1909973867729107,1056140,3419807,1011003,1.155962,1.173151,0.004177
1747831204,10689252469,20315856242,691063414807,63,16.00027084350586,17.055988311767578,14.968395233154297,0.06597295502497626,1045427,3658489,1013582,1.168854,1.217556,0.004063
1747831205,10690511145,20317071360,691063419247,63,16.019105911254883,16.989469528198242,15.04373550415039,0.031357800370671846,1024334,1332642,1016402,1.200367,1.158827,0.004234
1747831206,10691756303,20318289482,691063423327,64,16.00193977355957,20.019054412841797,12.958765029907227,0.5223158712999183,1032680,1268120,1009323,1.187475,1.161692,0.003891
1747831207,10692983437,20319525628,691063427767,64,16.008853912353516,17.124652862548828,14.857769012451172,0.09108095852914748,1049964,1411181,1011291,1.170286,1.178881,0.004234
1747831208,10694204563,20320769344,691063432027,64,15.97905158996582,17.416715621948242,14.88351821899414,0.14704690155915032,1023803,1354740,1014846,1.164557,1.186100,0.004063
1747831209,10695421183,20321981458,691063436347,64,15.97905158996582,17.416715621948242,14.88351821899414,0.14704690155915032,1042579,1285662,1010509,1.160259,1.155962,0.004120
1747831210,10696682863,20323240134,691063440949,63,15.998125076293945,19.051074981689453,12.899398803710938,0.8038765262840566,1035005,2092692,1009392,1.203232,1.200367,0.004389
1747831211,10697919009,20324477782,691063445269,64,15.982627868652344,18.696308135986328,13.299703598022461,0.2687037764074389,1038896,6668846,1009157,1.178881,1.180313,0.004120
1747831212,10699143139,20325709422,691063449649,64,16.018152236938477,17.009735107421875,15.002965927124023,0.03265924669709275,1014787,1355386,1014787,1.167421,1.174583,0.004177
1747831213,10700358257,20326962090,691063453909,64,15.971660614013672,16.531944274902344,14.995813369750977,0.0249641441014839,1128620,1630984,1015921,1.158827,1.194637,0.004063
1747831214,10701592901,20328184718,691063458109,63,15.93780517578125,17.003297805786133,15.006542205810547,0.03327236550607651,1019531,1396797,1010567,1.177448,1.165989,0.004005
1747831215,10702860589,20329416358,691063463011,64,14.955759048461914,17.064571380615234,14.828205108642578,0.10921347797700787,1025164,3167529,1012527,1.208961,1.174583,0.004675
1747831216,10704080213,20330620962,691063467211,64,15.964031219482422,16.0830020904541,15.891075134277344,0.0011687096572557153,1030883,1249337,1017316,1.163124,1.148800,0.004005
1747831217,10705319363,20331855606,691063468171,63,15.984535217285156,18.352270126342773,13.671875,0.206615213869436,1028393,5340563,1013647,1.181746,1.177448,0.000916
1747831218,10706594561,20333124796,691063471987,25,7.205009460449219,17.08531379699707,7.205009460449219,3.456003830670795,1018195,1263905,1017217,1.216124,1.210394,0.003639
1747831219,10707758611,20334338412,691063476187,4,15.959739685058594,1599.0066528320312,15.867948532104492,556929.5216335807,1037149,1963391,1012228,1.110125,1.157394,0.004005
1747831220,10709024857,20335561040,691063480447,64,16.016244888305664,17.587900161743164,13.993024826049805,0.20645691031502525,1035915,1238392,1011753,1.207586,1.165989,0.004063
1747831221,10710241477,20336819716,691063484947,64,15.982389450073242,16.756772994995117,15.294313430786133,0.019811040957993433,1190248,2921737,1010463,1.160259,1.200367,0.004292
1747831222,10711446081,20338046850,691063489027,64,16.001462936401367,17.098665237426758,14.900445938110352,0.11588489851314171,1041838,1322778,1011214,1.148800,1.170286,0.003891
1747831223,10712695745,20339261968,691063493749,63,15.958309173583984,18.013715744018555,13.996362686157227,0.23097037973223897,1035087,1232083,1011259,1.191772,1.158827,0.004503
1747831224,10713942405,20340498114,691063498129,64,16.006946563720703,18.011808395385742,14.032363891601562,0.2678742021203994,1022735,1259159,1016892,1.188908,1.178881,0.004177
1747831225,10715171041,20341741770,691063502389,64,15.965938568115234,19.104719161987305,12.88151741027832,0.30894254869342563,1035962,1347995,1010661,1.171719,1.186043,0.004063
1747831226,10716414697,20342997442,691063506769,63,16.025304794311523,19.011735916137695,13.000011444091797,0.42732362061403867,1017739,2651943,1011368,1.186043,1.197502,0.004177
1747831227,10717622305,20344223074,691063511029,64,16.063451766967773,17.487287521362305,14.016389846801758,0.14769384488748685,1012978,1176936,1010821,1.151665,1.168854,0.004063
1747831228,10718891495,20345469734,691063515289,64,15.967607498168945,17.96412467956543,14.117240905761719,0.21710835425430738,1048664,1235272,1013266,1.210394,1.188908,0.004063
1747831229,10720105111,20346705880,691063519669,64,16.019582748413086,17.83585548400879,14.966964721679688,0.20125704579017165,1039611,1465056,1016166,1.157394,1.178881,0.004177
1747831230,10721359281,20347934516,691063523989,63,16.018152236938477,18.04971694946289,13.966560363769531,0.17114162300528263,1035231,1514215,1010957,1.196070,1.171719,0.004120
1747831231,10722605941,20349169220,691063528369,64,16.047954559326172,16.68715476989746,14.956474304199219,0.03145525479234585,1033680,3536783,1013071,1.188908,1.177505,0.004177
1747831232,10723821059,20350384338,691063532689,64,15.785455703735352,16.718626022338867,14.997720718383789,0.046116393912478536,1032557,1158157,1011482,1.158827,1.158827,0.004120
1747831233,10725084241,20351627994,691063537009,63,16.004323959350586,17.40431785583496,14.610767364501953,0.14866819412399954,1032459,1422683,1016402,1.204664,1.186043,0.004120
1747831234,10726296355,20352850622,691063541209,64,16.01099967956543,17.05646514892578,14.993667602539062,0.06708591849835975,1240370,1320428,1015561,1.155962,1.165989,0.004005
1747831235,10727517481,20354109298,691063545649,64,16.013145446777344,17.175674438476562,15.046834945678711,0.05981171700066257,1029970,4255869,1010697,1.164557,1.200367,0.004234
1747831236,10728771651,20355315404,691063549849,63,15.932798385620117,17.035245895385742,14.998674392700195,0.057978036466365866,1054717,3457860,1011878,1.196070,1.150232,0.004005
1747831237,10730004793,20356566570,691063554109,64,15.978336334228516,18.2492733001709,14.82844352722168,0.19166638809756026,1043143,2538049,1011220,1.176016,1.193205,0.004063
1747831238,10731219911,20357798210,691063558429,64,16.00956916809082,17.01045036315918,15.005111694335938,0.08654432073076462,1091229,1294061,1014960,1.158827,1.174583,0.004120
1747831239,10732457559,20359035858,691063563091,63,15.964746475219727,17.375946044921875,14.962196350097656,0.0845602792430822,1024784,6232729,1009379,1.180313,1.180313,0.004446
1747831240,10733699713,20360275008,691063567725,64,15.978813171386719,17.551422119140625,14.194965362548828,0.19552287220472933,1035607,2783380,1010474,1.184610,1.181746,0.004419
1747831241,10734964717,20361512656,691063572359,64,15.0299072265625,17.062902450561523,14.981508255004883,0.07181729428782342,1038553,2945540,1010094,1.206402,1.180313,0.004419
1747831242,10736188847,20362748802,691063577113,64,15.990495681762695,17.98081398010254,14.031171798706055,0.22479856384747723,1189794,4570568,1013522,1.167421,1.178881,0.004534
1747831243,10737406969,20363953406,691063581373,63,15.985965728759766,19.104957580566406,12.840986251831055,0.4379211828914118,1038643,1977281,1009498,1.161692,1.148800,0.004063
1747831244,10738626593,20365213584,691063585947,64,16.00933074951172,18.28169822692871,13.713359832763672,0.23067028553096747,1029498,1354959,1012581,1.163124,1.201799,0.004362
1747831245,10739885269,20366449730,691063590267,64,16.01243019104004,17.955780029296875,13.959884643554688,0.19657354991848155,1033554,1267009,1010084,1.200367,1.178881,0.004120
1747831246,10741125921,20367693386,691063594647,63,16.015052795410156,17.270326614379883,14.733552932739258,0.10015054677118648,1028378,1240233,1013003,1.183178,1.186043,0.004177
1747831247,10742333529,20368917516,691063598847,64,15.990257263183594,17.02141761779785,14.984846115112305,0.12282475710368138,1151538,1378591,1013113,1.151665,1.167421,0.004005
1747831248,10743590703,20370134136,691063603421,64,16.01886749267578,17.07148551940918,14.955759048461914,0.13857202701607285,1025105,1320383,1011344,1.198935,1.160259,0.004362
1747831249,10744813331,20371397318,691063607741,63,15.99574089050293,17.546653747558594,14.951229095458984,0.1493769779522528,1035676,2352493,1015730,1.165989,1.204664,0.004120
1747831250,10746052481,20372630460,691063612121,64,16.00027084350586,19.26875114440918,12.77303695678711,0.3722076381298381,1049367,1302880,1019431,1.181746,1.176016,0.004177
1747831251,10747309655,20373842574,691063616441,64,16.049861907958984,23.17214012145996,8.791685104370117,1.6765967669072077,1036292,1243693,1008570,1.198935,1.155962,0.004120
1747831252,10748548805,20375071210,691063620641,64,15.99574089050293,17.02880859375,15.007257461547852,0.0647179191144794,1034128,1376474,1009943,1.181746,1.171719,0.004005
1747831253,10749787955,20376314866,691063624961,63,15.978097915649414,19.095659255981445,12.858867645263672,0.31475644427580235,1047042,1236936,1015257,1.181746,1.186043,0.004120
1747831254,10750965523,20377548008,691063629401,64,15.991449356079102,19.004106521606445,13.968229293823242,0.28370892413607507,1170019,1256167,1012230,1.123016,1.176016,0.004234
1747831255,10752251235,20378803680,691063633661,64,15.972137451171875,17.040014266967773,14.973163604736328,0.10163068861057868,1020462,1303906,1016281,1.226151,1.197502,0.004063
1747831256,10753490385,20380036822,691063638415,63,16.000032424926758,17.064809799194336,14.965295791625977,0.12622848674327655,1030176,3011083,1011067,1.181746,1.176016,0.004534
1747831257,10754660443,20381262454,691063642495,64,16.004323959350586,17.239093780517578,14.779329299926758,0.10884612463998579,1154834,1294364,1014056,1.115854,1.168854,0.003891
1747831258,10755923625,20382503106,691063646875,64,16.032695770263672,18.937349319458008,13.473987579345703,0.551574071238772,1034224,1255066,1012230,1.204664,1.183178,0.004177
1747831259,10757156767,20383721228,691063651135,63,15.913248062133789,18.341064453125,14.039993286132812,0.33841319437841666,1161919,1333445,1018462,1.176016,1.161692,0.004063
1747831260,10758371885,20384967888,691063655515,64,13.150453567504883,18.728971481323242,13.150453567504883,0.3049860319416215,1025834,1192954,1010465,1.158827,1.188908,0.004177
1747831261,10759620047,20386205536,691063659975,64,19.0579891204834,19.0579891204834,13.08584213256836,0.4513123128808503,1037505,1359126,1013466,1.190340,1.180313,0.004253
1747831262,10760856193,20387419152,691063664355,64,15.958786010742188,17.925024032592773,12.933492660522461,0.30095306682094786,1056253,3256724,1012694,1.178881,1.157394,0.004177
1747831263,10762078821,20388664310,691063668615,63,16.00503921508789,19.118070602416992,12.84933090209961,0.44736686041355594,1049320,2517699,1019789,1.165989,1.187475,0.004063
1747831264,10763335995,20389907966,691063672995,64,15.719413757324219,17.064332962036133,14.967203140258789,0.05257261617805436,1035760,1305243,1010634,1.198935,1.186043,0.004177
1747831265,10764561627,20391112570,691063677255,64,16.004085540771484,18.646717071533203,13.02480697631836,0.3803099328348777,1024238,2292873,1014528,1.168854,1.148800,0.004063
1747831266,10765775303,20392375752,691063681515,63,16.043901443481445,17.025232315063477,14.963865280151367,0.036177578048344185,1035747,1294381,1011045,1.157452,1.204664,0.004063
1747831267,10767027971,20393604388,691063685835,64,16.03221893310547,17.071962356567383,14.935016632080078,0.15945862967138516,1022638,1410473,1011649,1.194637,1.171719,0.004120
1747831268,10768280639,20394845100,691063690275,64,16.012907028198242,17.071008682250977,14.983415603637695,0.16214101844725246,1031367,1234930,1013135,1.194637,1.183235,0.004234
1747831269,10769498761,20396070732,691063694535,63,16.03531837463379,19.060373306274414,12.866735458374023,0.4291882387652142,1060781,3514772,1009588,1.161692,1.168854,0.004063
1747831270,10770752931,20397282846,691063698915,64,16.001224517822266,17.00305938720703,15.017509460449219,0.03253658006001973,1034065,1449577,1010635,1.196070,1.155962,0.004177
1747831271,10771996587,20398538518,691063703175,64,14.980554580688477,17.05765724182129,14.941930770874023,0.26554881923155005,1033996,1241564,1015067,1.186043,1.197502,0.004063
1747831272,10773199689,20399782174,691063707809,63,16.016006469726562,17.650604248046875,14.342069625854492,0.1452092116347334,1164602,1189583,1011306,1.147367,1.186043,0.004419
1747831273,10774458365,20401021324,691063712189,64,16.030550003051758,18.04327964782715,13.972043991088867,0.1744329028447923,1019420,1351530,1014170,1.200367,1.181746,0.004177
1747831274,10775676487,20402248458,691063716389,64,15.984296798706055,17.959117889404297,14.000892639160156,0.30049074765168965,1041724,1194672,1009070,1.161692,1.170286,0.004005
1747831275,10776896111,20403457568,691063720589,63,16.008615493774414,17.04549789428711,14.931201934814453,0.09790879215897492,1022955,5701004,1011689,1.163124,1.153097,0.004005
1747831276,10778151783,20404731264,691063724909,64,16.00503921508789,17.8678035736084,12.983560562133789,0.3458468719649815,1158204,5374145,1016426,1.197502,1.214691,0.004120
1747831277,10779359391,20405940374,691063727309,64,16.028165817260742,16.984224319458008,14.984607696533203,0.05687977547612718,1205880,1322345,1013735,1.151665,1.153097,0.002289
1747831278,10780600043,20407182528,691063728539,37,14.145851135253906,17.113208770751953,14.145851135253906,0.16016942044277332,1019890,5331481,1012375,1.183178,1.184610,0.001173
1747831279,10781842197,20408406658,691063733385,37,0,17.113208770751953,14.145851135253906,0.16016942044277332,1023194,1204681,1011395,1.184610,1.167421,0.004622
1747831280,10783081347,20409669840,691063737765,53,15.986919403076172,1608.905553817749,13.005971908569336,47857.19418798314,1020868,2855483,1013068,1.181746,1.204664,0.004177
1747831281,10784302473,20410898476,691063742085,64,17.00139045715332,17.03810691833496,14.957666397094727,0.1333288163839105,1054669,4365442,1015049,1.164557,1.171719,0.004120
1747831282,10785582177,20412119602,691063746725,64,16.022682189941406,16.680479049682617,15.032291412353516,0.03295745569368379,1024586,1255007,1011197,1.220421,1.164557,0.004425
1747831283,10786794291,20413343732,691063750925,64,16.00790023803711,17.06385612487793,13.992071151733398,0.1676674039441202,1048060,5014389,1014383,1.155962,1.167421,0.004005
1747831284,10788013915,20414614424,691063755365,63,15.840768814086914,24.11365509033203,7.860422134399414,2.198661325013736,1066510,1238723,1011617,1.163124,1.211826,0.004234
1747831285,10789254567,20415802506,691063759565,64,16.000986099243164,17.017126083374023,14.979839324951172,0.12610046774676043,1028758,1246417,1012360,1.183178,1.133043,0.004005
1747831286,10790519251,20417073198,691063763945,64,15.914678573608398,17.0595645904541,14.937877655029297,0.10383355592921877,1097477,2721415,1014142,1.206097,1.211826,0.004177
1747831287,10791710337,20418306340,691063768205,63,16.000032424926758,16.667842864990234,14.981269836425781,0.05238702773279932,1037247,1421666,1011403,1.135908,1.176016,0.004063
1747831288,10792978025,20419512446,691063772645,64,15.993356704711914,18.625736236572266,13.770341873168945,0.37012314922887357,1038258,2834006,1011785,1.208961,1.150232,0.004234
1747831289,10794217175,20420772624,691063776845,64,15.990018844604492,17.03667640686035,14.98556137084961,0.1250149486979617,1044045,1189772,1014861,1.181746,1.201799,0.004005
1747831290,10795441305,20422001260,691063781105,63,16.10398292541504,17.002344131469727,14.952659606933594,0.12094124588332379,1036554,1385348,1011383,1.167421,1.171719,0.004063
1747831291,10796677451,20423223888,691063785485,64,15.889644622802734,18.801212310791016,13.34691047668457,0.37163758963969307,1037165,1378356,1013813,1.178881,1.165989,0.004177
1747831292,10797880553,20424481062,691063789685,64,15.999317169189453,18.671751022338867,12.215375900268555,0.6928665935181912,1039701,3488904,1012366,1.147367,1.198935,0.004005
1747831293,10799139229,20425679658,691063794005,64,15.9454345703125,17.014503479003906,15.003681182861328,0.03727367467838199,1034762,1201566,1018769,1.200367,1.143070,0.004120
1747831294,10800360355,20426911298,691063798325,63,16.031265258789062,16.974210739135742,15.01321792602539,0.05691327534121865,1030065,1254597,1018797,1.164557,1.174583,0.004120
1747831295,10801613023,20428145942,691063802825,64,15.964031219482422,20.02429962158203,11.952877044677734,1.158121818309378,1028542,1427376,1012614,1.194637,1.177448,0.004292
1747831296,10802849169,20429401614,691063807085,64,16.02315902709961,17.745018005371094,13.965129852294922,0.21269877580460556,1023194,1262180,1012548,1.178881,1.197502,0.004063
1747831297,10804074801,20430648274,691063811345,63,16.01123809814453,17.040014266967773,14.973163604736328,0.1311408153997386,1039524,3092984,1010504,1.168854,1.188908,0.004063
1747831298,10805297429,20431851376,691063815605,64,16.94178581237793,17.032623291015625,14.992475509643555,0.04811851161525731,1024159,1289243,1016384,1.165989,1.147367,0.004063
1747831299,10806551599,20433092028,691063820045,64,16.005754470825195,17.082929611206055,14.853477478027344,0.1533477895082799,1071690,2446864,1016966,1.196070,1.183178,0.004234
1747831300,10807772725,20434319162,691063824365,63,16.019582748413086,18.059492111206055,14.037847518920898,0.25270416629133785,1031256,1402876,1013626,1.164557,1.170286,0.004120
1747831301,10809016381,20435579340,691063828745,64,19.815444946289062,19.815444946289062,12.933969497680664,0.6000130082752275,1058371,1389447,1010992,1.186043,1.201799,0.004177
1747831302,10810219483,20436803470,691063832825,64,16.00027084350586,17.148733139038086,12.156009674072266,0.38263673825570527,1056013,6801216,1012911,1.147367,1.167421,0.003891
1747831303,10811484167,20438038114,691063837145,63,16.00360870361328,18.002748489379883,13.989448547363281,0.3820245147135419,1042715,1300892,1008668,1.206097,1.177448,0.004120
1747831304,10812726321,20439259240,691063841839,64,16.00050926208496,18.511295318603516,14.494180679321289,0.1772188132395843,1042399,3410104,1016995,1.184610,1.164557,0.004477
1747831305,10813953775,20440510466,691063846039,64,16.002655029296875,17.041444778442383,14.971017837524414,0.06855969330778147,1028713,2968021,1011135,1.170591,1.193262,0.004005
1747831306,10815165889,20441757126,691063850419,64,15.965700149536133,20.125627517700195,11.836767196655273,0.7880944768656022,1108387,3063746,1016146,1.155962,1.188908,0.004177
1747831307,10816412549,20442979754,691063854619,63,15.954732894897461,20.47896385192871,12.504339218139648,0.5712717642989732,1155611,1193033,1011711,1.188908,1.165989,0.004005
1747831308,10817651699,20444197876,691063858939,64,16.007661819458008,17.67754554748535,14.917612075805664,0.17814889728933808,1046555,1215810,1010897,1.181746,1.161692,0.004120
1747831309,10818896857,20445431018,691063863319,64,15.897274017333984,17.422914505004883,14.988183975219727,0.08601486319654005,1036710,2979670,1020924,1.187475,1.176016,0.004177
1747831310,10820098457,20446679180,691063867519,63,16.02911949157715,19.994497299194336,12.007951736450195,0.548938400086075,1023446,2778299,1015707,1.145935,1.190340,0.004005
1747831311,10821333161,20447918330,691063871899,64,20.1263427734375,20.1263427734375,15.027523040771484,0.2942599240212863,1052477,1266056,1013485,1.177505,1.181746,0.004177
1747831312,10822602351,20449169496,691063876279,64,15.941619873046875,17.560243606567383,11.81483268737793,0.4479883876470291,1024665,2335396,1012216,1.210394,1.193205,0.004177
1747831313,10823838497,20450392124,691063880599,64,11.852025985717773,20.107507705688477,11.852025985717773,0.8552037560183764,1061765,3110714,1015169,1.178881,1.165989,0.004120
1747831314,10825073141,20451613250,691063884919,64,15.975475311279297,17.42863655090332,14.756202697753906,0.29740892812011355,1033494,1216156,1014017,1.177448,1.164557,0.004120
1747831315,10826301777,20452861412,691063889119,63,11.808156967163086,20.130395889282227,11.808156967163086,0.6995567691447832,1045276,1216272,1010002,1.171719,1.190340,0.004005
1747831316,10827515393,20454109574,691063893439,64,15.993833541870117,16.9832706451416,14.988183975219727,0.085807858627683,1055282,2450088,1012492,1.157394,1.190340,0.004120
1747831317,10828745531,20455309672,691063897819,64,16.013383865356445,18.744468688964844,14.005184173583984,0.4728811808121558,1304799,1547679,1023762,1.173151,1.144503,0.004177
1747831318,10830008713,20456542814,691063902079,64,16.028404235839844,16.83950424194336,14.966964721679688,0.055657718764374385,1045018,1562139,1013820,1.204664,1.176016,0.004063
1747831319,10831226835,20457778960,691063906459,63,15.993595123291016,17.00115203857422,14.980792999267578,0.11803189217081901,1044919,3159723,1011915,1.161692,1.178881,0.004177
1747831320,10832452467,20459010600,691063910719,64,16.028165817260742,17.215728759765625,13.947725296020508,0.2706340011491617,1048868,3672042,1013383,1.168854,1.174583,0.004063
1747831321,10833718653,20460245244,691063915099,64,14.971494674682617,19.346237182617188,13.965368270874023,0.4005665994435258,1164573,1363189,1012224,1.207529,1.177448,0.004177
1747831322,10834929265,20461505422,691063919539,64,16.11495018005371,18.973112106323242,12.992620468139648,0.6690251804389378,1041116,1356888,1014529,1.154530,1.201799,0.004234
1747831323,10836108329,20462732556,691063923739,64,15.997171401977539,18.940210342407227,12.949943542480469,0.44998682131193424,1028026,3541948,1019198,1.124443,1.170286,0.004005
1747831324,10837326451,20463863556,691063927939,63,16.071796417236328,18.21756362915039,14.790534973144531,0.12184247919860913,1030093,1563137,1011683,1.161692,1.078606,0.004005
1747831325,10838589633,20465159782,691063932579,64,15.854120254516602,17.03357696533203,14.977693557739258,0.06637451098071058,1029402,1267107,1013249,1.204664,1.236177,0.004425
1747831326,10839809257,20466418458,691063936719,64,15.995264053344727,17.965078353881836,13.991355895996094,0.2253536903171709,1029615,1306332,1012246,1.163124,1.200367,0.003948
1747831327,10841055917,20467668122,691063941039,63,14.946222305297852,17.40097999572754,14.946222305297852,0.190400650524994,1045979,9685046,1010110,1.188908,1.191772,0.004120
1747831328,10842310147,20468905770,691063945179,64,15.997648239135742,17.25316047668457,14.738798141479492,0.05075460656084537,1054534,5582269,1013401,1.196127,1.180313,0.003948
1747831329,10843525265,20470176522,691063949319,63,16.06464385986328,17.040014266967773,14.998674392700195,0.0606540782146027,1018625,1162643,1009580,1.158827,1.211884,0.003948
1747831330,10844786945,20471447214,691063953279,64,15.955686569213867,16.997098922729492,14.976024627685547,0.09367061012435225,1039867,3533470,1010505,1.203232,1.211826,0.003777
1747831331,10846035107,20472711898,691063957239,64,15.991449356079102,17.979145050048828,14.154672622680664,0.22453358810007812,1030413,1221040,1019088,1.190340,1.206097,0.003777
1747831332,10847232201,20473972076,691063961379,63,16.00337028503418,18.39160919189453,13.90385627746582,0.3857402713917237,1035609,2823414,1011319,1.141638,1.201799,0.003948
1747831333,10848495383,20475253282,691063965279,64,15.953302383422852,20.13111114501953,12.007474899291992,0.5265845229268765,1036430,1402802,1010667,1.204664,1.221853,0.003719
1747831334,10849733031,20476466898,691063969299,64,15.99884033203125,19.094467163085938,14.063596725463867,0.2628303784947365,1038153,1232288,1018634,1.180313,1.157394,0.003834
1747831335,10850949651,20477730080,691063973379,64,15.99740982055664,17.343997955322266,14.962434768676758,0.1364464354968089,1126830,1366372,1009758,1.160259,1.204664,0.003891
1747831336,10852190303,20478988756,691063977339,63,15.998601913452148,17.736196517944336,14.989137649536133,0.20259173801980135,1020774,1218838,1010495,1.183178,1.200367,0.003777
1747831337,10853430955,20480274468,691063981359,64,16.022205352783203,17.02737808227539,14.998912811279297,0.06610296571522335,1155581,1304660,1012490,1.183178,1.226151,0.003834
1747831338,10854671607,20481510614,691063985379,64,15.979290008544922,18.280982971191406,12.0086669921875,0.43997865525287516,1037425,1216673,1010610,1.183178,1.178881,0.003834
1747831339,10855918267,20482806840,691063989219,63,17.444849014282227,17.444849014282227,14.976263046264648,0.21045101688330636,1033930,1310429,1014154,1.188908,1.236177,0.003662
1747831340,10857158919,20484050496,691063993119,64,15.996932983398438,18.883943557739258,13.132810592651367,0.42849941012875287,1058284,3564480,1017118,1.183178,1.186043,0.003719
1747831341,10858434117,20485330200,691063997139,64,15.970706939697266,17.040491104125977,14.942407608032227,0.12417235069427433,1055313,2724531,1014848,1.216124,1.220421,0.003834
1747831342,10859644729,20486579864,691064001159,63,16.052961349487305,17.729997634887695,13.968229293823242,0.2514805123278889,1047651,1210023,1010439,1.154530,1.191772,0.003834
1747831343,10860865855,20487819014,691064005119,64,15.996932983398438,17.589569091796875,14.991283416748047,0.09718585690080822,1023833,1393867,1011229,1.164557,1.181746,0.003777
1747831344,10862129037,20489097216,691064009019,64,16.00813865661621,18.020153045654297,13.999462127685547,0.35276836020618785,1025000,4714944,1012679,1.204664,1.218988,0.003719
1747831345,10863348661,20490354390,691064012979,63,15.989065170288086,16.315937042236328,15.69986343383789,0.005413160152982055,1055833,1241504,1013113,1.163124,1.198935,0.003777
1747831346,10864619353,20491613066,691064016999,64,15.983104705810547,19.431114196777344,13.556718826293945,0.3944836364445065,1231264,1332734,1010380,1.211826,1.200367,0.003834
1747831347,10865828463,20492867236,691064021159,64,16.035079956054688,17.03333854675293,15.015363693237305,0.08274316318678025,1215209,1303785,1019179,1.153097,1.196070,0.003967
1747831348,10867067613,20494166466,691064025239,63,16.01886749267578,20.353317260742188,11.72637939453125,0.7130883199988176,1038720,1391237,1014161,1.181746,1.239042,0.003891
1747831349,10868284233,20495413126,691064029139,64,15.9912109375,19.792795181274414,12.173175811767578,0.6144288386402197,1062608,4605235,1014699,1.160259,1.188908,0.003719
1747831350,10869535399,20496665794,691064033219,64,15.996932983398438,17.056703567504883,14.975309371948242,0.12671566291571992,1041121,3475966,1013644,1.193205,1.194637,0.003891
1747831351,10870770043,20497918462,691064037119,64,16.099929809570312,16.294240951538086,15.81716537475586,0.00322431264901857,1033027,1265394,1011354,1.177448,1.194637,0.003719
1747831352,10872003185,20499171130,691064041019,63,15.967130661010742,17.043113708496094,14.965057373046875,0.26739297864624495,1026523,1336481,1011991,1.176016,1.194637,0.003719
1747831353,10873215299,20500413284,691064045039,64,13.984918594360352,20.116567611694336,11.84988021850586,0.756723038976172,1043921,1315594,1020078,1.155962,1.184610,0.003834
1747831354,10874470971,20501697494,691064048999,64,16.00027084350586,17.487764358520508,14.991283416748047,0.08853553257464501,1019434,2895367,1010058,1.197502,1.224718,0.003777
1747831355,10875680081,20502930636,691064053079,63,16.939401626586914,19.0277099609375,13.83352279663086,0.3497381208438627,1023061,1306945,1011618,1.153097,1.176016,0.003891
1747831356,10876920733,20504217850,691064057039,64,15.974044799804688,17.02284812927246,13.996601104736328,0.16742317935295245,1053834,3908489,1016786,1.183178,1.227583,0.003777
1747831357,10878174963,20505473522,691064061059,63,16.007184982299805,17.034292221069336,14.987468719482422,0.15953921979736332,1035756,1386931,1015039,1.196127,1.197502,0.003834
1747831358,10879399093,20506744214,691064065079,64,16.023874282836914,16.993999481201172,14.985322952270508,0.0566618593769195,1058646,1263962,1010433,1.167421,1.211826,0.003834
1747831359,10880644251,20507969846,691064068979,64,16.031503677368164,19.123077392578125,12.873411178588867,0.34522110033965175,1027891,3637479,1021731,1.187475,1.168854,0.003719
1747831360,10881883401,20509260064,691064073059,64,15.995264053344727,17.05455780029297,14.98723030090332,0.03816082050708781,1020802,1190467,1012244,1.181746,1.230448,0.003891
1747831361,10883110535,20510515796,691064077139,64,15.968799591064453,17.09890365600586,14.909029006958008,0.12085514266544871,1020355,1257405,1011459,1.170286,1.197559,0.003891
1747831362,10884373717,20511753444,691064081039,63,15.996217727661133,17.035722732543945,14.994621276855469,0.03619350013544076,1026272,1241199,1011441,1.204664,1.180313,0.003719
1747831363,10885566305,20513013622,691064085119,64,16.01862907409668,17.13085174560547,14.877557754516602,0.07445297487367492,1029055,1319003,1011042,1.137341,1.201799,0.003891
1747831364,10886805455,20514308346,691064088959,64,15.997171401977539,16.95084571838379,15.008211135864258,0.03098688045988607,1038385,1414532,1009026,1.181746,1.234745,0.003662
1747831365,10888064131,20515556508,691064093039,63,17.059326171875,17.44532585144043,14.009237289428711,0.18230531870283154,1041165,2242244,1013481,1.200367,1.190340,0.003891
1747831366,10889294269,20516795658,691064096939,64,15.968561172485352,17.652273178100586,14.950752258300781,0.13859115398869143,1034330,1276555,1012854,1.173151,1.181746,0.003719
1747831367,10890531917,20518078366,691064100969,64,15.954971313476562,17.041444778442383,14.951944351196289,0.06403462532921876,1044393,1234771,1011047,1.180313,1.223286,0.003843
1747831368,10891768063,20519316014,691064104869,63,15.9454345703125,19.02937889099121,12.988567352294922,0.4329493762034777,1043670,1909690,1011986,1.178881,1.180313,0.003719
1747831369,10893019229,20520598722,691064108649,64,16.013622283935547,17.008304595947266,15.004634857177734,0.034638401262698876,1045202,4389499,1014813,1.193205,1.223286,0.003605
1747831370,10894240675,20521861904,691064112609,64,15.961647033691406,16.09969139099121,15.922069549560547,0.0009338774206229722,1038851,3786731,1012331,1.164862,1.204664,0.003777
1747831371,10895485833,20523125086,691064116629,63,16.013383865356445,18.375158309936523,13.826847076416016,0.28954379521767054,1022290,6541904,1012320,1.187475,1.204664,0.003834
1747831372,10896752019,20524373248,691064120289,64,15.999794006347656,17.098665237426758,14.881372451782227,0.07205345971674008,1068737,1262386,1012379,1.207529,1.190340,0.003490
1747831373,10897943105,20525646944,691064124369,64,16.02005958557129,17.030954360961914,14.966726303100586,0.08916319499912956,1029283,3700889,1010824,1.135908,1.214691,0.003891
1747831374,10899179251,20526932656,691064128329,64,16.0214900970459,16.135692596435547,15.86151123046875,0.0014059831103456265,1168558,1358826,1010858,1.178881,1.226151,0.003777
1747831375,10900424409,20528156786,691064132349,63,15.97905158996582,17.081499099731445,14.776229858398438,0.07628533273128178,1027462,4516645,1014403,1.187475,1.167421,0.003834
1747831376,10901672571,20529397438,691064136429,64,16.037464141845703,17.013072967529297,15.01154899597168,0.033177025422225934,1072917,1344530,1016438,1.190340,1.183178,0.003891
1747831377,10902928243,20530695166,691064140209,64,16.016483306884766,16.164541244506836,15.836715698242188,0.002441594238902212,1047447,3611312,1014172,1.197502,1.237610,0.003605
1747831378,10904126839,20531934316,691064144109,63,15.982389450073242,17.006874084472656,14.993667602539062,0.0638630120644264,1047447,3611312,1014172,1.143070,1.181746,0.003719
1747831379,10905391523,20533189988,691064148129,64,16.030073165893555,18.08786392211914,13.95559310913086,0.17373918796657975,1029482,2106927,1017655,1.206097,1.197502,0.003834
1747831380,10906618657,20534466688,691064152089,64,16.0062313079834,17.026901245117188,14.97030258178711,0.0353901209757987,1025718,2802657,1012846,1.170286,1.217556,0.003777
1747831381,10907872827,20535701332,691064156109,63,16.19410514831543,16.9980525970459,14.95218276977539,0.05994020178386222,1041328,1233291,1012092,1.196070,1.177448,0.003834
1747831382,10909096957,20536985542,691064160009,64,15.98668098449707,16.835451126098633,14.822244644165039,0.03736293073312817,1128029,1128029,1008147,1.167421,1.224718,0.003719
1747831383,10910310573,20538242716,691064164089,64,16.012907028198242,17.076730728149414,14.984607696533203,0.1315640904899821,1034699,3120313,1010990,1.157394,1.198935,0.003891
1747831384,10911563241,20539526926,691064167989,63,15.934467315673828,18.300294876098633,14.629364013671875,0.13535669857704338,1036011,7533999,1012663,1.194637,1.224718,0.003719
1747831385,10912809901,20540791610,691064170809,64,16.031980514526367,16.104936599731445,15.876293182373047,0.0011095248738692827,1034512,1189090,1012852,1.188908,1.206097,0.002689
1747831386,10914044545,20542035266,691064171109,28,12.131214141845703,16.163349151611328,12.131214141845703,0.5362604149271603,1039196,1221815,1011082,1.177448,1.186043,0.000286
1747831387,10915285197,20543260898,691064174545,28,0,16.163349151611328,12.131214141845703,0.5362604149271603,1049212,3369423,1011188,1.183178,1.168854,0.003277
1747831388,10916539367,20544546610,691064179005,37,15.999794006347656,2014.981746673584,15.904903411865234,107915.1112903784,1038243,3964911,1010501,1.196070,1.226151,0.004253
1747831389,10917771007,20545803784,691064182965,64,16.008853912353516,17.966270446777344,13.993024826049805,0.2146982981019004,1053314,1366076,1010902,1.174583,1.198935,0.003777
1747831390,10919047707,20547059456,691064186865,64,16.040563583374023,16.842365264892578,15.009403228759766,0.028900384494996347,1099256,1315280,1015293,1.217556,1.197502,0.003719
1747831391,10920277845,20548300108,691064190885,63,15.993356704711914,16.94488525390625,15.007257461547852,0.03123942778087483,1049805,1209211,1018815,1.173151,1.183178,0.003834
1747831392,10921524505,20549593330,691064194905,64,15.964508056640625,17.024517059326172,15.011787414550781,0.06408745061011144,1057909,1497243,1019763,1.188908,1.233313,0.003834
1747831393,10922717093,20550844496,691064198865,64,15.980243682861328,17.038822174072266,14.989852905273438,0.07075757519076889,1047670,1271079,1014983,1.137341,1.193205,0.003777
1747831394,10923981777,20552082144,691064202885,63,16.031980514526367,20.13540267944336,11.916399002075195,0.7548155620808367,1021672,3170380,1012065,1.206097,1.180313,0.003834
1747831395,10925195393,20553364852,691064206965,64,15.972375869750977,17.14468002319336,14.757871627807617,0.15620543689919197,1021672,3170380,1012065,1.157394,1.223286,0.003891
1747831396,10926449563,20554638548,691064210805,64,16.010284423828125,17.032861709594727,14.842987060546875,0.07208586330121687,1029741,1218634,1013467,1.196070,1.214691,0.003662
1747831397,10927675195,20555885268,691064214825,64,15.924453735351562,17.061471939086914,14.719247817993164,0.07670190151663799,1026945,1210194,1010759,1.168854,1.188965,0.003834
1747831398,10928887309,20557149952,691064218785,63,16.006946563720703,16.96944236755371,14.982223510742188,0.03422900938384546,1024696,1482445,1010165,1.155962,1.206097,0.003777
1747831399,10930142981,20558410130,691064222685,64,16.018152236938477,16.96300506591797,14.81318473815918,0.09592015183344443,1038530,2625065,1014453,1.197502,1.201799,0.003719
1747831400,10931397151,20559665802,691064226765,64,16.007661819458008,17.011404037475586,15.025615692138672,0.06087219203355341,1052849,1185175,1014584,1.196070,1.197502,0.003891
1747831401,10932627289,20560903450,691064230665,64,16.045331954956055,17.059326171875,14.762163162231445,0.07619724684702704,1034616,1407756,1013448,1.173151,1.180313,0.003719
1747831402,10933872507,20562189162,691064234745,64,15.964984893798828,16.126632690429688,15.914201736450195,0.0014261333504347077,1038667,1354020,1016923,1.187532,1.226151,0.003891
1747831403,10935113159,20563459854,691064238645,64,16.037940979003906,17.04883575439453,14.719486236572266,0.20796253869263298,1153816,1175383,1013327,1.183178,1.211826,0.003719
1747831404,10936335787,20564709518,691064242545,63,16.003847122192383,17.008543014526367,14.998435974121094,0.03365186867331932,1037851,1379379,1009546,1.165989,1.191772,0.003719
1747831405,10937570431,20565942660,691064246445,64,16.013145446777344,17.02737808227539,14.998197555541992,0.06988469443929879,1038815,1384220,1012020,1.177448,1.176016,0.003719
1747831406,10938820095,20567205842,691064250405,64,15.981674194335938,17.019271850585938,14.76907730102539,0.08390509620336689,1044267,3435577,1011679,1.191772,1.204664,0.003777
1747831407,10940060747,20568488550,691064254425,63,16.18671417236328,16.930580139160156,14.901161193847656,0.036259079577421645,1048197,2471707,1017463,1.183178,1.223286,0.003834
1747831408,10941326933,20569748728,691064258385,64,15.982866287231445,20.003318786621094,12.028932571411133,0.5730896679068056,1021596,1419424,1016657,1.207529,1.201799,0.003777
1747831409,10942566083,20570987878,691064262405,64,15.977621078491211,17.00735092163086,14.972686767578125,0.08508374084137425,1021289,1240607,1012538,1.181746,1.181746,0.003834
1747831410,10943800727,20572248056,691064266485,64,16.015052795410156,21.111249923706055,10.869741439819336,0.8960392475719618,1176566,1394211,1012559,1.177448,1.201799,0.003891
1747831411,10945041379,20573521752,691064270385,63,14.773130416870117,17.00758934020996,14.773130416870117,0.08629237068965133,1033651,1378428,1018934,1.183178,1.214691,0.003719
1747831412,10946288039,20574789440,691064274785,64,16.045331954956055,17.002582550048828,14.988422393798828,0.05289100391521407,1162853,1333957,1010639,1.188908,1.208961,0.004196
1747831413,10947513671,20576028590,691064278805,64,15.952587127685547,16.13140106201172,15.874385833740234,0.001496045771630034,1020354,1365677,1019951,1.168854,1.181746,0.003834
1747831414,10948755825,20577318808,691064282885,63,16.023635864257812,17.049312591552734,14.783859252929688,0.10348339996914255,1041458,1227738,1012693,1.184610,1.230448,0.003891
1747831415,10949978453,20578563966,691064287085,64,15.971183776855469,17.004728317260742,15.034914016723633,0.04260847674328329,1048549,1844302,1016825,1.165989,1.187475,0.004005
1747831416,10951225113,20579834658,691064290985,64,15.868902206420898,19.513368606567383,12.53652572631836,0.4592245711141261,1034506,1272160,1017076,1.188908,1.211826,0.003719
1747831417,10952488295,20581091832,691064295005,63,16.10112190246582,17.024517059326172,15.001535415649414,0.09797568673348866,1029617,1389967,1018131,1.204664,1.198935,0.003834
1747831418,10953709421,20582335488,691064299085,64,15.996932983398438,17.157793045043945,14.807462692260742,0.15140282870099384,1021272,1177475,1009441,1.164557,1.186043,0.003891
1747831419,10954978611,20583612188,691064302805,64,15.9759521484375,19.92487907409668,12.038469314575195,0.5326060428447085,1058835,1180074,1010429,1.210394,1.217556,0.003548
1747831420,10956223769,20584884382,691064306825,63,15.999794006347656,17.999887466430664,13.961076736450195,0.17110559958285979,1035258,4221993,1011160,1.187475,1.213259,0.003834
1747831421,10957440389,20586126536,691064310905,64,16.005516052246094,17.009496688842773,14.99176025390625,0.040958578164559695,1074824,1237156,1009342,1.160259,1.184610,0.003891
1747831422,10958684045,20587368690,691064314865,64,17.015933990478516,18.050670623779297,13.961553573608398,0.20163494507802565,1024857,1270942,1011932,1.186043,1.184610,0.003777
1747831423,10959905171,20588655904,691064318885,64,15.991926193237305,17.061948776245117,14.67275619506836,0.1289485377162041,1036298,1233743,1010298,1.164557,1.227583,0.003834
1747831424,10961126297,20589907070,691064322785,64,15.96212387084961,17.999887466430664,13.99087905883789,0.15956809142041994,1053709,1221044,1012531,1.164557,1.193205,0.003719
1747831425,10962312877,20591165746,691064326265,63,15.962839126586914,17.317771911621094,13.94963264465332,0.17075513086279553,1162801,1364996,1010762,1.131611,1.200367,0.003319
1747831426,10963604597,20592434936,691064326505,26,10.13636589050293,16.991138458251953,10.13636589050293,1.4665097573015373,1021497,2581613,1009987,1.231880,1.210394,0.000229
1747831427,10964833233,20593702624,691064329521,26,0,16.991138458251953,10.13636589050293,1.4665097573015373,1037108,1283610,1009725,1.171719,1.208961,0.002876
1747831428,10966106929,20594929758,691064333481,39,15.99431037902832,2020.923137664795,15.006065368652344,102998.59587890015,1156137,1232464,1010881,1.214691,1.170286,0.003777
1747831429,10967350585,20596216972,691064337561,64,15.988826751708984,17.00448989868164,14.984846115112305,0.09311893413181799,1087202,1287252,1012865,1.186043,1.227583,0.003891
1747831430,10968556691,20597450114,691064341461,64,16.01576805114746,17.038822174072266,14.736652374267578,0.10922992006122953,1035356,2544059,1017368,1.150232,1.176016,0.003719
1747831431,10969794339,20598741834,691064345421,63,15.95163345336914,17.033815383911133,15.009164810180664,0.04694955535086158,1030740,3430715,1012714,1.180313,1.231880,0.003777
1747831432,10971016967,20599976478,691064349561,64,15.989542007446289,17.57335662841797,14.413118362426758,0.11825652115296836,1043117,1450136,1022182,1.165989,1.177448,0.003948
1747831433,10972272639,20601232150,691064353641,64,16.057252883911133,17.642736434936523,14.371871948242188,0.15401366110790138,1019582,1273321,1013505,1.197502,1.197502,0.003891
1747831434,10973521121,20602519424,691064357781,63,15.978336334228516,17.003774642944336,14.600276947021484,0.05770941693114843,1034360,2961678,1016202,1.190645,1.227640,0.003948
1747831435,10974770785,20603785610,691064361801,64,15.991926193237305,21.434307098388672,10.628700256347656,0.9979180736174419,1036842,4400284,1015064,1.191772,1.207529,0.003834
1747831436,10975964875,20605017250,691064365581,64,15.000581741333008,18.395185470581055,13.595819473266602,0.21617462320298161,1033209,1852395,1017894,1.138773,1.174583,0.003605
1747831437,10977232563,20606311974,691064369601,63,15.862226486206055,17.94266700744629,14.067649841308594,0.18853095554966845,1035797,1303076,1013160,1.208961,1.234745,0.003834
1747831438,10978437167,20607534602,691064373501,64,16.045331954956055,19.005537033081055,12.996196746826172,0.3481601584196214,1038612,3950416,1015769,1.148800,1.165989,0.003719
1747831439,10979674815,20608793278,691064377461,64,16.01409912109375,17.99798011779785,13.536214828491211,0.2288473130493399,1179483,4669963,1020803,1.180313,1.200367,0.003777
1747831440,10980922977,20610053456,691064381481,63,15.917539596557617,18.133163452148438,13.845443725585938,0.24765140234562555,1040270,3445294,1016182,1.190340,1.201799,0.003834
1747831441,10982141099,20611343674,691064385501,64,14.998435974121094,17.030715942382812,14.998435974121094,0.0342614800712036,1033925,1301536,1010083,1.161692,1.230448,0.003834
1747831442,10983401277,20612573812,691064389461,64,15.999078750610352,18.141984939575195,13.81826400756836,0.308617261520063,1345933,4779598,1015499,1.201799,1.173151,0.003777
1747831443,10984592363,20613847508,691064393481,63,15.931844711303711,16.997337341308594,15.009403228759766,0.06155261818104888,1032716,4091496,1011192,1.135908,1.214691,0.003834
1747831444,10985827007,20615121204,691064397441,64,16.01266860961914,16.108274459838867,15.936136245727539,0.001107544677732883,1071340,4094008,1011325,1.177448,1.214691,0.003777
1747831445,10987100703,20616385888,691064401401,64,15.998601913452148,17.040729522705078,15.024662017822266,0.07215581009484992,1044127,3664726,1013073,1.214691,1.206097,0.003777
1747831446,10988314319,20617637054,691064405361,64,15.953779220581055,17.006397247314453,14.805793762207031,0.12045693130061143,1034810,1213404,1012304,1.157394,1.193205,0.003777
1747831447,10989555031,20618877706,691064409441,63,16.008853912353516,16.98017120361328,15.000104904174805,0.035260854014165115,1057353,1287777,1013498,1.183235,1.183178,0.003891
1747831448,10990800189,20620134880,691064413521,64,15.999794006347656,17.653703689575195,14.334917068481445,0.3296459112817952,1040836,1451289,1016778,1.187475,1.198935,0.003891
1747831449,10992037837,20621407074,691064417541,64,16.000747680664062,18.334627151489258,13.929367065429688,0.2856104696042342,1035366,1335631,1011523,1.180313,1.213259,0.003834
1747831450,10993278489,20622686778,691064421261,64,15.965700149536133,17.099380493164062,14.981746673583984,0.09527768637443038,1025751,1299158,1011165,1.183178,1.220421,0.003548
1747831451,10994483093,20623928932,691064425461,64,14.007329940795898,17.97795295715332,14.007329940795898,0.31201077558722234,1319141,3127533,1012502,1.148800,1.184610,0.004005
1747831452,10995743271,20625186106,691064429481,63,15.931367874145508,17.112016677856445,14.870405197143555,0.14007464135855202,1090224,2658817,1012788,1.201799,1.198935,0.003834
1747831453,10996944871,20626479328,691064433641,64,16.036272048950195,16.799449920654297,15.002012252807617,0.02910786941867036,1023556,3159785,1012189,1.145935,1.233313,0.003967
1747831454,10998217065,20627710968,691064437721,64,16.0675048828125,18.560171127319336,13.439416885375977,0.3831945731589157,1183352,2715047,1013882,1.213259,1.174583,0.003891
1747831455,10999441195,20628989170,691064441561,63,16.002416610717773,17.034530639648438,14.971256256103516,0.04001646517258947,1035978,1282586,1011004,1.167421,1.218988,0.003662
1747831456,11000620265,20630214802,691064442281,31,14.103174209594727,17.055988311767578,14.103174209594727,0.21858652296992254,1040315,1201729,1011648,1.124449,1.168854,0.000687
1747831457,11001883447,20631496008,691064444583,31,0,17.055988311767578,14.103174209594727,0.21858652296992254,1039025,1259358,1011052,1.204664,1.221853,0.002195
1747831458,11003086549,20632759190,691064448657,35,17.007827758789062,2005.8717727661133,14.99176025390625,113029.91783021984,1215544,1248420,1011621,1.147367,1.204664,0.003885
1747831459,11004307675,20634007352,691064452617,64,16.003847122192383,18.489837646484375,13.516664505004883,0.32781358786442005,1027188,1531355,1011464,1.164557,1.190340,0.003777
1747831460,11005561845,20635258518,691064456517,63,16.09516143798828,17.110347747802734,14.003276824951172,0.23718986904613654,1071434,1354523,1013222,1.196070,1.193205,0.003719
1747831461,11006788979,20636544230,691064460357,64,15.967130661010742,17.026185989379883,14.842987060546875,0.11096971817537687,1036962,1220511,1011472,1.170286,1.226151,0.003662
1747831462,11008041647,20637777372,691064464497,64,16.005754470825195,17.06218719482422,14.789342880249023,0.11648523716978734,1029748,1240448,1014721,1.194637,1.176016,0.003948
1747831463,11009240243,20639063084,691064468637,63,15.963554382324219,17.177104949951172,14.770984649658203,0.13786569144713923,1022411,1322226,1013018,1.143070,1.226151,0.003948
1747831464,11010497417,20640299230,691064472477,64,15.921831130981445,18.375396728515625,12.778043746948242,0.509836906259752,1019129,1288392,1013296,1.198935,1.178881,0.003662
1747831465,11011736567,20641610476,691064476437,64,15.999317169189453,18.064022064208984,13.901948928833008,0.22304476426404776,1041610,1320693,1012900,1.181746,1.250502,0.003777
1747831466,11012948681,20642830100,691064480397,64,16.00813865661621,18.01776885986328,13.985633850097656,0.17339776061357345,1182890,1317191,1009678,1.155962,1.163124,0.003777
1747831467,11014184827,20644079764,691064484477,64,16.022443771362305,17.02260971069336,15.00391960144043,0.0597526601686755,1043602,1268945,1010125,1.178881,1.191772,0.003891
1747831468,11015423977,20645339942,691064488257,63,16.147375106811523,17.069578170776367,14.777183532714844,0.11785410340595494,1016951,1486169,1015498,1.181746,1.201799,0.003605
1747831469,11016699175,20646627156,691064492217,64,17.12632179260254,17.861366271972656,14.156579971313477,0.19991571256623333,1039514,1249534,1014495,1.216124,1.227583,0.003777
1747831470,11017887257,20647884330,691064496177,64,15.947818756103516,17.03667640686035,14.978885650634766,0.03851169833269254,1026107,4214322,1014399,1.133043,1.198935,0.003777
1747831471,11019118897,20649132552,691064500197,64,15.996694564819336,18.131017684936523,12.824058532714844,0.3075898637714282,1075984,1249224,1010577,1.174583,1.190397,0.003834
1747831472,11020341525,20650401742,691064504217,64,15.996694564819336,18.131017684936523,12.824058532714844,0.3075898637714282,1022716,5626206,1010166,1.165989,1.210394,0.003834
1747831473,11021600201,20651643896,691064508177,63,16.016006469726562,16.289472579956055,15.723466873168945,0.004114841856082098,1125681,1261243,1013668,1.200367,1.184610,0.003777
1747831474,11022854371,20652902572,691064512257,64,14.854192733764648,18.089771270751953,13.885259628295898,0.3214506488143234,1035174,7348219,1012868,1.196070,1.200367,0.003891
1747831475,11024101031,20654189786,691064516717,64,16.565322875976562,17.084836959838867,14.79196548461914,0.145659693447661,1049857,1258785,1011667,1.188908,1.227583,0.004253
1747831476,11025305635,20655425932,691064520677,63,16.01696014404297,17.021894454956055,14.998912811279297,0.048738781324393396,1058292,1247467,1015164,1.148800,1.178881,0.003777
1747831477,11026537275,20656704134,691064524757,64,15.33818244934082,17.406940460205078,14.717340469360352,0.22266240162922613,1051879,1262482,1016592,1.174583,1.218988,0.003891
1747831478,11027770417,20657965814,691064528657,64,16.021728515625,17.090559005737305,14.848470687866211,0.1711019563531203,1053699,2566973,1014968,1.176016,1.203232,0.003719
1747831479,11028985535,20659230498,691064532617,63,15.993356704711914,17.8682804107666,13.991355895996094,0.16124241754484456,1029238,1419881,1017987,1.158827,1.206097,0.003777
1747831480,11030236701,20660499688,691064536697,64,16.04485511779785,16.928911209106445,14.94598388671875,0.03318339234343751,1047939,4435374,1011639,1.193205,1.210394,0.003891
1747831481,11031469843,20661722316,691064540777,63,17.045259475708008,18.650054931640625,11.99793815612793,0.7409015422645316,1026634,1150887,1013800,1.176016,1.165989,0.003891
1747831482,11032711997,20663018542,691064544737,64,16.005754470825195,18.01323890686035,13.983488082885742,0.1821535883302012,1036174,1356878,1012117,1.184610,1.236177,0.003777
1747831483,11033940633,20664247178,691064548697,64,15.97738265991211,17.777442932128906,14.157772064208984,0.14340139441482047,1212708,1360646,1010718,1.171719,1.171719,0.003777
1747831484,11035182787,20665541902,691064552597,64,16.965627670288086,18.057584762573242,12.851238250732422,0.43093231472896526,1020382,1401358,1009554,1.184610,1.234745,0.003719
1747831485,11036435455,20666775044,691064556497,63,16.002416610717773,16.97516441345215,14.867544174194336,0.06784928025867444,1019495,1261089,1010023,1.194637,1.176016,0.003719
1747831486,11037682115,20668026210,691064560457,64,15.966653823852539,17.136096954345703,14.890193939208984,0.10263606001418706,1157448,6048627,1010157,1.188908,1.193205,0.003777
1747831487,11038930277,20669301408,691064564417,64,15.966653823852539,17.136096954345703,14.890193939208984,0.10263606001418706,1030301,1337984,1014403,1.190340,1.216124,0.003777
1747831488,11040145395,20670578108,691064567297,64,15.922307968139648,18.10169219970703,14.770984649658203,0.25245395223917383,1044238,2568625,1016042,1.158827,1.217556,0.002747
1747831489,11041398063,20671805242,691064567597,64,3.233194351196289,17.2576904296875,3.233194351196289,2.728242419218073,1036516,1274660,1014889,1.194637,1.170286,0.000286
1747831490,11042617687,20673089452,691064571213,64,0,17.2576904296875,3.233194351196289,2.728242419218073,1026484,1295821,1012294,1.163124,1.224718,0.003448
1747831491,11043897391,20674373662,691064575293,64,0,17.2576904296875,3.233194351196289,2.728242419218073,1038475,1186094,1010250,1.220421,1.224718,0.003891
1747831492,11045126027,20675615816,691064579193,63,16.035079956054688,2027.8098583221436,14.996767044067383,64227.55010643877,1034300,1291210,1011085,1.171719,1.184610,0.003719
1747831493,11046320177,20676865480,691064583033,64,15.869617462158203,17.14301109313965,15.002727508544922,0.07334771934300599,1043874,4828616,1021371,1.138830,1.191772,0.003662
1747831494,11047578853,20678133168,691064587395,64,16.012907028198242,17.099618911743164,14.953136444091797,0.09260423351576902,1037906,3229770,1014744,1.200367,1.208961,0.004160
1747831495,11048799979,20679369314,691064591475,63,15.090465545654297,17.35854148864746,15.00391960144043,0.1313922156082862,1020899,1306735,1017501,1.164557,1.178881,0.003891
1747831496,11050055651,20680626488,691064592855,43,11.116266250610352,16.972780227661133,11.116266250610352,0.6849241707532551,1048789,1213925,1016446,1.197502,1.198935,0.001316
1747831497,11051300809,20681922714,691064594271,43,0,16.972780227661133,11.116266250610352,0.6849241707532551,1018619,1258808,1013480,1.187475,1.236177,0.001350
1747831498,11052541781,20683154354,691064598757,28,15.918970108032227,1925.910472869873,15.90728759765625,130098.62659680632,1035059,1332772,1013496,1.183483,1.174583,0.004278
1747831499,11053786939,20684438564,691064603119,64,15.956640243530273,18.156051635742188,13.879776000976562,0.3573414653277829,1011482,1254914,1011016,1.187475,1.224718,0.004160
1747831500,11055026089,20685665698,691064607139,64,15.985250473022461,16.98780059814453,15.016317367553711,0.033290019827189904,1021171,2931078,1013659,1.181746,1.170286,0.003834
1747831501,11056266741,20686948406,691064611099,64,15.985250473022461,16.98780059814453,15.016317367553711,0.033290019827189904,1212710,1258806,1012570,1.183178,1.223286,0.003777
1747831502,11057499883,20688211588,691064615521,63,16.01433753967285,17.113208770751953,14.922142028808594,0.04341689454852065,1036588,4795438,1014985,1.176016,1.204664,0.004217
1747831503,11058705989,20689477774,691064619481,64,15.99740982055664,18.128395080566406,14.785051345825195,0.17140338670592975,1038195,1419849,1011260,1.150232,1.207529,0.003777
1747831504,11059949645,20690751470,691064623381,64,16.012907028198242,17.032623291015625,14.758586883544922,0.1501819346083029,1156769,1192690,1012957,1.186043,1.214691,0.003719
1747831505,11061214329,20692004138,691064627341,63,15.983343124389648,17.24696159362793,14.986515045166016,0.1715201918199186,1042326,1202805,1010693,1.206097,1.194637,0.003777
1747831506,11062448973,20693267320,691064631301,64,15.995025634765625,20.669937133789062,12.288808822631836,0.674585870831674,1038327,3644175,1010892,1.177448,1.204664,0.003777
1747831507,11063689625,20694489948,691064635261,64,16.016483306884766,17.073869705200195,14.980554580688477,0.1272154077403975,1067785,2778713,1014197,1.183178,1.165989,0.003777
1747831508,11064861185,20695784732,691064638741,63,16.026020050048828,18.014192581176758,14.01829719543457,0.2714372194825574,1020755,1235656,1013188,1.117287,1.234802,0.003319
1747831509,11066127371,20697052420,691064639041,64,15.998601913452148,18.111467361450195,13.849496841430664,0.19799713667229385,1024377,1245054,1012996,1.207529,1.208961,0.000286
1747831510,11067372529,20698302084,691064642639,6,8.14366340637207,16.069889068603516,8.14366340637207,9.834514103204128,1039624,1159237,1009549,1.187475,1.191772,0.003431
1747831511,11068614683,20699553250,691064646539,59,15.96975326538086,2020.8745002746582,15.0146484375,68107.32763283912,1034845,5380529,1012294,1.184610,1.193205,0.003719
1747831512,11069850829,20700834456,691064650499,64,15.965700149536133,17.071247100830078,14.98103141784668,0.12835350602072226,1063308,1310500,1009418,1.178881,1.221853,0.003777
1747831513,11071056935,20702088626,691064654519,64,16.013622283935547,17.05646514892578,14.975547790527344,0.10243876041718596,1019744,1237824,1010672,1.150232,1.196070,0.003834
1747831514,11072323121,20703342796,691064658539,63,15.005826950073242,17.030954360961914,15.005826950073242,0.08463606151682095,1041138,3595991,1015141,1.207529,1.196070,0.003834
1747831515,11073557765,20704595464,691064662439,63,15.005826950073242,17.030954360961914,15.005826950073242,0.08463606151682095,1023833,1581983,1016400,1.177448,1.194637,0.003719
1747831516,11074804425,20705831610,691064666459,64,15.923023223876953,16.953706741333008,15.000343322753906,0.03173174797024128,1087728,1332768,1012051,1.188908,1.178881,0.003834
1747831517,11076021045,20707097796,691064670479,63,15.916585922241211,17.068862915039062,14.970541000366211,0.07516776219199146,1023459,1242493,1015889,1.160259,1.207529,0.003834
1747831518,11077276717,20708363982,691064674699,64,15.978813171386719,17.044782638549805,14.95671272277832,0.061175027302466746,1034615,2432400,1011198,1.197502,1.207529,0.004025
1747831519,11078518871,20709622658,691064678779,64,16.004085540771484,17.035245895385742,15.004634857177734,0.06145503248418508,1062621,1242853,1014635,1.184610,1.200367,0.003891
1747831520,11079764029,20710890346,691064682739,63,16.01576805114746,17.03786849975586,14.88494873046875,0.07141744617911172,1025530,1291410,1013147,1.187475,1.208961,0.003777
1747831521,11080973139,20712164042,691064686759,64,16.0830020904541,17.11869239807129,14.816761016845703,0.11559016729115434,1039888,1351572,1012632,1.153097,1.214691,0.003834
1747831522,11082209285,20713431730,691064690539,64,16.00193977355957,17.601966857910156,14.982938766479492,0.0965140636749058,1047902,1278608,1015694,1.178881,1.208961,0.003605
1747831523,11083434917,20714702422,691064694619,63,15.977621078491211,16.0977840423584,15.91348648071289,0.0010862970765715266,1042006,1343228,1012993,1.168854,1.211826,0.003891
1747831524,11084674067,20715946078,691064698399,64,16.0062313079834,17.977476119995117,14.014005661010742,0.19088376169100216,1037180,1226942,1011082,1.181746,1.186043,0.003605
1747831525,11085898197,20717210762,691064702479,64,16.011714935302734,17.01521873474121,15.004873275756836,0.062419011939499516,1034617,1344535,1013079,1.167421,1.206097,0.003891
1747831526,11087146359,20718433390,691064706439,64,16.003847122192383,17.010211944580078,15.001773834228516,0.03325470008509793,1058449,5859351,1013505,1.190340,1.165989,0.003777
1747831527,11088355469,20719693568,691064710801,63,16.02768898010254,17.136096954345703,14.83154296875,0.08232532840658892,1047393,1494049,1020312,1.153097,1.201799,0.004160
1747831528,11089611141,20720953746,691064714821,64,15.99264144897461,17.026185989379883,15.007972717285156,0.033683050033985446,1158294,3576674,1010726,1.197502,1.201799,0.003834
1747831529,11090866813,20722243964,691064718901,64,14.968633651733398,17.07911491394043,14.968633651733398,0.10435112503976932,1030099,1230541,1011961,1.197502,1.230448,0.003891
1747831530,11092095449,20723505644,691064722621,63,15.993356704711914,17.002582550048828,15.024900436401367,0.03362080631794906,1426908,1426908,1011960,1.171719,1.203232,0.003548
1747831531,11093339105,20724737284,691064726641,64,15.995502471923828,17.12775230407715,14.88184928894043,0.1103284021593235,1136516,1398388,1014114,1.186043,1.174583,0.003834
1747831532,11094575251,20726018490,691064730661,64,16.030550003051758,16.072988510131836,15.9149169921875,0.0007061169693244226,1024797,1263030,1012002,1.178881,1.221853,0.003834
1747831533,11095824915,20727293688,691064734621,63,16.02768898010254,17.039775848388672,14.952898025512695,0.08194322775832293,1023729,3047924,1012839,1.191772,1.216124,0.003777
1747831534,11097044539,20728514814,691064738701,64,15.97738265991211,17.954111099243164,13.977766036987305,0.12653100799330982,1028637,1325948,1012404,1.163124,1.164557,0.003891
1747831535,11098313729,20729779498,691064742781,64,15.939950942993164,20.313501358032227,11.713027954101562,0.7511919551107935,1022104,1492764,1012232,1.210394,1.206097,0.003891
1747831536,11099521337,20731051692,691064746681,64,15.933752059936523,17.026662826538086,14.9993896484375,0.05970661413502844,1017768,3472829,1009063,1.151665,1.213259,0.003719
1747831537,11100764993,20732313372,691064750581,64,15.970706939697266,18.78976821899414,14.208316802978516,0.2611434663001906,1062366,3549843,1012234,1.186043,1.203232,0.003719
1747831538,11102008709,20733573550,691064754721,64,15.972614288330078,17.56143569946289,14.467716217041016,0.12207600318772555,1040447,2923702,1015101,1.186100,1.201799,0.003948
1747831539,11103225329,20734818708,691064758881,63,15.951395034790039,18.019437789916992,14.029502868652344,0.19846047935847017,1049017,3427226,1011655,1.160259,1.187475,0.003967
1747831540,11104468985,20736078886,691064762901,64,16.028881072998047,17.06075668334961,14.980792999267578,0.07577242912441327,1056549,1336738,1012425,1.186043,1.201799,0.003834
1747831541,11105742681,20737370606,691064766681,64,15.969514846801758,18.119096755981445,13.881444931030273,0.3114558519721985,1012065,3798268,1009771,1.214691,1.231880,0.003605
1747831542,11106933767,20738636792,691064770821,63,15.959739685058594,16.997337341308594,14.725923538208008,0.049366508463248186,1032646,3204716,1012137,1.135908,1.207529,0.003948
1747831543,11108199953,20739857918,691064774721,64,15.976905822753906,17.035961151123047,14.995813369750977,0.15679068728736248,1009908,1248241,1009908,1.207529,1.164557,0.003719
1747831544,11109428589,20741148136,691064778681,64,15.992164611816406,17.081260681152344,14.947891235351562,0.09040178912133122,1067495,1245285,1013218,1.171719,1.230448,0.003777
1747831545,11110640703,20742376832,691064782521,63,15.967130661010742,16.14212989807129,15.865564346313477,0.002094729922644473,1243244,1297581,1010069,1.155962,1.171776,0.003662
1747831546,11111860327,20743652030,691064786481,64,15.914678573608398,16.094446182250977,15.900850296020508,0.001574422720691813,1042444,1409396,1016221,1.163124,1.216124,0.003777
1747831547,11113119003,20744925726,691064790561,64,16.0064697265625,17.11106300354004,14.86515998840332,0.10969499787640717,1321251,5580405,1009940,1.200367,1.214691,0.003891
1747831548,11114370169,20746158868,691064794461,63,15.982866287231445,17.020702362060547,15.003681182861328,0.06034135513650715,1036957,3706491,1009910,1.193205,1.176016,0.003719
1747831549,11115567263,20747434066,691064798481,64,16.07489585876465,17.061233520507812,14.65153694152832,0.1435363473078903,1050284,4890088,1014851,1.141638,1.216124,0.003834
1747831550,11116821433,20748713770,691064802561,64,15.9912109375,17.024755477905273,15.007495880126953,0.08656447641315636,1023841,1212787,1016590,1.196070,1.220421,0.003891
1747831551,11118033547,20749972446,691064806521,63,15.996217727661133,16.968727111816406,15.075206756591797,0.029931192629032138,1048961,1413983,1011287,1.155962,1.200367,0.003777
1747831552,11119283211,20751231122,691064810541,64,16.000747680664062,17.029762268066406,14.751672744750977,0.04396348721848505,1037767,1236303,1009213,1.191772,1.200367,0.003834
1747831553,11120526867,20752458256,691064814381,64,16.02315902709961,17.0285701751709,14.982938766479492,0.06442487182685909,1053201,1342459,1014554,1.186043,1.170286,0.003662
1747831554,11121744989,20753740964,691064818281,64,16.42894744873047,16.42894744873047,15.891075134277344,0.0036711515035059154,1050175,3672655,1011692,1.161692,1.223286,0.003719
1747831555,11122997657,20755020668,691064822301,64,16.001462936401367,17.0285701751709,15.002965927124023,0.06667124176197427,1054219,1273708,1014176,1.194637,1.220421,0.003834
1747831556,11124227795,20756258316,691064826081,63,16.042232513427734,16.978740692138672,15.058279037475586,0.03139184691680688,1035784,1323375,1009823,1.173151,1.180313,0.003605
1747831557,11125493981,20757532012,691064829981,64,16.02029800415039,17.045259475708008,15.00248908996582,0.034000654967520055,1035958,1330678,1010824,1.207529,1.214691,0.003719
1747831558,11126713605,20758802704,691064833821,64,17.20428466796875,17.20428466796875,15.053510665893555,0.0485397454097223,1031933,3550264,1016798,1.163124,1.211826,0.003662
1747831559,11127942241,20760020826,691064837661,64,16.000032424926758,17.017602920532227,14.707326889038086,0.1257120307001722,1022697,4165294,1010837,1.171719,1.161692,0.003662
1747831560,11129191965,20761299028,691064841903,63,16.02458953857422,19.90056037902832,12.002229690551758,0.570553624064678,1054165,3589395,1011880,1.191830,1.218988,0.004045
1747831561,11130405581,20762542684,691064846043,64,16.040802001953125,17.11249351501465,14.894723892211914,0.10192600447908778,1028370,2484080,1011243,1.157394,1.186043,0.003948
1747831562,11131662755,20763823890,691064850003,64,15.984773635864258,17.189741134643555,14.849662780761719,0.08128003082880929,1026281,1939587,1008600,1.198935,1.221853,0.003777
1747831563,11132888707,20765082566,691064853903,64,16.000747680664062,21.004438400268555,12.01009750366211,0.7379921430222726,1072977,1192582,1011923,1.169159,1.200367,0.003719
1747831564,11134169913,20766377290,691064858325,64,16.01266860961914,17.31109619140625,14.492511749267578,0.11211003637094738,1050255,3104363,1010161,1.221853,1.234745,0.004217
1747831565,11135385031,20767613436,691064862285,63,15.953302383422852,17.055273056030273,14.992237091064453,0.06786399489632246,1022111,1266519,1011473,1.158827,1.178881,0.003777
1747831566,11136639201,20768869108,691064866185,64,16.0062313079834,16.999244689941406,15.009403228759766,0.032859180597719806,1033912,3291618,1016654,1.196070,1.197502,0.003719
1747831567,11137855821,20770117270,691064870145,64,15.952825546264648,16.99519157409668,15.026330947875977,0.031273053460470525,1092949,4040499,1016077,1.160259,1.190340,0.003777
1747831568,11139097975,20771399978,691064874225,64,15.958547592163086,18.846988677978516,13.185739517211914,0.29149990999292635,1034889,1454050,1010878,1.184610,1.223286,0.003891
1747831569,11140319101,20772627112,691064878245,63,15.975475311279297,17.037391662597656,15.023231506347656,0.03400053419710474,1018348,1297307,1018348,1.164557,1.170286,0.003834
1747831570,11141546235,20773909820,691064882265,64,15.979766845703125,17.052173614501953,14.70947265625,0.14536266886798602,1072057,2384907,1013401,1.170286,1.223286,0.003834
1747831571,11142813923,20775166994,691064886165,64,15.958786010742188,17.01068878173828,14.696121215820312,0.12179079911751639,1047989,2575779,1012859,1.208961,1.198935,0.003719
1747831572,11144047065,20776409148,691064890245,63,15.17343521118164,17.123937606811523,14.987468719482422,0.12699384250539403,1034233,3021653,1011051,1.176016,1.184610,0.003891
1747831573,11145263685,20777690354,691064894607,64,16.04604721069336,17.00878143310547,15.001535415649414,0.06518743813504597,1035388,1598073,1013531,1.160259,1.221853,0.004160
1747831574,11146492321,20778953536,691064899089,64,15.997886657714844,17.043590545654297,15.00391960144043,0.03392165705172737,1033156,1258262,1010478,1.171719,1.204664,0.004274
1747831575,11147728467,20780189682,691064902989,64,15.993118286132812,17.018556594848633,14.984607696533203,0.06590094583728283,1022530,5968879,1012053,1.178881,1.178881,0.003719
1747831576,11148969119,20781475394,691064907009,63,16.017436981201172,17.018556594848633,14.958858489990234,0.06810830045765097,1046988,3928208,1015837,1.183178,1.226151,0.003834
1747831577,11150236807,20782729564,691064911371,64,16.011714935302734,17.915725708007812,14.750480651855469,0.24428694322804995,1031193,1310535,1009618,1.208961,1.196070,0.004160
1747831578,11151477459,20783977726,691064915271,64,16.027450561523438,16.965866088867188,15.016794204711914,0.03274176271781602,1049187,4721165,1011126,1.183178,1.190340,0.003719
1747831579,11152694079,20785264940,691064919351,64,15.99884033203125,17.00735092163086,14.971256256103516,0.08952774128238239,1028289,1346463,1011024,1.160259,1.227583,0.003891
1747831580,11153949751,20786508596,691064923251,63,15.990257263183594,17.02880859375,15.029191970825195,0.05925112119476485,1041328,5314424,1014308,1.197502,1.186043,0.003719
1747831581,11155161865,20787780790,691064927493,64,15.925884246826172,16.964435577392578,15.000581741333008,0.04776192893887869,1055041,1271197,1011701,1.155962,1.213259,0.004045
1747831582,11156407083,20789037964,691064931653,64,15.94090461730957,17.090797424316406,14.979124069213867,0.03660307222829657,1040605,4679905,1011131,1.187532,1.198935,0.003967
1747831583,11157620699,20790269604,691064935733,63,15.95616340637207,17.319202423095703,13.683080673217773,0.192596909462918,1038440,3027189,1010575,1.157394,1.174583,0.003891
1747831584,11158864355,20791559822,691064939633,64,16.030550003051758,16.05987548828125,15.92397689819336,0.0010463886350438557,1037065,1292939,1011957,1.186043,1.230448,0.003719
1747831585,11160123031,20792801976,691064943533,64,16.011714935302734,19.622802734375,12.453794479370117,0.48690451474566643,1050302,1375590,1010576,1.200367,1.184610,0.003719
1747831586,11161351667,20794086186,691064947493,64,15.990018844604492,17.14491844177246,14.859914779663086,0.1594841887582721,1065153,1193905,1013039,1.171719,1.224718,0.003777
1747831587,11162619355,20795308814,691064951513,64,15.847921371459961,18.935680389404297,12.9852294921875,0.42112509535441034,1030054,1204674,1012188,1.208961,1.165989,0.003834
1747831588,11163855501,20796603538,691064955815,64,16.018390655517578,17.120838165283203,14.625787734985352,0.15229909863600202,1038141,1183559,1010177,1.178881,1.234745,0.004103
1747831589,11165088643,20797854704,691064960177,63,16.018152236938477,17.001867294311523,15.010833740234375,0.06373403116770368,1051392,1234442,1012358,1.176016,1.193205,0.004160
1747831590,11166314275,20799090850,691064964197,64,15.957832336425781,17.102718353271484,14.92619514465332,0.10251863772315375,1015412,1239788,1010153,1.168854,1.178881,0.003834
1747831591,11167568445,20800352530,691064968037,64,15.995264053344727,17.19522476196289,14.831781387329102,0.07829528991728434,1022367,1245444,1013251,1.196070,1.203232,0.003662
1747831592,11168807595,20801609704,691064972057,63,15.967607498168945,17.01951026916504,15.011787414550781,0.060344158564016946,1028000,1406339,1011784,1.181746,1.198935,0.003834
1747831593,11170030223,20802919508,691064975897,64,16.014814376831055,16.72816276550293,14.955997467041016,0.02914089494376378,1158244,1381090,1010249,1.165989,1.249126,0.003662
1747831594,11171251349,20804140634,691064979737,64,15.99431037902832,16.927480697631836,14.647483825683594,0.07387252691656998,1025016,1262587,1010297,1.164557,1.164557,0.003662
1747831595,11172514531,20805391800,691064983697,63,16.003847122192383,17.16327667236328,14.804363250732422,0.0787548844757895,1025016,1262587,1010297,1.204664,1.193205,0.003777
1747831596,11173765697,20806673006,691064987717,64,16.019105911254883,17.00615882873535,15.005826950073242,0.06232465959798907,1037289,1331864,1010013,1.193205,1.221853,0.003834
1747831597,11174977811,20807912156,691064991737,64,15.99884033203125,17.036914825439453,14.993429183959961,0.04118710792830158,1037039,1321287,1012290,1.155962,1.181746,0.003834
1747831598,11176239491,20809212888,691064995757,64,16.004085540771484,16.077041625976562,15.903234481811523,0.001077521986085101,1038512,2476749,1012115,1.203232,1.240475,0.003834
1747831599,11177477139,20810462552,691064999777,63,14.909029006958008,17.098188400268555,14.909029006958008,0.13501527097724234,1159914,4373741,1009234,1.180313,1.191772,0.003834
1747831600,11178725301,20811712216,691065003737,64,16.039609909057617,18.349409103393555,13.971567153930664,0.22195717742668383,1034853,1459015,1013381,1.190340,1.191772,0.003777
1747831601,11179952435,20812957374,691065007757,64,15.930652618408203,17.014026641845703,15.002250671386719,0.09957933233349475,1122654,1238331,1013387,1.170286,1.187475,0.003834
1747831602,11181181071,20814241584,691065011717,64,14.91856575012207,19.105911254882812,14.91856575012207,0.2396595765732525,1025070,1278801,1017843,1.171719,1.224718,0.003777
1747831603,11182441249,20815509272,691065015937,63,16.034841537475586,17.033100128173828,14.384746551513672,0.16271914676403884,1062218,1539175,1018333,1.201799,1.208961,0.004025
1747831604,11183650419,20816754430,691065020017,64,15.991926193237305,17.052650451660156,14.940738677978516,0.10512095856924249,1025705,1537011,1010153,1.153154,1.187475,0.003891
1747831605,11184906091,20818007098,691065024439,64,16.0369873046875,16.152381896972656,15.864849090576172,0.0019778438872688894,1029642,1299990,1012573,1.197502,1.194637,0.004217
1747831606,11186128719,20819283798,691065028459,64,16.00170135498047,17.17376708984375,14.86063003540039,0.13846381487701104,1041483,2888912,1011143,1.165989,1.217556,0.003834
1747831607,11187358857,20820546980,691065032359,63,16.04437828063965,17.026424407958984,14.630556106567383,0.07431233664265752,1036024,2125056,1017036,1.173151,1.204664,0.003719
1747831608,11188599509,20821814668,691065036379,64,15.991687774658203,17.004966735839844,15.041351318359375,0.03152780965197744,1033717,5124677,1017297,1.183178,1.208961,0.003834
1747831609,11189847671,20823065834,691065040219,64,15.961647033691406,16.935110092163086,15.019655227661133,0.055640915225326514,1033717,5124677,1017297,1.190340,1.193205,0.003662
1747831610,11191088323,20824333522,691065044179,63,15.478372573852539,40.95101356506348,1.0194778442382812,15.408791798670531,1110107,2647080,1012513,1.183178,1.208961,0.003777
1747831611,11192322967,20825557652,691065048139,64,15.968561172485352,17.010927200317383,14.988422393798828,0.03505650914174752,1048540,1446870,1012665,1.177448,1.167421,0.003777
1747831612,11193568125,20826853948,691065052099,64,16.001462936401367,16.6475772857666,15.399694442749023,0.013375325804341209,1038888,1242474,1012237,1.187475,1.236244,0.003777
1747831613,11194801267,20828118632,691065055879,64,16.00503921508789,17.529010772705078,14.381885528564453,0.14144902534467874,1056151,3179813,1012644,1.176016,1.206097,0.003605
1747831614,11196019389,20829335252,691065059899,63,15.941858291625977,18.838882446289062,13.196945190429688,0.3551527546521274,1052105,1258289,1009572,1.161692,1.160259,0.003834
1747831615,11197282571,20830620964,691065063799,64,15.998601913452148,17.954111099243164,14.013051986694336,0.3227399901171212,1036110,2900822,1013658,1.204664,1.226151,0.003719
1747831616,11198499191,20831858612,691065067879,64,16.022682189941406,18.758058547973633,13.289690017700195,0.37771077900791206,1026796,1341238,1013003,1.160259,1.180313,0.003891
1747831617,11199744349,20833145826,691065071899,64,16.022205352783203,16.547679901123047,15.295028686523438,0.022646354656998345,1053116,1310473,1014009,1.187475,1.227583,0.003834
1747831618,11200997017,20834375964,691065075859,63,15.006303787231445,17.0285701751709,15.006303787231445,0.07327146366853514,1040437,2154326,1013456,1.194637,1.173151,0.003777
1747831619,11202230159,20835636142,691065079759,64,15.038490295410156,16.98446273803711,15.000581741333008,0.08013742176755292,1023088,3180769,1011078,1.176016,1.201799,0.003719
1747831620,11203485831,20836915846,691065083719,64,16.072511672973633,18.233299255371094,14.789104461669922,0.118243405174969,1011675,2737381,1011675,1.197502,1.220421,0.003777
1747831621,11204708459,20838186538,691065087499,63,16.08896255493164,17.0443058013916,14.971733093261719,0.1889001674702727,1097989,3381759,1010632,1.165989,1.211826,0.003605
1747831622,11205961127,20839416676,691065091639,64,16.00027084350586,18.342256546020508,13.338327407836914,0.3730527676062753,1056439,1261468,1011383,1.194637,1.173151,0.003948
1747831623,11207123610,20840691874,691065096139,64,16.03245735168457,18.030643463134766,13.986587524414062,0.18612205142323696,1027997,2249907,1010959,1.108630,1.216124,0.004292
1747831624,11208349242,20841755225,691065100219,64,15.897035598754883,17.53830909729004,14.003515243530273,0.2401119177675682,1051988,1357252,1010647,1.168854,1.014091,0.003891
1747831625,11209583946,20843021411,691065104299,64,13.10110092163086,17.95649528503418,13.10110092163086,0.3663619924660543,1061433,1262353,1012109,1.177505,1.207529,0.003891
1747831626,11210823096,20844323645,691065108319,63,15.855073928833008,17.889976501464844,13.982057571411133,0.210418993468978,1156867,1376637,1011480,1.181746,1.241907,0.003834
1747831627,11212053554,20845606353,691065112099,64,15.998601913452148,18.996715545654297,12.98975944519043,0.35394824594698965,1119562,1216928,1012328,1.173456,1.223286,0.003605
1747831628,11213280688,20846917599,691065116059,64,16.06893539428711,16.752004623413086,15.006780624389648,0.05451493045085534,1036354,1196721,1014461,1.170286,1.250502,0.003777
1747831629,11214519838,20848183845,691065118879,63,15.969991683959961,16.980648040771484,14.998912811279297,0.0849632564946039,1018278,1360622,1009808,1.181746,1.207586,0.002689
1747831630,11215787526,20849456039,691065119179,34,10.18977165222168,17.031431198120117,10.18977165222168,1.0651360368179923,1021771,3127583,1013306,1.208961,1.213259,0.000286
1747831631,11217013158,20850756771,691065122495,34,0,17.031431198120117,10.18977165222168,1.0651360368179923,1019587,1266542,1011476,1.168854,1.240475,0.003162
1747831632,11218232782,20852037977,691065126395,23,16.050338745117188,2157.8240394592285,11.436700820922852,199043.00051641493,1139532,1535025,1012993,1.163124,1.221853,0.003719
1747831633,11219506478,20853326693,691065130355,63,16.007661819458008,17.12322235107422,14.811038970947266,0.20964175814212196,1222528,1349434,1010971,1.214691,1.229015,0.003777
1747831634,11220724600,20854603393,691065134435,64,15.991687774658203,16.076326370239258,15.926122665405273,0.0007019448141916392,1144886,1204360,1011438,1.161692,1.217556,0.003891
1747831635,11221938216,20855869579,691065138395,64,16.01123809814453,18.969058990478516,13.019800186157227,0.451232538176609,1038340,1178300,1010134,1.157394,1.207529,0.003777
1747831636,11223199896,20857152287,691065142295,63,15.000104904174805,16.99209213256836,15.000104904174805,0.06276650146468395,1026091,1461831,1015032,1.203232,1.223286,0.003719
1747831637,11224419520,20858469541,691065146777,64,16.030550003051758,17.040252685546875,14.814376831054688,0.06602968476648886,1022825,1450146,1012480,1.163124,1.256231,0.004274
1747831638,11225640646,20859750747,691065150857,64,15.994071960449219,19.130468368530273,13.837099075317383,0.304181847084845,1063411,2722516,1015664,1.164557,1.221853,0.003891
1747831639,11226891812,20861036459,691065154697,63,16.00193977355957,20.006418228149414,11.95216178894043,0.5958115604550248,1021835,4539657,1010951,1.193205,1.226151,0.003662
1747831640,11228112938,20862296637,691065158777,64,15.996694564819336,18.741846084594727,14.258384704589844,0.4065168070939928,1028257,1356888,1009609,1.164557,1.201799,0.003891
1747831641,11229376120,20863582349,691065163079,64,16.066551208496094,17.233848571777344,14.727592468261719,0.1132523492563655,1033108,1319361,1011122,1.204664,1.226151,0.004103
1747831642,11230574716,20864887587,691065164039,63,15.990495681762695,16.889572143554688,15.02680778503418,0.028993299656127163,1069001,1335504,1017326,1.143070,1.244772,0.000916
1747831643,11231839400,20866155275,691065165807,4,14.213323593139648,16.02029800415039,14.213323593139648,0.7078563284166094,1035997,4000561,1012135,1.206097,1.208961,0.001686
1747831644,11233069538,20867453003,691065170055,7,16.02458953857422,1893.8853740692139,15.917539596557617,489792.20384317526,1036443,1241769,1010866,1.173151,1.237610,0.004051
1747831645,11234314696,20868726699,691065173835,63,15.962362289428711,19.756793975830078,11.986255645751953,0.5709970595752114,1036821,1459440,1012673,1.187475,1.214691,0.003605
1747831646,11235535822,20870034941,691065178175,64,15.995264053344727,16.998291015625,14.994144439697266,0.14828546242601853,1038671,1365352,1010658,1.164557,1.247637,0.004139
1747831647,11236758510,20871299625,691065182075,64,15.974998474121094,19.130706787109375,13.863563537597656,0.3095796316292005,1037313,1230123,1013406,1.166046,1.206097,0.003719
1747831648,11237985644,20872616879,691065185975,63,16.00027084350586,21.126270294189453,10.855913162231445,0.8788471376212666,1031474,1237109,1010244,1.170286,1.256231,0.003719
1747831649,11239211276,20873886069,691065189935,64,15.987157821655273,17.91071891784668,13.927221298217773,0.18321847357599963,1034253,1291179,1013373,1.168854,1.210394,0.003777
1747831650,11240486474,20875168777,691065194427,64,16.000986099243164,17.157554626464844,14.948606491088867,0.1392363096351864,1048944,1343288,1013134,1.216124,1.223286,0.004284
1747831651,11241707600,20876481525,691065198387,63,15.952348709106445,17.345190048217773,14.870643615722656,0.14375722811253258,1050863,1188630,1016044,1.164557,1.251934,0.003777
1747831652,11242925722,20877762731,691065202287,64,15.984535217285156,19.991397857666016,12.004852294921875,0.5682794453543439,1038031,1296701,1015156,1.161692,1.221853,0.003719
1747831653,11244163370,20879043937,691065205947,64,16.061782836914062,18.384933471679688,13.956069946289062,0.33618465701545575,1071477,1346057,1017210,1.180313,1.221853,0.003490
1747831654,11245429556,20880301111,691065209667,64,16.01862907409668,18.178462982177734,13.99087905883789,0.3238741137692553,1059427,1454238,1015015,1.207529,1.198935,0.003548
1747831655,11246656690,20881634887,691065213507,64,15.992879867553711,17.266035079956055,14.974832534790039,0.09578958933184314,1048543,1304450,1010799,1.170286,1.271988,0.003662
1747831656,11247891334,20882890559,691065217347,63,15.97738265991211,19.626617431640625,13.350486755371094,0.40636943991798313,1040677,1383088,1013835,1.177448,1.197502,0.003662
1747831657,11249131986,20884153741,691065221127,64,15.987873077392578,17.169952392578125,14.833927154541016,0.11068115480089938,1027782,1331923,1010626,1.183178,1.204664,0.003605
1747831658,11250398172,20885458979,691065224907,64,15.999794006347656,17.036914825439453,14.998912811279297,0.09593184974788246,1010898,3338538,1010898,1.207529,1.244772,0.003605
1747831659,11251662856,20886746193,691065228027,64,16.00813865661621,17.99798011779785,14.009952545166016,0.19087488331898567,1062974,1223966,1012373,1.206097,1.227583,0.002975
1747831660,11252865958,20888045423,691065228327,30,7.154941558837891,17.029523849487305,7.154941558837891,2.6757471311431273,1069771,1394181,1010976,1.147367,1.239042,0.000286
1747831661,11254133646,20889337143,691065231883,30,0,17.029523849487305,7.154941558837891,2.6757471311431273,1051811,4495159,1010830,1.208961,1.231880,0.003391
1747831662,11255347262,20890588309,691065235663,36,16.022920608520508,2004.8911571502686,15.000343322753906,109790.60127785229,1041794,4317523,1013158,1.157394,1.193205,0.003605
1747831663,11256566886,20891878527,691065239503,64,15.990734100341797,17.024993896484375,15.004158020019531,0.0659337483138992,1066816,3659394,1009156,1.163124,1.230448,0.003662
1747831664,11257785008,20893165741,691065243403,63,15.973806381225586,17.273426055908203,15.005826950073242,0.04436247583042768,1065462,1200409,1017101,1.161692,1.227583,0.003719
1747831665,11259033170,20894484497,691065247483,64,16.03984832763672,19.965648651123047,11.993408203125,0.5088098412076704,1230201,1245739,1012024,1.190340,1.257664,0.003891
1747831666,11260261806,20895732659,691065251643,64,16.025304794311523,17.138242721557617,14.972925186157227,0.225541561124853,1080432,1369010,1012506,1.171719,1.190340,0.003967
1747831667,11261484434,20897019873,691065255825,63,16.1588191986084,17.006874084472656,15.001773834228516,0.08193274538234287,1048867,1293174,1011710,1.165989,1.227583,0.003988
1747831668,11262708564,20898305585,691065260159,64,15.99740982055664,17.03357696533203,14.95981216430664,0.08384302533824824,1085582,4568032,1014681,1.167421,1.226151,0.004133
1747831669,11263967300,20899630349,691065264313,64,16.011476516723633,17.11440086364746,14.897823333740234,0.0761789355323554,1193880,1306954,1011488,1.200424,1.263393,0.003962
1747831670,11265201944,20900910053,691065268647,63,15.966415405273438,16.98017120361328,14.947891235351562,0.03767895832408421,1076956,1445651,1012838,1.177448,1.220421,0.004133
1747831671,11266432082,20902180745,691065272367,64,15.907526016235352,16.71433448791504,15.008926391601562,0.026026540181274604,1053189,1372975,1012740,1.173151,1.211826,0.003548
1747831672,11267675738,20903475529,691065276641,64,15.98978042602539,17.1051025390625,14.88947868347168,0.03957765078539446,1034952,8640109,1011937,1.186043,1.234802,0.004076
1747831673,11268922398,20904749225,691065280721,63,16.003847122192383,16.823768615722656,14.934778213500977,0.030660293824220957,1035104,2775880,1012680,1.188908,1.214691,0.003891
1747831674,11270127002,20906046953,691065284681,65,16.037464141845703,17.970800399780273,14.029741287231445,0.15401159968175815,1037437,3849299,1010511,1.148800,1.237610,0.003777
1747831675,11271366152,20907319147,691065288401,63,15.960931777954102,19.92201805114746,12.00103759765625,0.5340807989179722,1120972,1330591,1009083,1.181746,1.213259,0.003548
1747831676,11272633840,20908625887,691065292795,64,16.078472137451172,17.035245895385742,14.952659606933594,0.1236517931007709,1043050,3275310,1010497,1.208961,1.246204,0.004190
1747831677,11273856468,20909883061,691065296635,64,16.050100326538086,18.273115158081055,14.734745025634766,0.2830667364922888,1033839,1355046,1013100,1.165989,1.198935,0.003662
1747831678,11275095618,20911191303,691065300355,64,15.963315963745117,19.007444381713867,13.00668716430664,0.28741748038510073,1023946,1246843,1013577,1.181746,1.247637,0.003548
1747831679,11276292712,20912472509,691065304195,63,16.01576805114746,21.048307418823242,10.849952697753906,1.1433986330056238,1057184,1472530,1014136,1.141638,1.221853,0.003662
1747831680,11277524352,20913767233,691065307915,64,16.0067081451416,16.999244689941406,15.043973922729492,0.034250454223853886,1025898,1227290,1011277,1.174583,1.234745,0.003548
1747831681,11278778522,20915021403,691065311515,63,16.774892807006836,17.023801803588867,14.945030212402344,0.05042536751432951,1040551,1217431,1016194,1.196070,1.196070,0.003433
1747831682,11280001150,20916331147,691065315535,64,15.017509460449219,19.114971160888672,12.908697128295898,1.2892661242900876,1090974,2985148,1009386,1.165989,1.249069,0.003834
1747831683,11281268838,20917621365,691065319435,64,15.981674194335938,17.991065979003906,13.979911804199219,0.2684813156990922,1032706,1299421,1010179,1.208961,1.230448,0.003719
1747831684,11282495972,20918910081,691065323649,64,16.02482795715332,17.112255096435547,14.885663986206055,0.19899996431500588,1039799,4780928,1013584,1.170286,1.229015,0.004019
1747831685,11283730616,20920165753,691065327609,64,15.933036804199219,17.035245895385742,14.99032974243164,0.06349656116574151,1046447,4638020,1018949,1.177448,1.197502,0.003777
1747831686,11284977276,20921489015,691065331509,64,15.998125076293945,17.058134078979492,14.978408813476562,0.16289025824625902,1140798,2926330,1017927,1.188908,1.261961,0.003719
1747831687,11286180378,20922804767,691065335229,63,15.969276428222656,18.00537109375,13.975143432617188,0.20785276804511826,1035541,2948949,1013259,1.147367,1.254799,0.003548
1747831688,11287419528,20924061941,691065339249,64,16.010046005249023,18.021583557128906,14.006853103637695,0.22451485598083784,1023105,1274333,1017047,1.181746,1.198935,0.003834
1747831689,11288657176,20925313107,691065343029,64,15.976190567016602,17.88187026977539,14.139890670776367,0.24709633532552489,1216875,4757107,1010304,1.180313,1.193205,0.003605
1747831690,11289905658,20926597317,691065347049,63,15.996694564819336,17.017602920532227,14.976263046264648,0.15756647793664144,1025322,1323888,1008878,1.190645,1.224718,0.003834
1747831691,11291132852,20927881527,691065351189,64,16.002655029296875,16.134023666381836,15.821218490600586,0.002272806493049432,1020363,3715721,1012071,1.170343,1.224718,0.003948
1747831692,11292370500,20929207793,691065355209,64,16.93105697631836,17.040014266967773,14.992952346801758,0.04794631839149485,1049524,1385264,1011885,1.180313,1.264826,0.003834
1747831693,11293611152,20930463465,691065359109,63,16.671180725097656,17.134666442871094,14.904022216796875,0.09738136851554054,1034065,1260602,1011340,1.183178,1.197502,0.003719
1747831694,11294856310,20931753683,691065363189,64,15.977859497070312,17.005443572998047,14.98556137084961,0.09624407823064175,1033363,3820026,1012873,1.187475,1.230448,0.003891
1747831695,11296110480,20933057419,691065367209,64,16.012191772460938,17.10200309753418,14.851093292236328,0.042801736547680436,1137961,1243264,1012255,1.196070,1.243340,0.003834
1747831696,11297352634,20934310087,691065371229,64,16.046524047851562,17.009973526000977,14.992475509643555,0.09118331853153985,1030393,1531437,1008629,1.184610,1.194637,0.003834
1747831697,11298546724,20935598803,691065375129,63,15.903472900390625,17.683982849121094,14.962434768676758,0.12895700243484476,1040716,5135295,1011973,1.138773,1.229015,0.003719
1747831698,11299803898,20936905543,691065379149,64,15.841960906982422,16.308307647705078,15.706777572631836,0.004535213920150768,1036630,1810771,1014689,1.198935,1.246204,0.003834
1747831699,11301068582,20938216789,691065382749,64,16.016006469726562,17.06099510192871,13.921499252319336,0.13836664671675972,1173135,1362327,1017629,1.206097,1.250502,0.003433
1747831700,11302267178,20939478469,691065387143,64,16.016483306884766,19.03700828552246,12.993335723876953,0.4037713886052132,1041415,1279963,1010581,1.143070,1.203232,0.004190
1747831701,11303494312,20940759675,691065391043,63,18.198728561401367,20.00880241394043,11.983871459960938,0.7230431277130084,1072614,1270823,1012515,1.170286,1.221853,0.003719
1747831702,11304730458,20942057403,691065395063,64,15.997648239135742,17.603635787963867,13.705253601074219,0.2738412779300971,1027821,1327544,1014111,1.178881,1.237610,0.003834
1747831703,11305969608,20943316079,691065398783,64,16.002178192138672,19.214391708374023,13.836383819580078,0.36118027953861176,1040874,1268936,1012651,1.181746,1.200367,0.003548
1747831704,11307196742,20944609301,691065402683,63,16.017436981201172,18.9974308013916,13.029813766479492,0.3786423344854389,1088969,1293345,1012355,1.170286,1.233313,0.003719
1747831705,11308446406,20945898017,691065406523,64,15.992164611816406,17.121553421020508,13.969182968139648,0.23942789239361473,1035465,1566038,1009888,1.191772,1.229015,0.003662
1747831706,11309723106,20947198749,691065410543,64,16.02649688720703,17.232179641723633,14.815330505371094,0.17508439868792852,1045112,1334553,1010959,1.217556,1.240475,0.003834
1747831707,11310903678,20948457425,691065414503,63,16.025066375732422,17.249107360839844,14.755010604858398,0.18155090986820385,1240640,1421127,1013683,1.125881,1.200367,0.003777
1747831708,11312144330,20949777683,691065418163,64,15.94853401184082,19.092082977294922,13.139009475708008,0.4690903126573997,1359409,1359409,1013644,1.183178,1.259096,0.003490
1747831709,11313392492,20951030351,691065421943,64,16.042470932006836,20.061254501342773,11.854410171508789,0.5688603098194629,1059813,1379921,1015762,1.190340,1.194637,0.003605
1747831710,11314625634,20952325075,691065425483,64,15.958547592163086,16.240596771240234,15.741586685180664,0.005398673616100397,1022288,1229289,1011653,1.176016,1.234745,0.003376
1747831711,11315857274,20953603277,691065429443,63,16.04175567626953,17.121553421020508,14.883041381835938,0.04898685063281134,1058724,1173613,1010569,1.174583,1.218988,0.003777
1747831712,11317088974,20954920531,691065433103,64,15.995264053344727,18.015146255493164,13.975858688354492,0.24230668828613797,1017795,1400707,1014880,1.174641,1.256231,0.003490
1747831713,11318329626,20956176203,691065437123,64,15.919685363769531,18.33820343017578,13.97562026977539,0.32751177574840246,1035652,1275470,1017534,1.183178,1.197502,0.003834
1747831714,11319567274,20957485947,691065441083,63,15.971899032592773,17.40884780883789,15.00248908996582,0.11286840327849441,1043044,1238355,1012016,1.180313,1.249069,0.003777
1747831715,11320791404,20958753635,691065445043,64,15.994071960449219,16.79396629333496,14.871835708618164,0.03228468740765464,1087451,1319259,1012447,1.167421,1.208961,0.003777
1747831716,11322012530,20960034841,691065449003,64,14.997005462646484,18.718719482421875,14.291524887084961,0.31499635630333167,1024370,1237483,1012860,1.164557,1.221853,0.003777
1747831717,11323262194,20961344585,691065452903,63,16.012191772460938,17.043352127075195,14.971017837524414,0.10261011363792977,1023810,6212494,1009583,1.191772,1.249069,0.003719
1747831718,11324477312,20962625791,691065456743,64,15.987157821655273,16.987085342407227,15.003442764282227,0.05251122305147622,1044879,3784302,1013650,1.158827,1.221853,0.003662
1747831719,11325722470,20963910001,691065460523,64,16.009807586669922,19.881486892700195,12.116670608520508,0.5648403477346875,1160127,5118502,1013176,1.187475,1.224718,0.003605
1747831720,11326943596,20965176187,691065464123,63,17.166614532470703,18.651485443115234,14.300823211669922,0.2000252932667043,1072545,3593680,1013505,1.164557,1.207529,0.003433
1747831721,11328206778,20966478481,691065468083,64,16.01123809814453,19.03986930847168,12.925386428833008,0.3726202184053166,1033504,1325482,1010065,1.204664,1.241964,0.003777
1747831722,11329426402,20967758185,691065471983,64,16.00050926208496,16.164541244506836,15.845775604248047,0.0020249015304014185,1067549,1407698,1012301,1.163124,1.220421,0.003719
1747831723,11330667054,20969055913,691065475943,64,16.000032424926758,18.021106719970703,13.993263244628906,0.16258476077475773,1030174,1320273,1011381,1.183178,1.237610,0.003777
1747831724,11331927232,20970338621,691065479843,63,16.02482795715332,17.594337463378906,13.964653015136719,0.16428067221246895,1036988,1322166,1010415,1.201799,1.223286,0.003719
1747831725,11333157370,20971630341,691065483743,64,15.882730484008789,16.99090003967285,15.029191970825195,0.06183409275841006,1153478,3292084,1013254,1.173151,1.231880,0.003719
1747831726,11334375492,20972890519,691065487643,64,15.995979309082031,17.024517059326172,14.969825744628906,0.05925789579564716,1047936,1189493,1009619,1.161692,1.201799,0.003719
1747831727,11335622152,20974204769,691065491603,63,15.980720520019531,17.07148551940918,15.001535415649414,0.14643432371172901,1076826,1317680,1012479,1.188908,1.253366,0.003777
1747831728,11336837270,20975481469,691065495623,64,15.991687774658203,18.00251007080078,13.99374008178711,0.22013979994724803,1030183,1264043,1009357,1.158827,1.217556,0.003834
1747831729,11338082428,20976764177,691065499523,64,11.65151596069336,20.36762237548828,11.65151596069336,0.7035965331346637,1044765,2630008,1016469,1.187475,1.223286,0.003719
1747831730,11339321578,20978063407,691065503543,63,16.027212142944336,18.0206298828125,13.99683952331543,0.13221050426075576,1069805,1895691,1010112,1.181746,1.239042,0.003834
1747831731,11340565234,20979334099,691065508003,64,16.002178192138672,17.055034637451172,14.975547790527344,0.03554227672971146,1042142,1475729,1008786,1.186043,1.211826,0.004253
1747831732,11341795372,20980634831,691065512157,64,16.010284423828125,16.9832706451416,14.995813369750977,0.058423789502695736,1057431,1291304,1011838,1.173151,1.240475,0.003962
1747831733,11343045036,20981914535,691065515997,63,16.013622283935547,17.02594757080078,14.824628829956055,0.16522191085828594,1439913,5193407,1016364,1.191772,1.220421,0.003662
1747831734,11344284246,20983209259,691065520017,64,15.930414199829102,16.991138458251953,15.039682388305664,0.03203312636338234,1064561,5917080,1009624,1.181803,1.234745,0.003834
1747831735,11345511380,20984499477,691065523797,64,16.000986099243164,17.057418823242188,14.96577262878418,0.035901573281909405,1020685,4527341,1012385,1.170286,1.230448,0.003605
1747831736,11346734008,20985786691,691065527457,64,15.988349914550781,17.998695373535156,13.99993896484375,0.20971667650084963,1024889,1268471,1011484,1.165989,1.227583,0.003490
1747831737,11348025728,20987072403,691065527757,27,9.205102920532227,18.044710159301758,9.205102920532227,2.031138305941293,1043926,1394880,1010350,1.231880,1.226151,0.000286
1747831738,11349254364,20988353609,691065529939,27,0,18.044710159301758,9.205102920532227,2.031138305941293,1030497,1345888,1012089,1.171719,1.221853,0.002081
1747831739,11350476992,20989607779,691065533953,30,16.005754470825195,2148.7720012664795,14.993906021118164,151443.51480225538,1020283,1300611,1015592,1.165989,1.196070,0.003828
1747831740,11351734166,20990923531,691065537733,63,16.00480079650879,16.92652702331543,15.089035034179688,0.04010374748808417,1062540,1329509,1012086,1.198935,1.254799,0.003605
1747831741,11352944778,20992180705,691065541693,64,15.996217727661133,18.034696578979492,14.021873474121094,0.22855030382268712,1040903,1281144,1011658,1.154530,1.198935,0.003777
1747831742,11354180924,20993497959,691065545653,64,15.91634750366211,17.48490333557129,14.495849609375,0.17265830584555902,1019177,1164005,1013266,1.178881,1.256231,0.003777
1747831743,11355408058,20994749125,691065549733,63,15.993118286132812,17.07935333251953,14.902114868164062,0.0635716068654612,1042468,1197876,1010204,1.170286,1.193205,0.003891
1747831744,11356659224,20996049857,691065553693,64,15.975475311279297,17.17400550842285,15.059471130371094,0.03702502432077857,1043001,1328951,1016115,1.193205,1.240475,0.003777
1747831745,11357874342,20997331063,691065557533,64,15.959739685058594,18.88442039489746,13.078689575195312,0.31754479474420594,1064276,1423196,1013710,1.158827,1.221853,0.003662
1747831746,11359113492,20998610767,691065561433,64,16.005754470825195,17.324209213256836,13.689041137695312,0.268078828975878,1040148,1379732,1015855,1.181746,1.220421,0.003719
1747831747,11360334618,20999900985,691065565453,63,15.999317169189453,18.99433135986328,13.005495071411133,0.38876917420787765,1015031,1181265,1010473,1.164557,1.230448,0.003834
1747831748,11361578274,21001185195,691065569293,64,16.033172607421875,17.00425148010254,14.735698699951172,0.09949952574881755,1024286,3507350,1015182,1.186043,1.224718,0.003662
1747831749,11362802404,21002476915,691065573133,64,16.04294776916504,17.009973526000977,14.997720718383789,0.032730075802558066,1022011,3537950,1020448,1.167421,1.231880,0.003662
1747831750,11364067088,21003770137,691065577153,64,16.003131866455078,17.06695556640625,14.997482299804688,0.06799236170104399,1063666,6031605,1013494,1.206097,1.233313,0.003834
1747831751,11365288214,21005072371,691065581293,63,15.069246292114258,17.02737808227539,14.776945114135742,0.1433003559652962,1037132,1235029,1013130,1.164557,1.241907,0.003948
1747831752,11366540882,21006352075,691065585253,64,15.990257263183594,16.33000373840332,15.680789947509766,0.004293967185123915,1045361,1327590,1014360,1.194637,1.220421,0.003777
1747831753,11367768336,21007636285,691065589153,64,16.0372257232666,16.422510147094727,15.594482421875,0.007941308414086128,1036815,1481288,1011520,1.170591,1.224718,0.003719
1747831754,11369016498,21008900969,691065592753,63,17.011404037475586,17.011404037475586,14.96124267578125,0.17859926305500906,1039115,4291946,1012629,1.190340,1.206097,0.003433
1747831755,11370224106,21010183677,691065594313,54,1.85394287109375,16.12114906311035,1.85394287109375,3.7153481767585737,1060181,4683311,1012030,1.151665,1.223286,0.001488
1747831756,11371488850,21011481405,691065594673,54,0,16.12114906311035,1.85394287109375,3.7153481767585737,1019084,5296208,1017769,1.206154,1.237610,0.000343
1747831757,11372696458,21012756603,691065594973,54,0,16.12114906311035,1.85394287109375,3.7153481767585737,1213723,1328079,1011273,1.151665,1.216124,0.000286
1747831758,11373961142,21014070853,691065595273,54,0,16.12114906311035,1.85394287109375,3.7153481767585737,1077140,1339887,1010781,1.206097,1.253366,0.000286
1747831759,11375188276,21015335537,691065599437,6,16.021728515625,4121.144533157349,15.957117080688477,2696343.249872493,1031885,1311418,1012027,1.170286,1.206097,0.003971
1747831760,11376445450,21016621249,691065603517,64,16.000032424926758,17.032146453857422,14.937400817871094,0.06807875854184678,1057576,1357246,1016556,1.198935,1.226151,0.003891
1747831761,11377684600,21017912969,691065607651,63,16.129255294799805,18.04041862487793,13.96322250366211,0.25620860423270136,1024866,1186020,1010287,1.181746,1.231880,0.003942
1747831762,11378902722,21019182159,691065611671,64,14.993429183959961,17.048358917236328,14.961719512939453,0.1265506846384947,1084331,5987060,1016538,1.161692,1.210394,0.003834
1747831763,11380153888,21020473879,691065615511,64,15.986442565917969,19.237995147705078,12.761354446411133,0.5330861133443405,1034538,1326756,1017011,1.193205,1.231880,0.003662
1747831764,11381384026,21021783623,691065619411,63,15.981674194335938,17.180919647216797,14.910697937011719,0.17415348468498468,1044436,1221593,1010443,1.173151,1.249069,0.003719
1747831765,11382599144,21023070837,691065623191,64,16.011476516723633,17.05336570739746,14.93072509765625,0.10386530729669004,1029777,1554338,1017441,1.158827,1.227583,0.003605
1747831766,11383860824,21024358051,691065627211,64,16.010046005249023,17.02570915222168,14.997005462646484,0.06613914124508317,1020821,1354639,1012407,1.203232,1.227583,0.003834
1747831767,11385065428,21025649771,691065631111,63,15.997648239135742,17.360448837280273,13.994693756103516,0.15913443407040032,1028522,1452590,1010924,1.148800,1.231880,0.003719
1747831768,11386324104,21026908447,691065634951,64,16.023635864257812,18.2797908782959,13.71455192565918,0.19509203778740047,1038866,1299152,1011744,1.200367,1.200367,0.003662
1747831769,11387570764,21028200167,691065635791,33,11.380910873413086,19.031047821044922,11.380910873413086,1.3960532214141175,1072002,1238893,1011106,1.188908,1.231880,0.000801
1747831770,11388773866,21029499457,691065637499,33,0,19.031047821044922,11.380910873413086,1.3960532214141175,1035643,1232594,1012950,1.147367,1.239100,0.001629
1747831771,11390041554,21030759635,691065641807,33,15.989065170288086,2016.7410373687744,14.970064163208008,121183.85600779089,1033175,4136373,1011239,1.208961,1.201799,0.004108
1747831772,11391267186,21032045347,691065645707,64,14.995336532592773,17.009496688842773,14.995336532592773,0.09457567968985088,1019294,1409514,1010649,1.168854,1.226151,0.003719
1747831773,11392510842,21033346079,691065650047,63,16.019582748413086,17.007827758789062,14.996051788330078,0.08596905780388006,1027463,3425595,1013678,1.186043,1.240475,0.004139
1747831774,11393763510,21034642305,691065654127,63,16.019582748413086,17.007827758789062,14.996051788330078,0.08596905780388006,1036067,1228925,1011705,1.194637,1.236177,0.003891
1747831775,11394990644,21035916001,691065658207,64,15.968561172485352,17.20714569091797,14.97793197631836,0.06599739558494225,1042430,2957827,1016127,1.170286,1.214691,0.003891
1747831776,11396222284,21037188195,691065661987,64,16.101360321044922,16.99042320251465,14.959096908569336,0.0918126533756248,1042989,1592587,1013328,1.174583,1.213259,0.003605
1747831777,11397476454,21038494935,691065665887,63,15.992403030395508,16.72220230102539,15.034675598144531,0.0497633674464314,1035759,1212780,1010357,1.196070,1.246204,0.003719
1747831778,11398729182,21039761121,691065669907,64,15.972614288330078,17.00758934020996,14.99629020690918,0.03280119864914731,1038227,1337047,1011191,1.194695,1.207529,0.003834
1747831779,11399969834,21041045331,691065673927,63,16.02029800415039,16.998767852783203,15.231847763061523,0.028361451443342803,1056946,2022490,1017133,1.183178,1.224718,0.003834
1747831780,11401213490,21042355075,691065677947,64,15.985488891601562,17.063140869140625,14.956951141357422,0.102488486850957,1022447,1199016,1014148,1.186043,1.249069,0.003834
1747831781,11402425604,21043636281,691065681847,64,15.952348709106445,17.039060592651367,15.101194381713867,0.031752633866428424,1032597,2951331,1011967,1.155962,1.221853,0.003719
1747831782,11403670762,21044905471,691065685747,63,15.991449356079102,17.05312728881836,14.984369277954102,0.10318954724990097,1038254,1295423,1012516,1.187475,1.210394,0.003719
1747831783,11404890386,21046225729,691065689587,64,16.020774841308594,17.046451568603516,14.995336532592773,0.061519844809004263,1067057,1256417,1010247,1.163124,1.259096,0.003662
1747831784,11406135544,21047506935,691065693247,64,16.017436981201172,17.328739166259766,14.9383544921875,0.12056210826749253,1027809,1406326,1011591,1.187475,1.221853,0.003490
1747831785,11407355168,21048782133,691065697087,63,16.01886749267578,16.843795776367188,14.996051788330078,0.03198866064069589,1242348,1357006,1014698,1.163124,1.216124,0.003662
1747831786,11408601828,21050081363,691065700987,64,15.989065170288086,17.009258270263672,15.00248908996582,0.06846364081957085,1013668,1267095,1011160,1.188908,1.239042,0.003719
1747831787,11409842480,21051367075,691065704947,64,16.023635864257812,17.01664924621582,14.98866081237793,0.08883584908861045,1013668,1267095,1011160,1.183178,1.226151,0.003777
1747831788,11411108666,21052631759,691065708967,64,16.00170135498047,18.005847930908203,13.959169387817383,0.2985496621935367,1013668,1267095,1011160,1.207529,1.206097,0.003834
1747831789,11412338804,21053906957,691065713047,63,16.00480079650879,17.022371292114258,14.968633651733398,0.06555501476378175,1054301,1455887,1012006,1.173151,1.216124,0.003891
1747831790,11413549416,21055194171,691065717067,63,16.00480079650879,17.022371292114258,14.968633651733398,0.06555501476378175,1054301,1455887,1012006,1.154530,1.227583,0.003834
1747831791,11414806590,21056508421,691065720907,64,16.045808792114258,19.04153823852539,12.846946716308594,0.3725926328913645,1024219,1259569,1012886,1.198935,1.253366,0.003662
1747831792,11416041234,21057774607,691065724807,64,16.07966423034668,17.055988311767578,14.97960090637207,0.09430498809249782,1021748,4335741,1012074,1.177448,1.207529,0.003719
1747831793,11417259356,21059084351,691065728467,63,16.041994094848633,17.078399658203125,14.969110488891602,0.072846915019784,1022350,4772408,1010119,1.161692,1.249069,0.003490
1747831794,11418518032,21060337019,691065732747,64,16.02029800415039,17.013072967529297,15.089750289916992,0.036241056128827116,1043494,1212483,1012430,1.200367,1.194637,0.004082
1747831795,11419706114,21061622731,691065736827,64,15.984773635864258,17.316341400146484,14.651775360107422,0.0592195531695209,1023461,1239411,1013624,1.133043,1.226151,0.003891
1747831796,11420943762,21062953503,691065740667,63,15.997648239135742,17.030715942382812,14.961481094360352,0.12358883507525933,1044382,1391508,1015796,1.180313,1.269123,0.003662
1747831797,11422208446,21064198661,691065744207,64,16.02792739868164,17.017841339111328,15.032291412353516,0.032052835089509055,1039136,1305434,1010708,1.206097,1.187475,0.003376
1747831798,11423423564,21065496389,691065748227,64,16.02768898010254,17.022371292114258,14.987707138061523,0.08803345119758314,1023060,1492969,1011603,1.158827,1.237610,0.003834
1747831799,11424664276,21066794117,691065752067,64,15.964031219482422,17.21048355102539,13.997793197631836,0.23591031931921833,1023415,3215264,1013049,1.183235,1.237610,0.003662
1747831800,11425904928,21068075323,691065755967,64,16.003131866455078,17.049789428710938,14.008283615112305,0.16178629950173376,1156892,1174928,1014940,1.183178,1.221853,0.003719
1747831801,11427138070,21069337003,691065760047,64,15.971660614013672,18.93758773803711,13.077497482299805,0.42194071119500237,1023485,1190075,1011758,1.176016,1.203232,0.003891
1747831802,11428365204,21070648249,691065763887,63,16.001462936401367,16.92962646484375,14.967918395996094,0.03293176703053453,1031271,1314052,1013525,1.170286,1.250502,0.003662
1747831803,11429617872,21071911431,691065767547,64,15.964984893798828,17.04263687133789,14.995098114013672,0.09847255980393128,1028141,1192404,1012157,1.194637,1.204664,0.003490
1747831804,11430861528,21073245207,691065771447,64,17.043590545654297,19.2263126373291,12.844562530517578,0.3423145965672982,1036746,1191523,1010256,1.186043,1.271988,0.003719
1747831805,11432088662,21074505385,691065775287,64,17.043590545654297,19.2263126373291,12.844562530517578,0.3423145965672982,1036746,1191523,1010256,1.170286,1.201799,0.003662
1747831806,11433320302,21075782085,691065779307,64,15.994071960449219,18.37468147277832,13.637304306030273,0.26026227695714643,1035245,1249463,1014325,1.174583,1.217556,0.003834
1747831807,11434536922,21077081315,691065783207,63,15.977859497070312,17.02141761779785,14.969110488891602,0.11171110155543161,1034989,5914160,1011417,1.160259,1.239042,0.003719
1747831808,11435786586,21078353509,691065786867,64,15.953779220581055,17.03667640686035,14.978408813476562,0.06139523567090154,1042602,1341647,1010520,1.191772,1.213259,0.003490
1747831809,11437025736,21079625703,691065790767,64,15.969038009643555,16.97540283203125,14.9993896484375,0.08634106207016909,1032775,1238865,1014971,1.181746,1.213259,0.003719
1747831810,11438267890,21080929439,691065794847,63,15.959739685058594,17.03643798828125,14.983892440795898,0.12984559674016194,1246279,1298983,1011685,1.184610,1.243340,0.003891
1747831811,11439526566,21082195625,691065798687,64,15.004634857177734,17.07911491394043,15.000343322753906,0.11983243858775765,1038428,1322778,1014026,1.200367,1.207529,0.003662
1747831812,11440764214,21083482839,691065802707,64,16.002893447875977,17.072677612304688,14.96577262878418,0.09760926827513315,1055037,1383173,1010403,1.180313,1.227583,0.003834
1747831813,11442016882,21084807603,691065806607,63,15.966653823852539,19.3483829498291,12.71367073059082,0.3898800203215501,1028442,1354998,1015398,1.194637,1.263393,0.003719
1747831814,11443236506,21086075291,691065810747,64,16.03984832763672,17.07935333251953,14.940023422241211,0.09978972387643249,1168958,2176506,1015542,1.163124,1.208961,0.003948
1747831815,11444471150,21087361003,691065814527,63,15.988588333129883,17.190217971801758,13.011693954467773,0.2311846887670885,1045547,1266766,1014157,1.177448,1.226151,0.003605
1747831816,11445714806,21088655727,691065818547,64,16.045570373535156,17.007112503051758,14.945507049560547,0.06712197615940194,1042406,1206934,1010115,1.186043,1.234745,0.003834
1747831817,11446934750,21089948949,691065822627,64,17.01807975769043,17.01807975769043,14.984846115112305,0.08635874843663581,1033945,1368173,1013649,1.163429,1.233313,0.003891
1747831818,11448196430,21091236163,691065826647,64,15.986442565917969,16.971349716186523,15.009403228759766,0.049767989389412244,1041179,1211756,1014732,1.203232,1.227583,0.003834
1747831819,11449447596,21092508417,691065830727,63,15.001773834228516,17.05145835876465,14.981746673583984,0.12428900159500399,1041023,1540387,1012707,1.193205,1.213316,0.003891
1747831820,11450631172,21093771599,691065834507,64,16.0219669342041,17.982006072998047,14.033079147338867,0.24971410778539907,1131943,1394178,1009950,1.128746,1.204664,0.003605
1747831821,11451883840,21095072331,691065838467,64,16.0219669342041,17.982006072998047,14.033079147338867,0.24971410778539907,1131943,1394178,1009950,1.194637,1.240475,0.003777
1747831822,11453132002,21096370059,691065842427,63,15.963554382324219,17.03333854675293,14.940023422241211,0.12953399189810547,1036870,1339319,1011615,1.190340,1.237610,0.003777
1747831823,11454353128,21097630237,691065846387,64,15.651464462280273,17.549753189086914,14.984369277954102,0.15726687788351354,1020132,1219557,1011099,1.164557,1.201799,0.003777
1747831824,11455601290,21098926463,691065850527,64,15.987634658813477,17.70186424255371,14.743566513061523,0.14942901323478078,1023471,1398758,1014003,1.190340,1.236177,0.003948
1747831825,11456813404,21100239211,691065854367,63,15.987396240234375,17.032861709594727,14.969825744628906,0.15814386308569878,1116921,1377660,1015890,1.155962,1.251934,0.003662
1747831826,11458058562,21101520417,691065858447,64,15.992879867553711,16.98589324951172,15.041112899780273,0.03139239857431296,4441478,4441478,1011623,1.187475,1.221853,0.003891
1747831827,11459299214,21102794113,691065862407,64,16.01886749267578,17.309188842773438,14.68348503112793,0.1465064388010386,1020478,1235729,1011828,1.183178,1.214691,0.003777
1747831828,11460530914,21104060299,691065866187,64,17.021894454956055,17.39788055419922,14.994382858276367,0.15668225891702375,1059791,3343873,1012555,1.174641,1.207529,0.003605
1747831829,11461767060,21105362533,691065869967,63,16.01696014404297,19.16980743408203,12.74418830871582,0.4425068334548106,1034662,3488733,1014712,1.178881,1.241907,0.003605
1747831830,11463004708,21106646743,691065873747,64,16.028881072998047,19.072532653808594,13.023614883422852,0.4667002798248554,1034306,1352227,1011792,1.180313,1.224718,0.003605
1747831831,11464258878,21107950479,691065877767,64,15.980005264282227,27.362585067749023,4.6367645263671875,4.402646383686562,1033514,5492997,1011242,1.196070,1.243340,0.003834
1747831832,11465472494,21109236191,691065881547,63,15.99740982055664,17.421483993530273,14.995336532592773,0.09243159234930744,1024089,1227247,1011419,1.157394,1.226151,0.003605
1747831833,11466714648,21110490361,691065885627,64,16.042709350585938,17.133235931396484,14.931678771972656,0.16389685657403139,1027244,1395541,1011604,1.184610,1.196070,0.003891
1747831834,11467958304,21111797101,691065889287,64,16.01552963256836,16.99995994567871,14.99319076538086,0.06406235749890504,1045849,2257838,1011774,1.186043,1.246204,0.003490
1747831835,11469194450,21113063287,691065893247,63,15.948772430419922,19.309043884277344,12.702465057373047,0.5702343318600239,1027132,1295327,1012236,1.178881,1.207529,0.003777
1747831836,11470421584,21114370027,691065897407,64,15.727758407592773,17.07315444946289,14.981508255004883,0.1486297881489035,1048148,1271702,1011528,1.170286,1.246204,0.003967
1747831837,11471660734,21115655739,691065901607,64,15.995502471923828,17.06695556640625,14.956235885620117,0.12340515854342061,1024505,1224235,1012243,1.181746,1.226151,0.004005
1747831838,11472917908,21116924929,691065905387,63,16.04294776916504,17.24720001220703,14.840364456176758,0.14479773318670236,1053674,1303675,1011771,1.198935,1.210394,0.003605
1747831839,11474170576,21118201629,691065909407,64,16.06607437133789,18.918275833129883,13.010978698730469,0.6237525740169969,1029906,1290603,1013628,1.194637,1.217556,0.003834
1747831840,11475387196,21119521887,691065913067,64,16.00193977355957,16.847610473632812,14.992713928222656,0.030241163893032066,1039212,1232558,1011874,1.160259,1.259096,0.003490
1747831841,11476623342,21120794081,691065917027,64,15.974760055541992,19.97995376586914,13.054609298706055,0.609855507090191,1039290,1245657,1013367,1.178881,1.213259,0.003777
1747831842,11477894034,21122063271,691065920807,63,15.999078750610352,16.13593101501465,15.87677001953125,0.0020663219212914063,1057997,1299014,1011060,1.211826,1.210394,0.003605
1747831843,11479104646,21123373015,691065924527,64,15.98501205444336,19.132137298583984,12.85099983215332,0.3698837165565341,1061254,1246774,1016162,1.154530,1.249069,0.003548
1747831844,11480325772,21124652719,691065928487,64,15.989065170288086,16.998767852783203,15.075445175170898,0.03145661539664885,1126718,5892953,1013294,1.164557,1.220421,0.003777
1747831845,11481527372,21125950447,691065931967,63,15.925884246826172,19.107341766357422,12.831926345825195,0.42956522982007495,1053627,4403917,1013449,1.145935,1.237610,0.003319
1747831846,11482792056,21127207621,691065932207,63,13.111352920532227,17.737865447998047,13.111352920532227,0.2372191851077971,1022778,1148282,1011031,1.206097,1.198935,0.000229
1747831847,11484041720,21128505349,691065934803,63,0,17.737865447998047,13.111352920532227,0.2372191851077971,1035526,1203071,1013229,1.191772,1.237610,0.002476
1747831848,11485258340,21129794065,691065938823,63,0,17.737865447998047,13.111352920532227,0.2372191851077971,1024864,2207386,1008779,1.160259,1.229015,0.003834
1747831849,11486494486,21131087287,691065942843,59,16.969680786132812,2124.9122619628906,13.71908187866211,75359.463705635,1036583,1353221,1015689,1.178881,1.233313,0.003834
1747831850,11487747154,21132376003,691065946563,64,16.0067081451416,16.345500946044922,15.582799911499023,0.005721334219635384,1038645,1503754,1012941,1.194637,1.229015,0.003548
1747831851,11488972786,21133636181,691065950523,63,15.992879867553711,17.818450927734375,14.173030853271484,0.2291608438890696,1026725,1242785,1011616,1.168854,1.201799,0.003777
1747831852,11490235968,21134950431,691065954543,64,15.978574752807617,17.08531379699707,14.67132568359375,0.16793638167444166,1021299,2917570,1011542,1.204664,1.253366,0.003834
1747831853,11491428556,21136210609,691065958443,64,16.16954803466797,17.035722732543945,15.000104904174805,0.035245345786285555,1034568,5086270,1013273,1.137341,1.201799,0.003719
1747831854,11492690236,21137508337,691065962523,63,16.0062313079834,17.050981521606445,14.698505401611328,0.12998972804943137,1043650,1227726,1011478,1.203232,1.237610,0.003891
1747831855,11493905354,21138779029,691065966363,64,15.983819961547852,17.068862915039062,14.92762565612793,0.0920735253976858,1163603,1501353,1010151,1.158827,1.211826,0.003662
1747831856,11495174544,21140091777,691065970143,64,15.997171401977539,16.989707946777344,14.703750610351562,0.12112336420214062,1036277,1377188,1008890,1.210394,1.251934,0.003605
1747831857,11496415256,21141388003,691065974423,64,14.982461929321289,17.085790634155273,14.631509780883789,0.2070153145403789,1036659,1356018,1010903,1.183235,1.236177,0.004082
1747831858,11497601836,21142678221,691065978503,63,15.95163345336914,20.966529846191406,11.05356216430664,0.8649023564357898,1025165,2338537,1013707,1.131611,1.230448,0.003891
1747831859,11498868022,21143950415,691065982343,64,15.963554382324219,17.050981521606445,14.811992645263672,0.07368296464122821,1040597,2230121,1015318,1.207529,1.213259,0.003662
1747831860,11500114682,21145207589,691065986303,64,16.045331954956055,17.508506774902344,14.477729797363281,0.19494554434837003,1031574,1331460,1011654,1.188908,1.198935,0.003777
1747831861,11501320788,21146494803,691065990263,64,16.125202178955078,21.06499671936035,11.844635009765625,0.9404898442497351,1070497,1316259,1017095,1.150232,1.227583,0.003777
1747831862,11502550926,21147795535,691065994163,64,15.98358154296875,18.04518699645996,13.956069946289062,0.18389807415740325,1025644,1340703,1010310,1.173151,1.240475,0.003719
1747831863,11503751024,21149069231,691065998063,63,15.994548797607422,17.99750328063965,13.974189758300781,0.13227258908942013,1035167,1237356,1011472,1.144503,1.214691,0.003719
1747831864,11505003692,21150374469,691066001843,64,16.000032424926758,17.409086227416992,13.603448867797852,0.29643339640356586,1022438,3589983,1011192,1.194637,1.244772,0.003605
1747831865,11506256360,21151642157,691066005863,64,16.000032424926758,16.161680221557617,15.87820053100586,0.0018126836366297,1058852,3057977,1014011,1.194637,1.208961,0.003834
1747831866,11507497012,21152938383,691066009943,64,16.003847122192383,17.716169357299805,14.281272888183594,0.2078815401863909,1052269,1649712,1010923,1.183178,1.236177,0.003891
1747831867,11508746676,21154227099,691066013843,63,15.966415405273438,18.059492111206055,13.952255249023438,0.16233979062960396,1025789,1632619,1011521,1.191772,1.229015,0.003719
1747831868,11509942268,21155532397,691066017863,64,16.020536422729492,17.000436782836914,15.002250671386719,0.05982160431830057,1044824,1199660,1012390,1.140205,1.244829,0.003834
1747831869,11511163394,21156803089,691066021823,64,16.040802001953125,17.042875289916992,14.997482299804688,0.0975455127022676,1028439,1260255,1011811,1.164557,1.211826,0.003777
1747831870,11512428078,21158067773,691066025423,63,16.00170135498047,21.9266414642334,9.981393814086914,1.2262152801093515,1040653,1265167,1010876,1.206097,1.206097,0.003433
1747831871,11513670232,21159392537,691066029443,64,16.016483306884766,17.04692840576172,14.998435974121094,0.08737025039365913,1032831,1179151,1011015,1.184610,1.263393,0.003834
1747831872,11514892860,21160643703,691066033343,64,15.986442565917969,17.09437370300293,14.97650146484375,0.19174695207890233,1043107,3756133,1012450,1.165989,1.193205,0.003719
1747831873,11516144026,21161924909,691066037243,64,16.00050926208496,17.070293426513672,13.954639434814453,0.1832162529446614,1037248,1470196,1017320,1.193205,1.221853,0.003719
1747831874,11517387682,21163228645,691066041323,63,16.55268669128418,17.13848114013672,14.820337295532227,0.049058266773011436,1034615,5685483,1011373,1.186043,1.243340,0.003891
1747831875,11518614816,21164520365,691066045223,64,16.0064697265625,17.03643798828125,14.974117279052734,0.09484203248303566,1058426,1177673,1012795,1.170286,1.231880,0.003719
1747831876,11519832938,21165806077,691066049123,64,15.940189361572266,18.835783004760742,13.113737106323242,0.35230838987746044,1057170,1560071,1018700,1.161692,1.226151,0.003719
1747831877,11521093116,21167093291,691066052903,63,17.02117919921875,17.02117919921875,14.801979064941406,0.09480677202578697,1040029,1291336,1012243,1.201799,1.227583,0.003605
1747831878,11522288708,21168371493,691066055243,64,16.02029800415039,17.101764678955078,14.874696731567383,0.11119397404157037,1036255,1294841,1015559,1.140205,1.218988,0.002232
1747831879,11523559400,21169678233,691066055543,38,7.1811676025390625,17.001867294311523,7.1811676025390625,2.098494130676203,1057242,1382483,1010126,1.211826,1.246204,0.000286
1747831880,11524806060,21170987977,691066059579,38,0,17.001867294311523,7.1811676025390625,2.098494130676203,1034114,2850797,1011615,1.188908,1.249069,0.003849
1747831881,11526042206,21172249657,691066063539,27,16.10875129699707,2028.857707977295,15.63882827758789,149836.72363881423,1023128,1294695,1012248,1.178881,1.203232,0.003777
1747831882,11527277170,21173533867,691066067139,64,15.996694564819336,17.181873321533203,14.74452018737793,0.14521123052413565,1053953,1255725,1011430,1.177753,1.224718,0.003433
1747831883,11528510312,21174809065,691066067439,64,15.98978042602539,17.103910446166992,14.832735061645508,0.04506081362929218,1143025,1209353,1008977,1.176016,1.216124,0.000286
1747831884,11529762980,21176078255,691066067799,2,3.299713134765625,3.299713134765625,3.299713134765625,0,1051410,1229896,1010914,1.194637,1.210394,0.000343
1747831885,11531023158,21177357959,691066068099,2,0,3.299713134765625,3.299713134765625,0,1023463,3771298,1013284,1.201799,1.220421,0.000286
1747831886,11532262368,21178664699,691066070043,2,0,3.299713134765625,3.299713134765625,0,1025723,3766574,1015125,1.181803,1.246204,0.001854
1747831887,11533503020,21179965431,691066074117,2,0,3.299713134765625,3.299713134765625,0,1050268,1306412,1012216,1.183178,1.240475,0.003885
1747831888,11534764700,21181215095,691066076697,60,16.039609909057617,4074.7029781341553,14.815568923950195,274472.31923698477,1161647,1324246,1009353,1.203232,1.191772,0.002460
1747831889,11536012862,21182526341,691066076877,39,7.111787796020508,17.01521873474121,7.111787796020508,2.1458499405425657,1236531,1351541,1016923,1.190340,1.250502,0.000172
1747831890,11537235490,21183810551,691066080433,39,0,17.01521873474121,7.111787796020508,2.1458499405425657,1035515,3883415,1013239,1.165989,1.224718,0.003391
1747831891,11538491162,21185091757,691066084273,26,16.046524047851562,2017.8894996643066,14.982223510742188,153890.56806431164,1055025,1268316,1010920,1.197502,1.221853,0.003662
1747831892,11539712288,21186386481,691066088053,64,15.727519989013672,16.953229904174805,14.976978302001953,0.03608106085254023,1021951,1325817,1017633,1.164557,1.234745,0.003605
1747831893,11540925904,21187705237,691066091833,64,15.973091125488281,17.625808715820312,13.955354690551758,0.13866906103788595,1037689,2287584,1014170,1.157394,1.257664,0.003605
1747831894,11542166556,21188930869,691066095913,64,15.988826751708984,17.059803009033203,15.016555786132812,0.039775023824837434,1159814,1213001,1013572,1.183178,1.168854,0.003891
1747831895,11543408710,21190242115,691066099873,63,15.981435775756836,17.246246337890625,14.766216278076172,0.11715946399186515,1043638,1497114,1008849,1.184610,1.250502,0.003777
1747831896,11544661378,21191506799,691066103773,64,16.028881072998047,16.1135196685791,15.899181365966797,0.0014030538625603903,1185863,1238372,1012313,1.194637,1.206097,0.003719
1747831897,11545896022,21192800021,691066107613,64,15.998363494873047,16.120433807373047,15.891551971435547,0.0016394958750258256,1155447,1175734,1010079,1.177448,1.233313,0.003662
1747831898,11547141180,21194084231,691066111513,63,16.016006469726562,17.04120635986328,15.034675598144531,0.0927941280961344,1050704,1385802,1011519,1.187475,1.224718,0.003719
1747831899,11548368314,21195386465,691066115473,64,15.993356704711914,17.075777053833008,14.95671272277832,0.04272419009400111,1160665,1290117,1012192,1.170286,1.241907,0.003777
1747831900,11549602958,21196667671,691066119633,64,16.04008674621582,17.023563385009766,15.00391960144043,0.03406156524727946,1021683,1422164,1013026,1.177448,1.221853,0.003967
1747831901,11550854124,21197936861,691066123593,63,15.988588333129883,17.089366912841797,14.931917190551758,0.07046123293016711,1023835,4588897,1012991,1.193205,1.210394,0.003777
1747831902,11552076752,21199252613,691066127433,64,15.999078750610352,17.035722732543945,14.994144439697266,0.0927916424151757,1036632,1216399,1011746,1.165989,1.254799,0.003662
1747831903,11553290368,21200538325,691066131153,64,15.95759391784668,16.857147216796875,15.000343322753906,0.05323162225561149,1020952,2604579,1011522,1.157394,1.226151,0.003548
1747831904,11554550546,21201795499,691066135173,65,15.9759521484375,17.177104949951172,14.760017395019531,0.07188624949472366,1035307,1259284,1013188,1.201799,1.198935,0.003834
1747831905,11555774676,21203108247,691066139133,63,15.995979309082031,17.060279846191406,14.954090118408203,0.09934344349577211,1176515,7644461,1010004,1.167421,1.251934,0.003777
1747831906,11556994300,21204387951,691066140213,64,18.091440200805664,18.091440200805664,14.975547790527344,0.09565257334777467,1033218,4371057,1014278,1.163124,1.220421,0.001030
1747831907,11558225940,21205648129,691066141621,8,14.23788070678711,16.051769256591797,14.23788070678711,0.41573098407789816,1010375,1287910,1010046,1.174583,1.201799,0.001343
1747831908,11559478608,21206965383,691066145989,8,0,16.051769256591797,14.23788070678711,0.41573098407789816,1028448,4471877,1009816,1.194637,1.256231,0.004166
1747831909,11560699734,21208222557,691066149829,57,15.985250473022461,2026.8054008483887,13.96036148071289,70913.67887367486,1033285,2814341,1009874,1.164557,1.198935,0.003662
1747831910,11561979438,21209533803,691066153909,63,16.00503921508789,18.00370216369629,14.003276824951172,0.16440568573726408,1059604,1366430,1012692,1.220421,1.250502,0.003891
1747831911,11563223094,21210809001,691066157689,64,15.961647033691406,17.04716682434082,14.992237091064453,0.06709336588850699,1156679,1357906,1010782,1.186043,1.216124,0.003605
1747831912,11564447224,21212099219,691066161769,64,15.997171401977539,17.21954345703125,14.828920364379883,0.1334787395907067,1039068,6002466,1012255,1.167421,1.230448,0.003891
1747831913,11565680366,21213387935,691066165729,63,16.01266860961914,17.71831512451172,14.155864715576172,0.30868228471499265,1024616,1257769,1013689,1.176016,1.229015,0.003777
1747831914,11566927026,21214651117,691066169509,65,15.985727310180664,20.261526107788086,10.692834854125977,0.8793786861888142,1030618,1253149,1013298,1.188908,1.204664,0.003605
1747831915,11568175248,21215953351,691066173409,63,15.912532806396484,17.030715942382812,15.003442764282227,0.12598671099505118,1065649,1326008,1009838,1.190397,1.241907,0.003719
1747831916,11569388864,21217234557,691066177369,64,16.033172607421875,19.91105079650879,12.095928192138672,0.5538369445556226,1020597,1315082,1012390,1.157394,1.221853,0.003777
1747831917,11570634022,21218533787,691066181209,64,15.993118286132812,16.99376106262207,15.0299072265625,0.05883562137563055,1056575,1276324,1014258,1.187475,1.239042,0.003662
1747831918,11571871670,21219821061,691066185409,63,16.00480079650879,17.040491104125977,14.970779418945312,0.07985247359215819,1035197,3747776,1012224,1.180313,1.227640,0.004005
1747831919,11573092796,21221081239,691066189651,64,16.03078842163086,18.02682876586914,13.936281204223633,0.18774757389980473,1040511,1262882,1011370,1.164557,1.201799,0.004045
1747831920,11574340958,21222418019,691066193671,64,15.983104705810547,17.084598541259766,14.92619514465332,0.12855075554853904,1013882,1235399,1013882,1.190340,1.274853,0.003834
1747831921,11575584614,21223703731,691066197711,63,16.030311584472656,16.689538955688477,14.99176025390625,0.026656402159016553,1029801,1222773,1012629,1.186043,1.226151,0.003853
1747831922,11576814752,21224938375,691066201611,64,15.9912109375,17.124176025390625,14.850139617919922,0.07838024285791005,1043295,1328247,1009363,1.173151,1.177448,0.003719
1747831923,11578061412,21226261637,691066204953,64,15.978336334228516,16.0982608795166,15.916109085083008,0.0013479621777000117,1041639,1336836,1016987,1.188908,1.261961,0.003187
1747831924,11579199864,21227308467,691066205493,40,4.162788391113281,19.41823959350586,4.162788391113281,4.194722097642573,1041663,1234413,1014026,1.085712,0.998335,0.000515
1747831925,11580439014,21228610701,691066209289,40,0,19.41823959350586,4.162788391113281,4.194722097642573,1036337,3510628,1013747,1.181746,1.241907,0.003620
1747831926,11581690180,21229909931,691066213249,33,15.997886657714844,1893.7938213348389,14.981269836425781,106747.58008057768,1085456,4152572,1014061,1.193205,1.239042,0.003777
1747831927,11582905298,21231287265,691066217131,64,15.978574752807617,19.104957580566406,12.873411178588867,0.5160066730405929,1021349,1286514,1015300,1.158827,1.313528,0.003702
1747831928,11584144448,21232547443,691066220791,64,15.992164611816406,16.70241355895996,15.000104904174805,0.026330140179639572,1038793,1473312,1017409,1.181746,1.201799,0.003490
1747831929,11585346108,21233884283,691066221091,45,12.10474967956543,16.10708236694336,12.10474967956543,0.33942528244450326,1045630,1537594,1011249,1.145992,1.274910,0.000286
1747831930,11586591266,21235162485,691066224047,45,0,16.10708236694336,12.10474967956543,0.33942528244450326,1028052,1209796,1019466,1.187475,1.218988,0.002819
1747831931,11587830416,21236494759,691066227947,20,16.048908233642578,2012.9220485687256,14.989137649536133,198832.45388295592,1147535,1351865,1012807,1.181746,1.270555,0.003719
1747831932,11589110120,21237815017,691066231907,64,15.98668098449707,17.19212532043457,14.984369277954102,0.12140603473725363,1157937,1342299,1010218,1.220421,1.259096,0.003777
1747831933,11590307214,21239115749,691066235867,63,16.05510711669922,16.714096069335938,15.010356903076172,0.026946863763143678,1033344,1265033,1010693,1.141638,1.240475,0.003777
1747831934,11591550870,21240436007,691066239767,64,15.971660614013672,17.439842224121094,14.929533004760742,0.10668312167257674,1034070,1297351,1010495,1.186043,1.259096,0.003719
1747831935,11592793024,21241729229,691066243727,64,15.996694564819336,17.0290470123291,14.966726303100586,0.06185440317405885,1041906,1409212,1011323,1.184610,1.233313,0.003777
1747831936,11594029170,21243053993,691066247567,63,16.0672664642334,16.988754272460938,14.983415603637695,0.061438455050486986,1057762,3526735,1016021,1.178881,1.263393,0.003662
1747831937,11595266818,21244360733,691066251347,64,15.98358154296875,17.219066619873047,14.821529388427734,0.08347735819844537,1065478,5882235,1014630,1.180313,1.246204,0.003605
1747831938,11596511976,21245674983,691066255487,64,14.99795913696289,18.164634704589844,12.999773025512695,0.490186094224691,1036182,1299148,1015639,1.187475,1.253366,0.003948
1747831939,11597763142,21246974213,691066259327,64,15.980720520019531,17.86327362060547,14.038562774658203,0.2182011934865901,1181233,2552826,1011406,1.193205,1.239042,0.003662
1747831940,11599003794,21248315499,691066263287,63,16.005516052246094,17.03476905822754,14.984846115112305,0.035020889003879244,1016709,1563813,1011135,1.183178,1.279150,0.003777
1747831941,11600221916,21249586191,691066267127,64,15.927314758300781,18.672943115234375,14.063596725463867,0.31891076249374417,1034365,1387768,1013333,1.161692,1.211826,0.003662
1747831942,11601479090,21250916963,691066270787,64,16.02005958557129,18.12148094177246,13.895511627197266,0.17590511070070994,1036278,1216598,1016015,1.198935,1.269123,0.003490
1747831943,11602692766,21252208683,691066274747,63,15.994548797607422,17.052412033081055,14.981269836425781,0.06960945957049494,1063371,1433687,1013566,1.157452,1.231880,0.003777
1747831944,11603949940,21253516925,691066278587,64,16.016244888305664,17.040252685546875,14.986276626586914,0.04049033212722366,1033737,5126563,1012355,1.198935,1.247637,0.003662
1747831945,11605169564,21254832677,691066282607,64,15.99574089050293,16.237497329711914,15.680313110351562,0.0035119586231336397,1035751,1257955,1017452,1.163124,1.254799,0.003834
1747831946,11606408714,21256176967,691066286567,63,16.000747680664062,18.114805221557617,13.852119445800781,0.21590092593689272,1024720,1361918,1011327,1.181746,1.282015,0.003777
1747831947,11607648184,21257477699,691066290287,64,16.074180603027344,17.04716682434082,14.963150024414062,0.0658810167838304,1120763,1408117,1009302,1.182051,1.240475,0.003548
1747831948,11608878322,21258772423,691066294127,64,15.993595123291016,18.221616744995117,13.794183731079102,0.18135916324067514,1174629,5769835,1010408,1.173151,1.234745,0.003662
1747831949,11610109962,21260104697,691066297967,63,15.964508056640625,17.271995544433594,14.969348907470703,0.14270686755183537,1025900,1315544,1011898,1.174583,1.270555,0.003662
1747831950,11611362630,21261408433,691066301927,64,16.03078842163086,17.989158630371094,14.009475708007812,0.12837753183909406,1020137,3900057,1010638,1.194637,1.243340,0.003777
1747831951,11612570238,21262725687,691066305827,64,16.028881072998047,16.98017120361328,15.00558853149414,0.033304622642269764,1037666,4170781,1014178,1.151665,1.256231,0.003719
1747831952,11613818400,21264039937,691066310009,64,16.01266860961914,17.036914825439453,15.000104904174805,0.08279426632261261,1190702,1227704,1010261,1.190340,1.253366,0.003988
1747831953,11615059052,21265325649,691066314029,64,15.98501205444336,17.624378204345703,14.037609100341797,0.2797991740360745,1034190,4437936,1012817,1.183178,1.226151,0.003834
1747831954,11616278676,21266656421,691066317989,63,15.98978042602539,16.92962646484375,14.968395233154297,0.03195186011668495,1020891,1326664,1009795,1.163124,1.269123,0.003777
1747831955,11617517826,21267979683,691066321829,64,15.98978042602539,17.052888870239258,14.96267318725586,0.19819752566399618,1157178,1255622,1015093,1.181746,1.261961,0.003662
1747831956,11618750968,21269271403,691066325729,64,16.004323959350586,16.980409622192383,15.123605728149414,0.029342443661514405,1057314,4149559,1012926,1.176016,1.231880,0.003719
1747831957,11620011146,21270576641,691066329749,63,15.958309173583984,17.999649047851562,13.95273208618164,0.13315281221054293,1051055,1370202,1012589,1.201799,1.244772,0.003834
1747831958,11621257806,21271926939,691066333289,64,16.004085540771484,19.062042236328125,12.909173965454102,0.5327628912670357,1025990,1313921,1014894,1.188908,1.287745,0.003376
1747831959,11622486442,21273211149,691066333769,46,9.11259651184082,16.12687110900879,9.11259651184082,1.0316958067073474,1033923,1411669,1014975,1.171719,1.224718,0.000458
1747831960,11623740612,21274547929,691066335599,46,0,16.12687110900879,9.11259651184082,1.0316958067073474,1151377,1533826,1011841,1.196070,1.274853,0.001745
1747831961,11624952726,21275841151,691066339499,46,0,16.12687110900879,9.11259651184082,1.0316958067073474,1018737,1195841,1012426,1.155962,1.233313,0.003719
1747831962,11626229426,21277146389,691066343879,46,0,16.12687110900879,9.11259651184082,1.0316958067073474,1152825,1248438,1015996,1.217556,1.244772,0.004177
1747831963,11627452054,21278486173,691066348127,5,16.000986099243164,4245.89729309082,15.98215103149414,3354760.8242290146,1020433,1293974,1014960,1.165989,1.277718,0.004051
1747831964,11628689702,21279776391,691066352087,64,16.06440544128418,18.008708953857422,12.93635368347168,0.4818011269221921,1039527,1222453,1009257,1.180313,1.230448,0.003777
1747831965,11629931856,21281089139,691066354627,63,15.962600708007812,17.032384872436523,14.99629020690918,0.06794587254724142,1032695,1241686,1011822,1.184610,1.251934,0.002422
1747831966,11631121440,21282400385,691066354927,19,13.080120086669922,19.036054611206055,12.945175170898438,1.478859109070465,1074984,4768273,1015965,1.134476,1.250502,0.000286
1747831967,11632368100,21283698113,691066358495,19,0,19.036054611206055,12.945175170898438,1.478859109070465,1036903,1307600,1012388,1.188908,1.237610,0.003403
1747831968,11633626776,21285009359,691066362215,19,0,19.036054611206055,12.945175170898438,1.478859109070465,1029333,1200800,1010820,1.200367,1.250502,0.003548
1747831969,11634822368,21286337127,691066366645,19,0,19.036054611206055,12.945175170898438,1.478859109070465,1027491,4119550,1016532,1.140205,1.266258,0.004225
1747831970,11636049502,21287640863,691066370185,35,15.976905822753906,4214.92600440979,15.806913375854492,503306.46184766403,1029736,8372804,1011068,1.170286,1.243340,0.003376
1747831971,11637326202,21288950667,691066373965,63,15.984535217285156,17.07935333251953,14.94288444519043,0.22889085144628346,1038328,1314774,1011719,1.217556,1.249126,0.003605
1747831972,11638533870,21290288949,691066377805,64,15.995025634765625,16.160011291503906,15.895366668701172,0.002009275648356843,1069468,3190152,1013857,1.151722,1.276285,0.003662
1747831973,11639780530,21291583673,691066381687,64,15.997886657714844,18.590927124023438,14.486074447631836,0.16212709872708467,1037809,1419680,1012332,1.188908,1.234745,0.003702
1747831974,11641060234,21292903931,691066385467,63,16.02005958557129,16.8459415435791,14.95504379272461,0.03204169081847064,1035269,1260878,1012229,1.220421,1.259096,0.003605
1747831975,11642275352,21294182133,691066389187,64,15.993595123291016,19.11640167236328,12.874841690063477,0.3694027371350743,1040715,1259015,1009936,1.158827,1.218988,0.003548
1747831976,11643516004,21295520415,691066392547,64,15.986442565917969,16.104936599731445,15.900373458862305,0.0010936583561170477,1033714,3319190,1016572,1.183178,1.276285,0.003204
1747831977,11644762664,21296822649,691066396567,63,16.032695770263672,20.45130729675293,9.66024398803711,1.3043929098624503,1044233,1208364,1010427,1.188908,1.241907,0.003834
1747831978,11645983790,21298117373,691066400809,64,15.998125076293945,17.52328872680664,15.056610107421875,0.08692402471481682,1070599,1348269,1012013,1.164557,1.234745,0.004045
1747831979,11647213928,21299463165,691066401589,63,15.544414520263672,17.475605010986328,14.859914779663086,0.27293937620923236,1033122,1434369,1014165,1.173151,1.283447,0.000744
1747831980,11648456082,21300774411,691066401949,3,7.148265838623047,16.38484001159668,7.148265838623047,21.328575613210887,1018951,1400219,1010105,1.184610,1.250502,0.000343
1747831981,11649684718,21302078147,691066402189,3,0,16.38484001159668,7.148265838623047,21.328575613210887,1038990,3753948,1010546,1.171719,1.243340,0.000229
1747831982,11650949402,21303368365,691066402491,3,0,16.38484001159668,7.148265838623047,21.328575613210887,1042471,3076555,1010420,1.206097,1.230448,0.000288
1747831983,11652172030,21304673603,691066407109,3,0,16.38484001159668,7.148265838623047,21.328575613210887,1035911,7411655,1014268,1.165989,1.244772,0.004404
1747831984,11653406674,21306031411,691066407751,40,11.703968048095703,4066.849946975708,11.703968048095703,409979.4120808474,1052574,1278399,1013607,1.177448,1.294907,0.000612
1747831985,11654636812,21307320127,691066410907,40,0,4066.849946975708,11.703968048095703,409979.4120808474,1039570,1342008,1014700,1.173151,1.229015,0.003010
1747831986,11655866950,21308631373,691066414567,30,16.56818389892578,1887.6245021820068,8.836507797241211,116628.20878205299,1050161,3880224,1012926,1.173151,1.250502,0.003490
1747831987,11657080566,21309965149,691066418527,63,15.995502471923828,18.86153221130371,13.173341751098633,0.37377687142374405,1013409,1266188,1010630,1.157394,1.271988,0.003777
1747831988,11658346752,21311241849,691066422547,64,15.998601913452148,23.160934448242188,8.812904357910156,1.9697270972199252,1028235,1345962,1012710,1.207529,1.217556,0.003834
1747831989,11659560368,21312572621,691066426729,64,16.013383865356445,17.1968936920166,14.849424362182617,0.07452770061054106,1039047,1226273,1016451,1.157394,1.269123,0.003988
1747831990,11660804024,21313897385,691066430449,63,16.119003295898438,16.933917999267578,15.027761459350586,0.0555005024507532,1038272,4247991,1009712,1.186043,1.263393,0.003548
1747831991,11662044676,21315208631,691066434109,64,15.985488891601562,16.997337341308594,14.9688720703125,0.06576202584931487,1030326,6646881,1010214,1.183178,1.250502,0.003490
1747831992,11663262798,21316482327,691066438291,64,16.948699951171875,17.105817794799805,14.898538589477539,0.1169308474101325,1036402,4297573,1014107,1.161692,1.214691,0.003988
1747831993,11664509458,21317813099,691066442251,63,16.039133071899414,17.008304595947266,14.967679977416992,0.10688121925025343,1051367,4262468,1011400,1.188908,1.269123,0.003777
1747831994,11665751612,21319142369,691066446031,64,15.955924987792969,16.998767852783203,14.999151229858398,0.09153960620647186,2323005,3554813,1011485,1.184610,1.267691,0.003605
1747831995,11667019300,21320455117,691066449811,64,15.99884033203125,17.915725708007812,14.009475708007812,0.24551795118138714,1120766,1386780,1011878,1.208961,1.251934,0.003605
1747831996,11668238924,21321761857,691066453771,63,15.984535217285156,18.42784881591797,14.379501342773438,0.28046132445791444,1208552,2484215,1013846,1.163124,1.246204,0.003777
1747831997,11669506612,21323049071,691066457851,64,16.013622283935547,17.899513244628906,14.107465744018555,0.12225074985395429,1026138,3199583,1013265,1.208961,1.227583,0.003891
1747831998,11670744260,21324358815,691066461973,64,15.999794006347656,18.023014068603516,14.018058776855469,0.304571484617464,1047166,4922884,1015342,1.180313,1.249069,0.003931
1747831999,11671944358,21325664053,691066463353,59,13.074159622192383,18.049955368041992,13.074159622192383,0.32267488283816353,1031786,2883412,1011175,1.144503,1.244772,0.001316
1747832000,11673210544,21326991821,691066464283,59,0,18.049955368041992,13.074159622192383,0.32267488283816353,1014226,1180896,1009872,1.207529,1.266258,0.000887
1747832001,11674400188,21328325597,691066468769,6,16.027212142944336,2017.9615020751953,15.950679779052734,641258.5152297106,1047477,3679931,1011829,1.134533,1.271988,0.004278
1747832002,11675640840,21329597791,691066472789,63,15.991687774658203,18.02349090576172,13.964176177978516,0.13543436415132742,1157717,1419234,1017884,1.183178,1.213259,0.003834
1747832003,11676892006,21330936073,691066476389,64,15.743494033813477,17.016172409057617,14.965534210205078,0.041013098235780976,1041492,3633105,1011258,1.193205,1.276285,0.003433
1747832004,11678128152,21332223287,691066479509,64,15.961170196533203,17.031431198120117,14.917850494384766,0.10460841889106487,1294684,2784181,1013839,1.178881,1.227583,0.002975
1747832005,11679352282,21333572083,691066479749,30,0.6718635559082031,16.326427459716797,0.6718635559082031,7.830186016670811,1031765,1343910,1011988,1.167421,1.286312,0.000229
1747832006,11680606452,21334845779,691066479929,30,0,16.326427459716797,0.6718635559082031,7.830186016670811,1034601,3079259,1016543,1.196070,1.214691,0.000172
1747832007,11681865128,21336155523,691066480229,30,0,16.326427459716797,0.6718635559082031,7.830186016670811,1060373,3704452,1009915,1.200367,1.249069,0.000286
1747832008,11683120800,21337498311,691066480811,30,0,16.326427459716797,0.6718635559082031,7.830186016670811,1027855,5218450,1011665,1.197502,1.280582,0.000555
1747832009,11684340424,21338808055,691066480991,30,0,16.326427459716797,0.6718635559082031,7.830186016670811,1035904,4123576,1013793,1.163124,1.249069,0.000172
1747832010,11685588586,21340134321,691066482701,30,0,16.326427459716797,0.6718635559082031,7.830186016670811,1034831,1348780,1016634,1.190340,1.264826,0.001631
1747832011,11686814538,21341405013,691066486889,21,15.99431037902832,6273.30470085144,15.012025833129883,1859807.5696626566,1140298,1330236,1010159,1.169159,1.211826,0.003994
1747832012,11688074716,21342728275,691066490849,63,15.977621078491211,17.265796661376953,15.042304992675781,0.07642279407755327,1140298,1330236,1010159,1.201799,1.261961,0.003777
1747832013,11689345408,21344060549,691066494749,64,15.977144241333008,17.110586166381836,14.885663986206055,0.13078219355248327,1093179,1361528,1012958,1.211826,1.270555,0.003719
1747832014,11690516968,21345370293,691066496429,61,12.968778610229492,18.149852752685547,12.968778610229492,0.35899095103609907,1095484,4447679,1013940,1.117287,1.249069,0.001602
1747832015,11691775644,21346687547,691066497131,61,0,18.149852752685547,12.968778610229492,0.35899095103609907,1207032,1348173,1020804,1.200367,1.256231,0.000669
1747832016,11693008786,21347961243,691066501887,4,16.196727752685547,2018.0273056030273,16.196727752685547,890264.5667179743,1054215,1544009,1017913,1.176016,1.214691,0.004536
1747832017,11694253944,21349338577,691066505487,64,16.011714935302734,17.069578170776367,14.945745468139648,0.18191783981031023,1170336,1204501,1011504,1.187475,1.313528,0.003433
1747832018,11695467560,21350612273,691066509267,64,15.126943588256836,20.781278610229492,11.239051818847656,0.883057190318628,1025425,1286445,1009288,1.157394,1.214691,0.003605
1747832019,11696729240,21351935535,691066511307,62,7.314205169677734,17.06838607788086,7.314205169677734,1.255847802460667,1024590,1251265,1011805,1.203232,1.261961,0.001945
1747832020,11697956374,21353231821,691066511607,62,0,17.06838607788086,7.314205169677734,1.255847802460667,1033619,1986576,1014488,1.170286,1.236235,0.000286
1747832021,11699203034,21354550577,691066511847,62,0,17.06838607788086,7.314205169677734,1.255847802460667,1176413,1209212,1010340,1.188908,1.257664,0.000229
1747832022,11700436176,21355831783,691066512207,62,0,17.06838607788086,7.314205169677734,1.255847802460667,1014822,1222102,1012128,1.176016,1.221853,0.000343
1747832023,11701682836,21357144531,691066512627,62,0,17.06838607788086,7.314205169677734,1.255847802460667,1068279,1272054,1014645,1.188908,1.251934,0.000401
1747832024,11702950524,21358475303,691066512927,62,0,17.06838607788086,7.314205169677734,1.255847802460667,1024153,1237930,1011469,1.208961,1.269123,0.000286
1747832025,11704215208,21359782043,691066515291,62,0,17.06838607788086,7.314205169677734,1.255847802460667,1024153,1237930,1011469,1.206097,1.246204,0.002254
1747832026,11705430326,21361108309,691066519071,30,14.980792999267578,6605.6177616119385,13.903617858886719,1445731.0841935945,1019976,1383451,1013704,1.158827,1.264826,0.003605
1747832027,11706673982,21362412045,691066522911,63,14.958858489990234,17.19975471496582,14.848709106445312,0.5251428717597232,1040018,1296140,1011181,1.186043,1.243340,0.003662
1747832028,11707907124,21363729299,691066527105,64,16.00933074951172,18.007278442382812,14.912128448486328,0.41307362851926455,1038446,2258677,1011723,1.176016,1.256231,0.004000
1747832029,11709143270,21365040545,691066531325,64,14.964580535888672,20.009756088256836,10.952949523925781,1.1293291290779108,1055975,1219242,1014994,1.178881,1.250502,0.004025
1747832030,11710368962,21366350289,691066535165,63,15.999317169189453,17.165422439575195,13.959884643554688,0.5377702255884919,1074950,1243936,1012319,1.168911,1.249069,0.003662
1747832031,11711624634,21367652523,691066539125,64,16.000986099243164,21.02041244506836,11.01374626159668,1.2808917662123493,1019327,1291688,1010382,1.197502,1.241907,0.003777
1747832032,11712868290,21368974283,691066543025,64,15.995502471923828,18.124818801879883,14.091730117797852,0.5275726220659616,1059350,1823147,1017494,1.186043,1.260529,0.003719
1747832033,11714092420,21370259995,691066546745,64,17.004728317260742,18.14579963684082,12.88294792175293,0.6748095800615332,1059314,1205157,1014353,1.167421,1.226151,0.003548
1747832034,11715324060,21371583257,691066550585,63,15.978813171386719,17.126798629760742,12.889862060546875,0.5669817089629077,1167267,1351061,1012139,1.174583,1.261961,0.003662
1747832035,11716576728,21372896005,691066554485,64,15.0146484375,17.624855041503906,14.878034591674805,0.32392393965394606,1015319,1333611,1015319,1.194637,1.251934,0.003719
1747832036,11717797854,21374208753,691066558445,64,16.005992889404297,17.11106300354004,14.886856079101562,0.46006574463806393,1047327,3761141,1011025,1.164557,1.251934,0.003777
1747832037,11719009968,21375506481,691066562285,63,15.938520431518555,18.981456756591797,14.01829719543457,0.6609512342575063,1025064,1420962,1012524,1.155962,1.237610,0.003662
1747832038,11720271648,21376841759,691066566185,64,14.976024627685547,19.096851348876953,12.874603271484375,0.9413920503047358,1016282,1294903,1016282,1.203232,1.273420,0.003719
1747832039,11721510798,21378133479,691066568645,63,14.94741439819336,17.214059829711914,14.94741439819336,0.4959557645261402,1038715,1285172,1010362,1.181746,1.231880,0.002346
1747832040,11722742438,21379468757,691066569287,12,16.429662704467773,17.053842544555664,14.961481094360352,0.3978708698262132,1038715,1285172,1010362,1.174583,1.273420,0.000612
1747832041,11724007122,21380795023,691066573143,12,0,17.053842544555664,14.961481094360352,0.3978708698262132,1084481,1328469,1010197,1.206097,1.264826,0.003677
1747832042,11725217734,21382068719,691066577043,60,16.003131866455078,1910.5439186096191,14.983415603637695,59804.50075505147,1023708,1221012,1013046,1.154530,1.214691,0.003719
1747832043,11726462892,21383411507,691066580823,64,16.00193977355957,17.061710357666016,14.955520629882812,0.10139070652346623,1090870,1237422,1012068,1.187475,1.280582,0.003605
1747832044,11727693030,21384697219,691066584543,64,15.99574089050293,17.020463943481445,14.96744155883789,0.09418094028494657,1034561,1397525,1014418,1.173151,1.226151,0.003548
1747832045,11728962220,21386000955,691066588905,63,15.989542007446289,17.047643661499023,14.730215072631836,0.11471787075094693,1034710,2864580,1014440,1.210394,1.243340,0.004160
1747832046,11730180342,21387328723,691066592685,64,16.052722930908203,16.057968139648438,15.934467315673828,0.0006057897242544539,1030771,4148771,1015881,1.161692,1.266258,0.003605
1747832047,11731417990,21388624949,691066596645,64,15.995502471923828,17.034053802490234,14.99319076538086,0.06579562393328939,1051087,1277591,1014444,1.180313,1.236177,0.003777
1747832048,11732663148,21389934693,691066598925,63,16.021013259887695,17.023324966430664,15.000104904174805,0.06656223655223911,1036437,1308099,1013267,1.187475,1.249069,0.002174
1747832049,11733909808,21391280485,691066599545,8,1.4412403106689453,16.048192977905273,1.4412403106689453,25.951089074921153,1020491,4553431,1012501,1.188908,1.283447,0.000591
1747832050,11735182002,21392561691,691066599845,8,0,16.048192977905273,1.4412403106689453,25.951089074921153,1051025,5425539,1015512,1.213259,1.221853,0.000286
1747832051,11736409136,21393884953,691066600145,8,0,16.048192977905273,1.4412403106689453,25.951089074921153,1029378,4654095,1010433,1.170286,1.261961,0.000286
1747832052,11737681330,21395197701,691066601853,8,0,16.048192977905273,1.4412403106689453,25.951089074921153,1018060,5220423,1013147,1.213259,1.251934,0.001629
1747832053,11738899452,21396532979,691066605921,28,15.988826751708984,4506.51478767395,13.984441757202148,719180.742202411,1053455,3729019,1013241,1.161692,1.273420,0.003880
1747832054,11740135598,21397836715,691066610223,64,16.00050926208496,17.071247100830078,14.959573745727539,0.059653748466521474,1129194,1424259,1013410,1.178881,1.243340,0.004103
1747832055,11741358226,21399120925,691066613343,63,16.033172607421875,16.95990562438965,14.954090118408203,0.035761793519096,1040381,1418369,1013950,1.165989,1.224718,0.002975
1747832056,11742606388,21400430669,691066613523,20,8.281946182250977,16.05820655822754,8.281946182250977,2.970887911957671,1034367,1342642,1011277,1.190340,1.249069,0.000172
1747832057,11743854550,21401746421,691066616779,20,0,16.05820655822754,8.281946182250977,2.970887911957671,1053230,1362987,1012964,1.190340,1.254799,0.003105
1747832058,11745095202,21403083201,691066620619,46,15.994071960449219,2016.7031288146973,14.953851699829102,86974.76599270936,1061923,1200620,1009988,1.183178,1.274853,0.003662
1747832059,11746340420,21404367411,691066624399,64,16.001462936401367,17.050504684448242,14.981985092163086,0.12794546385226327,1054256,4571112,1017481,1.187532,1.224718,0.003605
1747832060,11747579570,21405693677,691066628299,63,16.08586311340332,19.819259643554688,13.21721076965332,0.5170535605339995,1065402,1513722,1012437,1.181746,1.264826,0.003719
1747832061,11748823226,21406988401,691066632319,64,14.993906021118164,17.082929611206055,14.97507095336914,0.13547060396667326,1037060,1394028,1010080,1.186043,1.234745,0.003834
1747832062,11750056368,21408325181,691066636339,64,16.62468910217285,17.17233657836914,14.848470687866211,0.12089821909233993,1044422,1256077,1012951,1.176016,1.274853,0.003834
1747832063,11751304530,21409636427,691066640239,63,15.967607498168945,18.024682998657227,14.039993286132812,0.1459148033589885,1171978,1539105,1012400,1.190340,1.250502,0.003719
1747832064,11752518146,21410953681,691066644199,64,16.003131866455078,17.02427864074707,15.008687973022461,0.09533371863240497,1030916,1381905,1010633,1.157394,1.256231,0.003777
1747832065,11753800854,21412255915,691066648219,64,16.110897064208984,19.13142204284668,12.855768203735352,0.4759704159393742,1038903,1194173,1014208,1.223286,1.241907,0.003834
1747832066,11755038502,21413568663,691066652119,63,15.998601913452148,18.034696578979492,13.961076736450195,0.36010327846310924,1016822,1253962,1016067,1.180313,1.251934,0.003719
1747832067,11756217572,21414884415,691066653019,38,15.09714126586914,17.081022262573242,14.975547790527344,0.16688384302580173,1030616,2115918,1012144,1.124449,1.254799,0.000858
1747832068,11757446208,21416168625,691066654607,38,0,17.081022262573242,14.975547790527344,0.16688384302580173,1067848,1385571,1010041,1.171719,1.224718,0.001514
1747832069,11758713896,21417509971,691066658915,27,15.99884033203125,2020.8730697631836,14.982461929321289,148651.06078170158,1040376,1193825,1013838,1.208961,1.279207,0.004108
1747832070,11759948540,21418833233,691066662977,64,16.039133071899414,17.14801788330078,14.852523803710938,0.12835940152395067,1024830,1277861,1017397,1.177448,1.261961,0.003874
1747832071,11761177176,21420106929,691066666937,64,15.942573547363281,16.69001579284668,15.312671661376953,0.01587127833485788,1147139,1163613,1011931,1.171719,1.214691,0.003777
1747832072,11762443362,21421430191,691066668617,49,6.168842315673828,17.002344131469727,6.168842315673828,2.0152458948017067,1029848,1323073,1012282,1.207529,1.261961,0.001602
1747832073,11763668994,21422742939,691066668917,49,0,17.002344131469727,6.168842315673828,2.0152458948017067,1034400,1272871,1009833,1.168854,1.251934,0.000286
1747832074,11764929492,21424039165,691066673433,17,15.994787216186523,2010.868787765503,14.991998672485352,233174.8855688909,1034717,1342851,1011624,1.202105,1.236177,0.004307
1747832075,11766162634,21425380451,691066677393,63,16.033172607421875,17.133474349975586,14.859437942504883,0.14237369545306905,1042264,1230291,1012246,1.176016,1.279150,0.003777
1747832076,11767392772,21426705215,691066681173,64,16.003847122192383,16.054868698120117,15.946149826049805,0.0006082862230489368,1033033,3828608,1016429,1.173151,1.263393,0.003605
1747832077,11768624412,21427977409,691066685013,64,16.02482795715332,16.997575759887695,14.989137649536133,0.0606096246769335,1050135,1257579,1010874,1.174583,1.213259,0.003662
1747832078,11769871072,21429284149,691066688913,63,15.989303588867188,19.519329071044922,12.529373168945312,0.514576839657283,1037329,1229046,1013456,1.188908,1.246204,0.003719
1747832079,11771072672,21430596897,691066692933,64,16.005277633666992,18.975496292114258,13.05246353149414,0.37843826091063043,1044138,1305361,1010680,1.145935,1.251934,0.003834
1747832080,11772334352,21431941187,691066696713,64,16.03078842163086,18.633127212524414,14.366388320922852,0.19384663929743,1037506,1286632,1012142,1.203232,1.282015,0.003605
1747832081,11773567494,21433258441,691066700553,64,16.019821166992188,17.028093338012695,14.993429183959961,0.06732314308530071,1035550,1284098,1012793,1.176016,1.256231,0.003662
1747832082,11774775102,21434550161,691066704513,63,15.964746475219727,17.096757888793945,14.904975891113281,0.16906453145946504,1025054,1215902,1012944,1.151665,1.231880,0.003777
1747832083,11776015754,21435888443,691066708413,64,16.991615295410156,16.991615295410156,15.923500061035156,0.01607286414619754,1038156,1302610,1014122,1.183178,1.276285,0.003719
1747832084,11777265418,21437192179,691066712073,64,16.016483306884766,16.37101173400879,14.996528625488281,0.02093420882526327,1051162,1229478,1015846,1.191772,1.243340,0.003490
1747832085,11778516584,21438483899,691066716093,64,16.016483306884766,16.37101173400879,14.996528625488281,0.02093420882526327,1037033,4807193,1015245,1.193205,1.231880,0.003834
1747832086,11779740714,21439820679,691066719693,64,16.028165817260742,17.030715942382812,14.954090118408203,0.06202465575863199,1027086,1283009,1010799,1.167421,1.274853,0.003433
1747832087,11780982928,21441089869,691066723353,64,16.026973724365234,16.12401008605957,15.89059829711914,0.0014620243337977086,1163371,1180804,1012128,1.184668,1.210394,0.003490
1747832088,11782198046,21442404119,691066727313,64,15.935420989990234,18.018245697021484,13.028383255004883,0.4235382637305461,1044083,4391995,1011436,1.158827,1.253366,0.003777
1747832089,11783432690,21443752915,691066731033,64,16.008853912353516,16.1745548248291,15.742063522338867,0.005055633594247904,1056246,1289390,1011166,1.177448,1.286312,0.003548
1747832090,11784652314,21445062659,691066734873,63,16.021013259887695,16.993284225463867,15.004634857177734,0.06193469231520199,1054696,2020755,1013056,1.163124,1.249069,0.003662
1747832091,11785924508,21446360387,691066738353,64,16.03555679321289,16.965150833129883,15.011310577392578,0.06270805701504784,1027613,1305919,1011102,1.213259,1.237610,0.003319
1747832092,11787112590,21447649103,691066742453,64,15.967845916748047,17.023563385009766,15.002965927124023,0.1225616385850228,1049242,1253358,1014449,1.133043,1.229015,0.003910
1747832093,11788386286,21448985883,691066746293,64,16.004085540771484,17.04573631286621,14.99319076538086,0.06710085678843167,1256290,2293654,1014447,1.214691,1.274853,0.003662
1747832094,11789566858,21450274599,691066750313,64,16.009092330932617,16.991615295410156,15.021085739135742,0.03636897006224077,1033664,1247935,1010647,1.125881,1.229015,0.003834
1747832095,11790836048,21451587347,691066754033,63,14.978647232055664,17.021894454956055,14.978647232055664,0.06781086411870939,1015090,2943436,1010400,1.210394,1.251934,0.003548
1747832096,11792060178,21452918119,691066758270,63,14.978647232055664,17.021894454956055,14.978647232055664,0.06781086411870939,1076439,2366356,1010900,1.167421,1.269123,0.004041
1747832097,11793302332,21454230867,691066762364,64,15.981435775756836,16.957521438598633,14.989852905273438,0.03175116676485592,1138485,1304889,1013134,1.184610,1.251934,0.003904
1747832098,11794533972,21455519583,691066766458,64,16.011476516723633,17.03023910522461,14.97197151184082,0.05950707649132074,1021611,2088624,1012772,1.174583,1.229015,0.003904
1747832099,11795773122,21456866877,691066770298,64,15.996932983398438,17.033100128173828,15.021324157714844,0.06310603954538103,1020096,1368181,1010194,1.181746,1.284880,0.003662
1747832100,11796998754,21458145079,691066774092,63,16.018390655517578,16.238689422607422,15.863180160522461,0.0023054861403021326,1031902,1372376,1011147,1.168854,1.218988,0.003618
1747832101,11798275454,21459456325,691066777932,64,15.973329544067383,17.03190803527832,14.98270034790039,0.12772726532619247,2336300,3650101,1012952,1.217556,1.250502,0.003662
1747832102,11799468042,21460767571,691066781712,64,16.059160232543945,21.51012420654297,10.853052139282227,0.9069351542747612,1043339,3711299,1016623,1.137341,1.250502,0.003605
1747832103,11800717706,21462077315,691066785672,63,16.0064697265625,17.024517059326172,14.990091323852539,0.06645616016696378,1017683,2621672,1009827,1.191772,1.249069,0.003777
1747832104,11801937330,21463397573,691066789766,64,15.711307525634766,17.029762268066406,14.959096908569336,0.08823585378397385,1020153,2868961,1010544,1.163124,1.259096,0.003904
1747832105,11803161460,21464699807,691066793246,64,15.711307525634766,17.029762268066406,14.959096908569336,0.08823585378397385,1040429,1412066,1013955,1.167421,1.241907,0.003319
1747832106,11804411124,21466042595,691066793486,64,16.005277633666992,17.29416847229004,14.95981216430664,0.1307315784193353,1066735,1268501,1011405,1.191772,1.280582,0.000229
1747832107,11805627744,21467325303,691066796202,15,10.119438171386719,16.08729362487793,10.119438171386719,2.2951884816115014,1042223,4687469,1012963,1.160259,1.223286,0.002590
1747832108,11806860886,21468635047,691066799862,15,0,16.08729362487793,10.119438171386719,2.2951884816115014,1043783,1379690,1019156,1.176016,1.249069,0.003490
1747832109,11808131578,21469983843,691066803642,50,15.985250473022461,2018.9218521118164,11.850833892822266,80201.25804930773,1078796,1340837,1017674,1.211826,1.286312,0.003605
1747832110,11809357210,21471290583,691066803882,63,16.011714935302734,18.448352813720703,13.963937759399414,0.3392882191215643,1135024,1346459,1013216,1.168854,1.246204,0.000229
1747832111,11810588850,21472616849,691066806538,24,1.3494491577148438,18.508195877075195,1.3494491577148438,9.885109591215816,1037932,1212628,1013664,1.174583,1.264826,0.002533
1747832112,11811814482,21473899557,691066810452,24,0,18.508195877075195,1.3494491577148438,9.885109591215816,1029648,1210239,1008348,1.168854,1.223286,0.003733
1747832113,11813049126,21475210803,691066814732,50,14.916658401489258,1889.9812698364258,14.857053756713867,70208.64554887681,1055783,1227828,1010025,1.177448,1.250502,0.004082
1747832114,11814300292,21476511535,691066818272,64,16.017436981201172,17.02713966369629,14.917373657226562,0.16961041125119647,1035422,2970392,1009628,1.193205,1.240475,0.003376
1747832115,11815537940,21477822781,691066821872,63,14.99032974243164,17.035245895385742,14.843463897705078,0.24354054238286468,1052156,1278487,1010521,1.180313,1.250502,0.003433
1747832116,11816771142,21479131023,691066825412,64,16.095638275146484,17.04716682434082,14.905214309692383,0.22657480164366822,1041983,1248658,1012982,1.176073,1.247637,0.003376
1747832117,11817987762,21480461795,691066829132,64,16.095638275146484,17.04716682434082,14.905214309692383,0.22657480164366822,1043601,3029230,1014648,1.160259,1.269123,0.003548
1747832118,11819198374,21481767093,691066832852,63,16.003847122192383,17.03023910522461,14.981508255004883,0.13711104827389067,1036281,1232656,1010856,1.154530,1.244829,0.003548
1747832119,11820443532,21483102371,691066836632,64,16.040802001953125,17.080068588256836,14.856576919555664,0.24434562202050958,1050301,1235671,1012953,1.187475,1.273420,0.003605
1747832120,11821673670,21484389585,691066840232,64,14.9078369140625,16.990184783935547,14.9078369140625,0.12076961510359562,1031900,2271907,1014623,1.173151,1.227583,0.003433
1747832121,11822935350,21485688815,691066844132,63,15.954732894897461,17.019987106323242,14.880657196044922,0.12035776853641383,1020756,5060400,1012396,1.203232,1.239042,0.003719
1747832122,11824172998,21487001563,691066847852,64,15.948772430419922,17.334461212158203,14.100790023803711,0.4136489109004996,1037138,4511624,1011365,1.180313,1.251934,0.003548
1747832123,11825419658,21488344351,691066851812,64,16.982555389404297,17.04263687133789,14.752388000488281,0.1626066211295539,1153650,1238818,1011636,1.188908,1.280582,0.003777
1747832124,11826649796,21489622553,691066855712,63,15.959501266479492,17.00901985168457,14.834403991699219,0.11848251084696498,1081148,1343266,1012402,1.173151,1.218988,0.003719
1747832125,11827881436,21490933799,691066859612,64,16.00790023803711,17.088890075683594,14.893293380737305,0.17950750019986697,1024923,1416067,1012517,1.174583,1.250502,0.003719
1747832126,11829155132,21492248049,691066863512,64,16.008615493774414,17.053604125976562,14.907360076904297,0.13142989172819564,1050600,1370749,1014203,1.214691,1.253366,0.003719
1747832127,11830358234,21493557793,691066865852,63,16.09015464782715,17.045259475708008,14.85586166381836,0.2605596879290718,1029510,1370658,1015923,1.147367,1.249069,0.002232
1747832128,11831582364,21494905087,691066866466,58,10.170221328735352,17.06671714782715,10.170221328735352,0.7431956295298958,1024648,6833377,1011912,1.167421,1.284880,0.000586
1747832129,11832847048,21496196807,691066870442,58,0,17.06671714782715,10.170221328735352,0.7431956295298958,1041103,1250613,1015412,1.206097,1.231880,0.003792
1747832130,11834047146,21497527579,691066874522,15,16.007423400878906,1901.8290042877197,14.964818954467773,235880.4097338428,1169598,3953045,1011784,1.144503,1.269123,0.003891
1747832131,11835289300,21498807283,691066878242,64,15.91801643371582,21.145105361938477,9.829044342041016,1.4785594295493798,1043175,1414100,1010604,1.184610,1.220421,0.003548
1747832132,11836550980,21500120031,691066882142,63,16.013383865356445,17.096757888793945,14.86063003540039,0.3657595148719428,1013613,1304045,1013613,1.203232,1.251934,0.003719
1747832133,11837778114,21501438787,691066886042,64,17.08841323852539,22.182703018188477,8.805513381958008,1.9785378991822509,1030472,4444831,1011780,1.170286,1.257664,0.003719
1747832134,11839041296,21502739519,691066890002,64,15.008687973022461,18.166065216064453,13.834953308105469,0.800669646864384,1038765,1282152,1010918,1.204664,1.240475,0.003777
1747832135,11840280446,21504074797,691066893962,64,16.005754470825195,18.102169036865234,13.935565948486328,0.6715124354823915,1046924,1365267,1017997,1.181746,1.273420,0.003777
1747832136,11841506078,21505398059,691066897682,64,15.997171401977539,19.00005340576172,14.008283615112305,0.6888367155580107,1023358,4202739,1010276,1.168854,1.261961,0.003548
1747832137,11842729026,21506719819,691066898342,63,14.973163604736328,21.880626678466797,12.237071990966797,1.689200165547163,1039734,2878165,1010103,1.166294,1.260529,0.000629
1747832138,11843971180,21507983001,691066899750,21,13.9007568359375,17.049551010131836,13.9007568359375,1.0894618617385277,1046227,2457258,1009190,1.184610,1.204664,0.001343
1747832139,11845229856,21509328793,691066904058,21,0,17.049551010131836,13.9007568359375,1.0894618617385277,1018161,3039314,1010023,1.200367,1.283447,0.004108
1747832140,11846452484,21510626521,691066907778,43,15.986442565917969,2034.1501235961914,13.873100280761719,94665.87352868167,1026081,2596350,1011801,1.165989,1.237610,0.003548
1747832141,11847660092,21511921245,691066911558,64,14.023065567016602,18.023252487182617,13.842344284057617,0.3295715662483203,1050116,1222442,1012068,1.151665,1.234745,0.003605
1747832142,11848894736,21513246009,691066914798,64,15.991687774658203,18.350839614868164,14.03498649597168,0.36695980274346945,1062281,3178255,1015444,1.177448,1.263393,0.003090
1747832143,11850129380,21514570773,691066918458,64,16.088008880615234,22.150039672851562,9.79161262512207,1.3663058513292718,1027894,2621430,1011587,1.177448,1.263393,0.003490
1747832144,11851380546,21515856485,691066922178,64,15.99431037902832,17.317771911621094,14.952421188354492,0.14223066935832343,1036429,1317349,1015805,1.193205,1.226151,0.003548
1747832145,11852609182,21517206783,691066926078,63,16.000986099243164,22.10688591003418,9.919881820678711,1.8411760485212325,1169544,1321593,1013277,1.171719,1.287745,0.003719
1747832146,11853837818,21518503009,691066930038,64,15.983104705810547,17.055511474609375,14.908790588378906,0.13235366207672886,1038527,2986953,1010628,1.171719,1.236177,0.003777
1747832147,11855081474,21519820263,691066934118,64,14.969587326049805,17.045974731445312,14.969587326049805,0.1189945523291877,1035958,4534306,1011422,1.186043,1.256231,0.003891
1747832148,11856323628,21521120995,691066937898,64,15.991926193237305,18.249034881591797,14.988899230957031,0.20378797966613107,1048235,2479556,1016810,1.184610,1.240475,0.003605
1747832149,11857559834,21522445759,691066941798,63,15.078544616699219,18.00704002380371,14.005899429321289,0.2982255140629427,1018597,1476411,1014677,1.178938,1.263393,0.003719
1747832150,11858797482,21523757005,691066945278,64,16.010284423828125,16.168594360351562,15.825033187866211,0.0030399177540997645,1059460,8814148,1016008,1.180313,1.250502,0.003319
1747832151,11860071178,21525081769,691066948998,64,16.991138458251953,18.633127212524414,13.406515121459961,0.4705651128539255,1036945,5801617,1011204,1.214691,1.263393,0.003548
1747832152,11861293806,21526382501,691066952718,63,16.007184982299805,17.00139045715332,14.973163604736328,0.15866954989946813,1101145,3426347,1013229,1.165989,1.240475,0.003548
1747832153,11862510426,21527696751,691066956498,64,16.006946563720703,17.015933990478516,15.00701904296875,0.033265189178189124,1036441,6627796,1016082,1.160259,1.253366,0.003605
1747832154,11863749576,21529000487,691066960218,64,16.01886749267578,16.991376876831055,15.026092529296875,0.033826882960406215,1021505,1241740,1010336,1.181746,1.243340,0.003548
1747832155,11864966196,21530308729,691066963878,63,15.967607498168945,17.757654190063477,14.217853546142578,0.19737197226478315,1019680,1203364,1009070,1.160259,1.247637,0.003490
1747832156,11866182816,21531592939,691066967778,65,14.996767044067383,16.99233055114746,14.996767044067383,0.08951434725401608,1015609,1460116,1012896,1.160259,1.224718,0.003719
1747832157,11867421966,21532953751,691066971998,63,16.173601150512695,17.109394073486328,14.919757843017578,0.1371505754483483,1026665,4820913,1012544,1.181746,1.297771,0.004025
1747832158,11868662618,21534221439,691066976078,64,16.000986099243164,17.000198364257812,14.95671272277832,0.11574593366914251,1070364,1560139,1014103,1.183178,1.208961,0.003891
1747832159,11869907776,21535564227,691066979798,64,16.185522079467773,17.177820205688477,14.150619506835938,0.27751160609914516,1041031,1328054,1009786,1.187475,1.280582,0.003548
1747832160,11871121392,21536843931,691066984012,63,17.01188087463379,17.01188087463379,14.99032974243164,0.1364705468631655,1035662,1478005,1008454,1.157394,1.220421,0.004019
1747832161,11872375562,21538177707,691066987972,64,16.010046005249023,22.10211753845215,9.80377197265625,1.3325158607932006,1034725,1178133,1009544,1.196070,1.271988,0.003777
1747832162,11873601194,21539509981,691066991812,64,16.001224517822266,17.05646514892578,14.954566955566406,0.10289994031199634,1036381,1459529,1011080,1.168854,1.270555,0.003662
1747832163,11874826826,21540794191,691066995412,63,15.994071960449219,18.157005310058594,13.849973678588867,0.303848031662554,1034371,1328717,1011398,1.168854,1.224718,0.003433
1747832164,11876077992,21542097927,691066995592,65,3.153085708618164,19.02008056640625,3.153085708618164,2.844156972992007,1158219,1185132,1012209,1.193205,1.243340,0.000172
1747832165,11877338170,21543428699,691066998308,65,0,19.02008056640625,3.153085708618164,2.844156972992007,1043758,2885466,1013562,1.201799,1.269123,0.002590
1747832166,11878589336,21544742949,691067001908,65,0,19.02008056640625,3.153085708618164,2.844156972992007,1045039,4184488,1011344,1.193205,1.253366,0.003433
1747832167,11879777418,21546048187,691067005508,63,14.974832534790039,2028.8498401641846,14.974832534790039,64293.860063119486,1034491,1416192,1012031,1.133043,1.244772,0.003433
1747832168,11881046608,21547341469,691067009408,64,16.002416610717773,17.982959747314453,13.981342315673828,0.24178472643533563,1025923,1338011,1011980,1.210394,1.233370,0.003719
1747832169,11882269236,21548648209,691067013248,64,17.06528663635254,19.06442642211914,12.888193130493164,0.6758177043250339,1045428,1300528,1011071,1.165989,1.246204,0.003662
1747832170,11883541430,21549959455,691067017208,63,16.014575958251953,16.746997833251953,14.989852905273438,0.04368062648133298,1023261,1294340,1008684,1.213259,1.250502,0.003777
1747832171,11884759552,21551302243,691067021288,64,16.02792739868164,18.9361572265625,13.003826141357422,0.354880162649191,1039866,3248436,1012037,1.161692,1.280582,0.003891
1747832172,11885961152,21552599971,691067025128,64,16.030550003051758,16.3114070892334,15.657901763916016,0.004440356017369011,1034905,5604699,1013237,1.145935,1.237610,0.003662
1747832173,11887225836,21553933747,691067028548,64,15.968561172485352,17.616987228393555,14.01209831237793,0.20647811742164285,1050175,1427915,1013624,1.206097,1.271988,0.003262
1747832174,11888445460,21555205941,691067028668,57,14.256715774536133,17.02404022216797,14.256715774536133,0.0904334487929402,1198006,2719327,1012301,1.163124,1.213259,0.000114
1747832175,11889668088,21556545725,691067031570,57,0,17.02404022216797,14.256715774536133,0.0904334487929402,1055020,1181867,1013801,1.165989,1.277718,0.002768
1747832176,11890934274,21557858473,691067035290,7,16.005277633666992,2028.761625289917,14.995336532592773,562669.848413743,1156794,3577134,1010674,1.207529,1.251934,0.003548
1747832177,11892156902,21559157703,691067039272,64,16.034841537475586,16.97683334350586,15.001058578491211,0.03638740563327475,1033406,1269230,1016737,1.165989,1.239042,0.003798
1747832178,11893403562,21560453929,691067039452,64,16.008377075195312,17.024517059326172,14.98556137084961,0.09117960739672781,1060004,1179986,1011941,1.188908,1.236177,0.000172
1747832179,11894656230,21561798219,691067039752,3,4.394054412841797,15.959501266479492,4.394054412841797,33.43989023107952,1028220,3610730,1010877,1.194637,1.282015,0.000286
1747832180,11895883364,21563077923,691067041694,3,0,15.959501266479492,4.394054412841797,33.43989023107952,1025865,3712381,1014807,1.170286,1.220421,0.001852
1747832181,11897143542,21564423715,691067045534,3,0,15.959501266479492,4.394054412841797,33.43989023107952,1033097,1390805,1011678,1.201799,1.283447,0.003662
1747832182,11898358720,21565703419,691067049254,60,16.4639949798584,3059.609889984131,15.012502670288086,154346.6435699141,1027449,2109063,1012048,1.158884,1.220421,0.003548
1747832183,11899608384,21567043203,691067053268,63,15.99431037902832,19.11640167236328,12.860536575317383,0.4273164108307999,1047727,1209953,1010500,1.191772,1.277718,0.003828
1747832184,11900852040,21568355951,691067057048,64,15.948772430419922,17.521381378173828,14.982938766479492,0.15046498845338374,1322632,1390176,1014928,1.186043,1.251934,0.003605
1747832185,11902127238,21569662691,691067058728,64,15.993833541870117,17.035961151123047,15.003204345703125,0.03644896297417403,1055222,6070314,1014035,1.216124,1.246204,0.001602
1747832186,11903375400,21570946901,691067059658,30,9.079933166503906,16.082763671875,9.079933166503906,1.5963415308392115,1038407,1269932,1012113,1.190340,1.224718,0.000887
1747832187,11904587514,21572259649,691067063616,30,0,16.082763671875,9.079933166503906,1.5963415308392115,1041345,1250881,1016108,1.155962,1.251934,0.003775
1747832188,11905846190,21573593425,691067067336,30,0,16.082763671875,9.079933166503906,1.5963415308392115,1039227,1340324,1016742,1.200367,1.271988,0.003548
1747832189,11907092850,21574906173,691067071826,30,0,16.082763671875,9.079933166503906,1.5963415308392115,1027346,2916104,1013325,1.188908,1.251934,0.004282
1747832190,11908341012,21576193387,691067075486,34,16.031742095947266,4048.8533973693848,13.957738876342773,477910.77538975497,1073730,1323048,1010907,1.190340,1.227583,0.003490
1747832191,11909556130,21577522657,691067079446,63,16.018152236938477,17.03190803527832,15.003681182861328,0.06748451262391598,1023441,1328810,1011080,1.158827,1.267691,0.003777
1747832192,11910802790,21578815879,691067083286,64,15.996932983398438,17.035722732543945,15.00082015991211,0.06721042151156104,1041508,3037835,1011530,1.188908,1.233313,0.003662
1747832193,11912047948,21580128627,691067084006,63,15.991926193237305,16.95871353149414,15.023231506347656,0.09413786255455844,1026865,1259878,1011706,1.187475,1.251934,0.000687
1747832194,11913297612,21581441375,691067084426,7,11.875629425048828,16.03102684020996,11.875629425048828,2.3620990611385015,1050416,4678651,1011391,1.191772,1.251934,0.000401
1747832195,11914518738,21582781159,691067084726,7,0,16.03102684020996,11.875629425048828,2.3620990611385015,1018009,4095715,1011913,1.164557,1.277718,0.000286
1747832196,11915793936,21584063867,691067085658,7,0,16.03102684020996,11.875629425048828,2.3620990611385015,1044097,2429934,1012347,1.216124,1.223286,0.000889
1747832197,11917037592,21585375113,691067090084,7,0,16.03102684020996,11.875629425048828,2.3620990611385015,1050595,2833833,1011542,1.186043,1.250502,0.004221
1747832198,11918273738,21586717901,691067093984,51,16.012191772460938,4154.108762741089,14.960765838623047,335629.48610466503,1050369,1370642,1016221,1.178881,1.280582,0.003719
1747832199,11919496366,21588002111,691067098124,63,15.999794006347656,17.066478729248047,14.968395233154297,0.11074705972259645,1031158,1350871,1014078,1.165989,1.224718,0.003948
1747832200,11920735516,21589311855,691067102024,64,15.978097915649414,16.999483108520508,15.042543411254883,0.031280084228029054,1020858,1251638,1007977,1.181746,1.249069,0.003719
1747832201,11921956962,21590641125,691067105984,64,16.01099967956543,16.999244689941406,15.011310577392578,0.057068874668801894,1053270,3169128,1014200,1.164862,1.267691,0.003777
1747832202,11923224650,21591956877,691067109824,64,16.048431396484375,16.976356506347656,14.99319076538086,0.03201125999340956,1030518,1357426,1010136,1.208961,1.254799,0.003662
1747832203,11924465302,21593245653,691067113724,63,15.973567962646484,17.136812210083008,14.989852905273438,0.08547105857063121,1063020,1493200,1014781,1.183178,1.229073,0.003719
1747832204,11925725480,21594556899,691067117624,64,15.99264144897461,17.03166961669922,15.00391960144043,0.033829677582810434,1167401,3118097,1012321,1.201799,1.250502,0.003719
1747832205,11926963128,21595899687,691067121524,64,16.188621520996094,19.051074981689453,12.845516204833984,0.4001393724994658,1024801,1229885,1013219,1.180313,1.280582,0.003719
1747832206,11928179748,21597219945,691067125484,63,16.099214553833008,16.942977905273438,15.020370483398438,0.03297168530664197,1018480,1171214,1010272,1.160259,1.259096,0.003777
1747832207,11929417396,21598529689,691067129444,64,16.002893447875977,17.101764678955078,14.921903610229492,0.13385478245184368,1146779,1366372,1012321,1.180313,1.249069,0.003777
1747832208,11930664056,21599825915,691067132984,64,15.99431037902832,17.024993896484375,14.999628067016602,0.09621024475275629,1036297,1341867,1011179,1.188908,1.236177,0.003376
1747832209,11931919728,21601116133,691067136644,63,16.959428787231445,17.011165618896484,15.001296997070312,0.1216741563121672,1057733,4681804,1014003,1.197502,1.230448,0.003490
1747832210,11933148364,21602466431,691067140304,64,16.00813865661621,17.084360122680664,14.956474304199219,0.11688075651394696,1022207,1289700,1014682,1.171719,1.287745,0.003490
1747832211,11934367988,21603749139,691067144144,64,15.892982482910156,19.127368927001953,12.849092483520508,0.38393364564813537,1218589,4813783,1011578,1.163124,1.223286,0.003662
1747832212,11935599628,21605067895,691067147984,64,16.08109474182129,18.01919937133789,13.99087905883789,0.16442147389615264,1023642,2609195,1009788,1.174583,1.257664,0.003662
1747832213,11936840280,21606385149,691067151584,63,16.04485511779785,17.904281616210938,13.985872268676758,0.12578588165830867,1078916,1269452,1011099,1.183178,1.256231,0.003433
1747832214,11938100458,21607673865,691067155364,64,16.0219669342041,17.0290470123291,14.999866485595703,0.09747672855634007,1024379,2812380,1011615,1.201799,1.229015,0.003605
1747832215,11939323146,21609007641,691067159144,64,16.011953353881836,17.296314239501953,14.693021774291992,0.0553449592560962,1074589,1225512,1012300,1.166046,1.271988,0.003605
1747832216,11940545774,21610323393,691067163284,63,16.112089157104492,17.06552505493164,14.961004257202148,0.10360758976714159,1040626,1214407,1009103,1.165989,1.254799,0.003948
1747832217,11941811960,21611640647,691067167310,64,15.97738265991211,19.000768661499023,12.898445129394531,0.32986966021181974,1319061,1329182,1008808,1.207529,1.256231,0.003839
1747832218,11943013560,21612920351,691067171330,64,15.975713729858398,17.77029037475586,14.204740524291992,0.1590450064502155,1025977,1293184,1015070,1.145935,1.220421,0.003834
1747832219,11944257216,21614257131,691067174930,64,14.939069747924805,17.03929901123047,14.939069747924805,0.16370946517592422,1046014,1315569,1012968,1.186043,1.274853,0.003433
1747832220,11945515892,21615562369,691067178770,65,16.062498092651367,17.035961151123047,15.02084732055664,0.035411071408475436,1011826,1212054,1011826,1.200367,1.244772,0.003662
1747832221,11946761050,21616869109,691067182750,64,16.1287784576416,18.095970153808594,13.95726203918457,0.2153232180068675,1011826,1212054,1011826,1.187475,1.246204,0.003796
1747832222,11948000200,21618169841,691067186410,64,14.972925186157227,17.081022262573242,14.917850494384766,0.10552826442279832,1012321,3368863,1010286,1.181746,1.240475,0.003490
1747832223,11949227334,21619497609,691067190190,63,16.035079956054688,17.03953742980957,14.975786209106445,0.139985334905696,1044991,4328851,1012339,1.170286,1.266258,0.003605
1747832224,11950389876,21620582047,691067194690,64,15.019655227661133,16.994237899780273,15.019655227661133,0.03337639951041752,1021181,1322319,1013901,1.108686,1.034201,0.004292
1747832225,11951656062,21621932345,691067198710,64,15.969991683959961,17.03667640686035,14.978647232055664,0.09993928671686304,1026515,1220262,1011067,1.207529,1.287745,0.003834
1747832226,11952862168,21623272129,691067202370,63,15.053749084472656,19.071102142333984,12.877941131591797,0.34101042484102534,1042514,1210782,1011528,1.150232,1.277718,0.003490
1747832227,11954102820,21624595391,691067206030,64,16.10541343688965,17.12775230407715,14.890193939208984,0.05020992000301328,1035625,1350993,1011381,1.183178,1.261961,0.003490
1747832228,11955316436,21625942685,691067209810,64,15.976667404174805,16.12091064453125,15.87986946105957,0.001464858112137209,1094863,2851696,1012526,1.157394,1.284880,0.003605
1747832229,11956554144,21627279525,691067213890,64,16.011476516723633,17.04263687133789,15.000104904174805,0.09485896557753,1023904,1258893,1015730,1.180370,1.274910,0.003891
1747832230,11957785784,21628587767,691067217850,63,16.01862907409668,17.17519760131836,14.86063003540039,0.11345745429711698,1040137,1229287,1010859,1.174583,1.247637,0.003777
1747832231,11959071496,21629930555,691067221750,64,15.980243682861328,17.14944839477539,14.842510223388672,0.08512790065885834,1040137,1229287,1010859,1.226151,1.280582,0.003719
1747832232,11960270092,21631264331,691067225590,64,15.867471694946289,19.09947395324707,13.939380645751953,0.26270453214938205,1032227,1290315,1011628,1.143070,1.271988,0.003662
1747832233,11961491218,21632617633,691067226550,63,16.025304794311523,16.87932014465332,15.000581741333008,0.05807245368084507,1027552,1210355,1010806,1.164557,1.290609,0.000916
1747832234,11962746890,21633936389,691067226970,3,10.95890998840332,17.24553108215332,10.95890998840332,9.880401194095612,1019628,1348977,1014825,1.197502,1.257664,0.000401
1747832235,11963981534,21635289691,691067227210,3,0,17.24553108215332,10.95890998840332,9.880401194095612,1039766,1496679,1012253,1.177448,1.290609,0.000229
1747832236,11965231198,21636664021,691067227572,3,0,17.24553108215332,10.95890998840332,9.880401194095612,1041537,2045831,1013425,1.191772,1.310663,0.000345
1747832237,11966476356,21637961749,691067228382,3,0,17.24553108215332,10.95890998840332,9.880401194095612,1034577,1168194,1010444,1.187475,1.237610,0.000772
1747832238,11967739538,21639318055,691067228682,3,0,17.24553108215332,10.95890998840332,9.880401194095612,1030003,1359626,1009047,1.204664,1.293474,0.000286
1747832239,11968995210,21640629301,691067229614,3,0,17.24553108215332,10.95890998840332,9.880401194095612,1146862,5416998,1013667,1.197502,1.250502,0.000889
1747832240,11970238866,21641964579,691067229794,2,6087.958574295044,6087.958574295044,6087.958574295044,0,1039639,3241174,1017198,1.186043,1.273420,0.000172
1747832241,11971464498,21643331399,691067233972,2,0,6087.958574295044,6087.958574295044,0,1069754,1307371,1014879,1.168854,1.303501,0.003984
1747832242,11972724676,21644659167,691067237632,36,15.921354293823242,2373.781442642212,13.96632194519043,154294.57690858515,1029419,1392694,1018595,1.201799,1.266258,0.003490
1747832243,11973930782,21645976421,691067241172,64,16.002655029296875,17.052888870239258,15.023469924926758,0.06480873309996474,1044814,4405155,1012933,1.150232,1.256231,0.003376
1747832244,11975175940,21647331225,691067245132,63,15.968799591064453,16.201496124267578,15.789508819580078,0.0026740572119877785,1022927,2808636,1013233,1.187475,1.292042,0.003777
1747832245,11976413588,21648649981,691067249152,64,17.026185989379883,17.194747924804688,14.59360122680664,0.23722187375259804,1022927,2808636,1013233,1.180313,1.257664,0.003834
1747832246,11977666256,21650024311,691067253052,64,16.05701446533203,16.306161880493164,15.75613021850586,0.003346428983363874,1051308,1416184,1019777,1.194637,1.310663,0.003719
1747832247,11978876868,21651346071,691067256772,63,16.015052795410156,17.05002784729004,14.961004257202148,0.13529749259249554,1028528,1406567,1010827,1.154530,1.260529,0.003548
1747832248,11980125030,21652694867,691067260732,64,15.99740982055664,17.03476905822754,15.001058578491211,0.12699553143835465,1052662,1239149,1011055,1.190340,1.286312,0.003777
1747832249,11981365742,21654040659,691067264332,64,15.956640243530273,16.121864318847656,15.880823135375977,0.0009683803590202004,1055130,4253032,1010177,1.183235,1.283447,0.003433
1747832250,11982573350,21655353407,691067268052,63,16.001224517822266,16.14212989807129,15.873193740844727,0.0023239835566421256,1023320,1232525,1014713,1.151665,1.251934,0.003548
1747832251,11983853054,21656714219,691067271832,64,15.970706939697266,17.026424407958984,15.007734298706055,0.032883452007159086,1291834,3182453,1017606,1.220421,1.297771,0.003605
1747832252,11985054654,21658010445,691067275432,64,16.00480079650879,16.99995994567871,15.044212341308594,0.031903738253402765,1018323,2615409,1013065,1.145935,1.236177,0.003433
1747832253,11986332856,21659375763,691067279332,63,15.972375869750977,17.003536224365234,15.004158020019531,0.0431882612087194,1087349,1370807,1014165,1.218988,1.302069,0.003719
1747832254,11987540464,21660694519,691067282932,64,16.010761260986328,16.10589027404785,15.909433364868164,0.0012656815222439545,1036499,1329061,1012828,1.151665,1.257664,0.003433
1747832255,11988796136,21662061339,691067286532,64,15.98501205444336,17.016172409057617,14.971017837524414,0.06462982676725554,1021876,1236548,1013934,1.197502,1.303501,0.003433
1747832256,11990060820,21663378593,691067286772,40,5.818367004394531,16.09325408935547,5.818367004394531,2.5915259047541395,1022858,1198355,1013094,1.206097,1.256231,0.000229
1747832257,11991301472,21664703357,691067287702,40,0,16.09325408935547,5.818367004394531,2.5915259047541395,1014186,4904773,1010658,1.183178,1.263393,0.000887
1747832258,11992524100,21666035631,691067288002,40,0,16.09325408935547,5.818367004394531,2.5915259047541395,1026048,1325576,1010222,1.165989,1.270555,0.000286
1747832259,11993749732,21667370909,691067288934,40,0,16.09325408935547,5.818367004394531,2.5915259047541395,1122877,1198783,1010558,1.168854,1.273420,0.000889
1747832260,11995008408,21668727275,691067289234,2,3983.5822582244873,3983.5822582244873,3983.5822582244873,0,1030909,1386733,1012353,1.200367,1.293531,0.000286
1747832261,11996249060,21670065557,691067290644,2,0,3983.5822582244873,3983.5822582244873,0,1142113,1442968,1012775,1.183178,1.276285,0.001345
1747832262,11997488210,21671384313,691067294772,6,15.999555587768555,2359.600305557251,15.979290008544922,878793.243521627,1036212,2554352,1011701,1.181746,1.257664,0.003937
1747832263,11998749890,21672730105,691067298312,64,15.987634658813477,17.0290470123291,14.780521392822266,0.1921111669259246,1057514,3555588,1011713,1.203232,1.283447,0.003376
1747832264,11999999554,21674083407,691067301912,63,15.95449447631836,17.04573631286621,14.806509017944336,0.21795233156244478,1024292,1406041,1011877,1.191772,1.290609,0.003433
1747832265,12001213490,21675418685,691067305632,64,15.994548797607422,17.02094078063965,14.77813720703125,0.07132726423114662,1049996,1281906,1010840,1.157700,1.273420,0.003548
1747832266,12002473668,21676743449,691067309532,64,15.96212387084961,17.067670822143555,14.7857666015625,0.18092080483995043,1034637,1324425,1010092,1.201799,1.263393,0.003719
1747832267,12003729340,21678092245,691067313072,63,16.03102684020996,16.956806182861328,14.89877700805664,0.06615666082892702,1031957,1162642,1013822,1.197502,1.286312,0.003376
1747832268,12004941454,21679441041,691067316372,64,16.583681106567383,18.404483795166016,13.585329055786133,0.3341935270925519,1035429,5735580,1012924,1.155962,1.286312,0.003147
1747832269,12006165584,21680747781,691067320332,64,16.997098922729492,17.169713973999023,13.835430145263672,0.29374729718033543,1028864,1477198,1014748,1.167421,1.246204,0.003777
1747832270,12007434774,21682099581,691067324052,64,15.992879867553711,18.69964599609375,13.308286666870117,0.3113982029779726,1026466,2600232,1010932,1.210394,1.289177,0.003548
1747832271,12008630366,21683454385,691067327772,63,15.985727310180664,17.030954360961914,14.607906341552734,0.2095646254083457,1388845,2849841,1013545,1.140205,1.292042,0.003548
1747832272,12009892046,21684788161,691067331372,64,16.004562377929688,17.05002784729004,14.853477478027344,0.1777982720438631,1028642,1170871,1012114,1.203232,1.271988,0.003433
1747832273,12011140208,21686111423,691067335452,64,15.99574089050293,17.026424407958984,14.785051345825195,0.24334408500554616,1076364,1251722,1012533,1.190340,1.261961,0.003891
1747832274,12012382362,21687433183,691067339352,63,16.000032424926758,17.007112503051758,14.863729476928711,0.13309782216218574,1058728,8524098,1012843,1.184610,1.260529,0.003719
1747832275,12013612500,21688796999,691067343252,64,15.99431037902832,20.120859146118164,10.856389999389648,0.8611740647277031,1036205,3085571,1017801,1.173151,1.300636,0.003719
1747832276,12014905722,21690106743,691067343912,50,4.177331924438477,16.98017120361328,4.177331924438477,2.84835209522358,1066158,1367276,1015788,1.233313,1.249069,0.000629
1747832277,12016113330,21691446527,691067344092,50,0,16.98017120361328,4.177331924438477,2.84835209522358,1020171,2848228,1011747,1.151665,1.277718,0.000172
1747832278,12017356986,21692814849,691067344392,50,0,16.98017120361328,4.177331924438477,2.84835209522358,1046804,2842511,1010647,1.186043,1.304934,0.000286
1747832279,12018629180,21694145621,691067344572,50,0,16.98017120361328,4.177331924438477,2.84835209522358,1168480,1438741,1013569,1.213259,1.269123,0.000172
1747832280,12019851808,21695459871,691067347948,50,0,16.98017120361328,4.177331924438477,2.84835209522358,1044337,2730327,1011637,1.165989,1.253366,0.003220
1747832281,12021098468,21696826691,691067348728,30,8.169889450073242,4617.898225784302,8.169889450073242,705164.9642302525,1080395,5229244,1012273,1.188908,1.303501,0.000744
1747832282,12022352698,21698181495,691067349088,30,0,4617.898225784302,8.169889450073242,705164.9642302525,1043172,1232943,1010084,1.196127,1.292042,0.000343
1747832283,12023579832,21699495745,691067349328,30,0,4617.898225784302,8.169889450073242,705164.9642302525,1036888,1235521,1011476,1.170286,1.253366,0.000229
1747832284,12024837006,21700832525,691067351452,30,0,4617.898225784302,8.169889450073242,705164.9642302525,1042361,1234513,1009198,1.198935,1.274853,0.002026
1747832285,12026082164,21702169305,691067355046,17,16.010046005249023,3962.0392322540283,13.821125030517578,912442.689211108,1038325,1241849,1012367,1.187475,1.274853,0.003428
1747832286,12027301788,21703485057,691067359086,64,16.030550003051758,18.1732177734375,13.797521591186523,0.29973486732686744,1033227,4138493,1017131,1.163124,1.254799,0.003853
1747832287,12028554456,21704851877,691067363046,63,16.014575958251953,17.23313331604004,14.775753021240234,0.05004096219371274,1156383,2599856,1011195,1.194637,1.303501,0.003777
1747832288,12029814634,21706167629,691067365326,64,16.03412628173828,16.998767852783203,15.009403228759766,0.060878474713648906,1069398,1526331,1013405,1.201799,1.254799,0.002174
1747832289,12031058290,21707501405,691067365506,13,11.063098907470703,16.907215118408203,11.063098907470703,2.0080637549805638,1030012,1459790,1011359,1.186043,1.271988,0.000172
1747832290,12032304950,21708850201,691067369016,13,0,16.907215118408203,11.063098907470703,2.0080637549805638,1033914,1263074,1010082,1.188908,1.286312,0.003347
1747832291,12033541096,21710171961,691067372976,13,0,16.907215118408203,11.063098907470703,2.0080637549805638,1049173,1254416,1013508,1.178881,1.260529,0.003777
1747832292,12034784752,21711543287,691067377764,13,0,16.907215118408203,11.063098907470703,2.0080637549805638,1024012,6157872,1015351,1.186043,1.307798,0.004566
1747832293,12036002874,21712862043,691067381124,38,15.974044799804688,4249.186992645264,9.868621826171875,471234.39799190365,1073786,1390684,1015124,1.161692,1.257664,0.003204
1747832294,12037261550,21714222855,691067384664,64,16.07513427734375,17.12942123413086,14.89877700805664,0.11337959301317493,1050265,1398927,1018767,1.200367,1.297771,0.003376
1747832295,12038484178,21715528093,691067388564,64,16.01719856262207,17.32182502746582,14.911651611328125,0.17687957102837423,1035417,1344177,1011973,1.165989,1.244772,0.003719
1747832296,12039688782,21716879953,691067392344,63,15.952825546264648,16.998767852783203,14.995574951171875,0.059584036995368926,1044194,1689247,1010088,1.148800,1.289234,0.003605
1747832297,12040948960,21718225745,691067395824,65,16.16644859313965,18.100738525390625,13.892889022827148,0.30303865504455185,1034929,3362025,1011426,1.201799,1.283447,0.003319
1747832298,12042150560,21719530983,691067399784,63,17.236948013305664,17.813920974731445,14.03045654296875,0.21563983706039414,1021523,1409194,1011455,1.145935,1.244772,0.003777
1747832299,12043389710,21720867763,691067403564,64,16.026020050048828,18.032312393188477,13.936758041381836,0.27508032044074876,1035040,3708531,1011823,1.181746,1.274853,0.003605
1747832300,12044631864,21722240591,691067407284,64,16.000747680664062,16.095638275146484,15.851259231567383,0.0015456408740453155,1024786,4067281,1010421,1.184610,1.309231,0.003548
1747832301,12045849986,21723574367,691067411244,64,16.02482795715332,16.167402267456055,15.837669372558594,0.0017011600855626789,1031015,1263953,1011698,1.161692,1.271988,0.003777
1747832302,12047105658,21724888617,691067414964,63,16.001462936401367,17.038583755493164,14.986038208007812,0.0654896897715169,1152819,1477604,1009682,1.197502,1.253366,0.003548
1747832303,12048331290,21726217887,691067418744,64,16.86263084411621,18.210411071777344,13.759851455688477,0.3587739459498524,1053831,1247551,1012513,1.168854,1.267691,0.003605
1747832304,12049595974,21727572691,691067422404,64,15.993833541870117,17.501354217529297,14.69111442565918,0.17765091645816378,1069626,2331584,1009911,1.206097,1.292042,0.003490
1747832305,12050839630,21728933503,691067426384,63,15.943288803100586,17.03643798828125,14.991998672485352,0.06751310816123106,1051600,2614951,1010369,1.186043,1.297771,0.003796
1747832306,12052074274,21730231231,691067430304,64,16.077756881713867,16.16072654724121,15.806913375854492,0.0025290536749730513,1094913,5574670,1011750,1.177448,1.237610,0.003738
1747832307,12053328444,21731604059,691067433964,64,16.017675399780273,16.959190368652344,14.985322952270508,0.059215133590124,1014393,3431666,1010417,1.196070,1.309231,0.003490
1747832308,12054552574,21732907795,691067436724,63,16.063451766967773,17.091989517211914,14.944791793823242,0.07234509664520868,1058943,1338357,1009899,1.167421,1.243340,0.002632
1747832309,12055784214,21734267105,691067436964,16,10.123968124389648,16.0830020904541,10.123968124389648,2.1464061157732632,1017425,1262788,1010117,1.174583,1.296339,0.000229
1747832310,12057026368,21735594873,691067440700,16,0,16.0830020904541,10.123968124389648,2.1464061157732632,1010245,1392158,1010245,1.184610,1.266258,0.003563
1747832311,12058248996,21736943669,691067444600,48,14.973163604736328,2047.9333400726318,11.84844970703125,85978.30867149855,1057954,3020220,1010702,1.165989,1.286312,0.003719
1747832312,12059486644,21738257919,691067448560,64,17.030715942382812,18.069744110107422,13.985633850097656,0.810378253462418,1030317,1333809,1011128,1.180313,1.253366,0.003777
1747832313,12060722790,21739609719,691067452520,64,17.008304595947266,18.04828643798828,13.983488082885742,0.7367085841087393,4989600,4989600,1010386,1.178881,1.289177,0.003777
1747832314,12061967948,21740951005,691067456420,64,15.996456146240234,18.29242706298828,13.687610626220703,0.6493923796758105,1056088,1293652,1012337,1.187475,1.279150,0.003719
1747832315,12063195142,21742277271,691067460500,63,16.99352264404297,17.402172088623047,13.875722885131836,0.5032081094669394,1041960,1278076,1020078,1.170343,1.264826,0.003891
1747832316,12064435794,21743623063,691067464460,64,14.751195907592773,18.02206039428711,13.873577117919922,0.4995352429778631,1059268,1334942,1017247,1.183178,1.283447,0.003777
1747832317,12065724510,21744971859,691067467700,64,17.00592041015625,17.30036735534668,14.85753059387207,0.5024147106510377,1053828,1406304,1009490,1.229015,1.286312,0.003090
1747832318,12066959154,21746313145,691067468000,23,7.302999496459961,17.05145835876465,7.302999496459961,3.609251381657833,1038763,1894576,1011419,1.177448,1.279150,0.000286
1747832319,12068145734,21747642415,691067468180,23,0,17.05145835876465,7.302999496459961,3.609251381657833,1034437,1359214,1010341,1.131611,1.267691,0.000172
1747832320,12069413422,21748952159,691067468480,23,0,17.05145835876465,7.302999496459961,3.609251381657833,1062604,8931649,1013635,1.208961,1.249069,0.000286
1747832321,12070661584,21750315975,691067468720,23,0,17.05145835876465,7.302999496459961,3.609251381657833,1087855,4130854,1012984,1.190340,1.300636,0.000229
1747832322,12071894726,21751661767,691067473236,4,15.989303588867188,4637.712717056274,15.984296798706055,4746744.5445816,1023518,1901800,1021079,1.176016,1.283447,0.004307
1747832323,12073142888,21752970009,691067476956,64,15.974998474121094,17.06719398498535,14.957189559936523,0.29083609291983775,1043559,4264191,1016183,1.190340,1.247637,0.003548
1747832324,12074383540,21754302283,691067480736,64,13.998270034790039,18.053770065307617,13.998270034790039,0.4616394726058583,1034722,1398974,1013778,1.183178,1.270555,0.003605
1747832325,12075631702,21755643569,691067484576,63,15.987873077392578,17.07148551940918,14.944076538085938,0.1379387479576855,1036301,1349464,1012710,1.190340,1.279150,0.003662
1747832326,12076870852,21757016397,691067488536,64,15.998125076293945,18.03421974182129,13.977527618408203,0.5256593159823094,1059848,1420188,1010320,1.181746,1.309231,0.003777
1747832327,12078120516,21758335153,691067492316,64,16.040563583374023,17.03023910522461,14.970064163208008,0.24969983557588252,1029244,1273281,1012442,1.191772,1.257664,0.003605
1747832328,12079338958,21759686953,691067495616,63,14.955282211303711,17.93193817138672,14.272928237915039,0.3042607579892498,1048384,2435896,1016209,1.161997,1.289177,0.003147
1747832329,12080581112,21761020729,691067495796,20,2.5544166564941406,18.02539825439453,2.5544166564941406,9.668491271602113,1061727,1256666,1015434,1.184610,1.271988,0.000172
1747832330,12081794728,21762339485,691067496156,20,0,18.02539825439453,2.5544166564941406,9.668491271602113,1062249,1298168,1009671,1.157394,1.257664,0.000343
1747832331,12083039886,21763677767,691067496336,20,0,18.02539825439453,2.5544166564941406,9.668491271602113,1035565,1320839,1018685,1.187475,1.276285,0.000172
1747832332,12084313582,21765001089,691067498520,20,0,18.02539825439453,2.5544166564941406,9.668491271602113,1058090,1383052,1009248,1.214691,1.262018,0.002083
1747832333,12085545222,21766364905,691067502534,31,15.98668098449707,4255.440950393677,14.906644821166992,579125.7220761017,1050589,1269256,1019188,1.174583,1.300636,0.003828
1747832334,12086767850,21767680657,691067506254,64,15.962362289428711,17.066240310668945,14.971017837524414,0.2534159577999655,1040930,1273232,1011569,1.165989,1.254799,0.003548
1747832335,12088052060,21769014433,691067510094,64,15.906810760498047,18.082380294799805,13.991832733154297,0.4650687450647022,1033199,1408269,1015163,1.224718,1.271988,0.003662
1747832336,12089237138,21770375245,691067513814,64,15.98215103149414,17.055988311767578,14.955282211303711,0.09904335795694282,1063171,1314834,1018690,1.130178,1.297771,0.003548
1747832337,12090488304,21771713527,691067517534,64,16.18361473083496,18.117904663085938,13.914823532104492,0.49694241468196537,1032609,4233725,1011669,1.193205,1.276285,0.003548
1747832338,12091763502,21773045801,691067521614,63,15.970230102539062,17.081499099731445,14.96267318725586,0.22842511567398596,1051310,4385140,1013196,1.216124,1.270555,0.003891
1747832339,12092969608,21774382581,691067525334,64,15.987634658813477,18.080472946166992,14.002799987792969,0.35538319700208826,1195955,1333619,1017773,1.150232,1.274853,0.003548
1747832340,12094217770,21775723867,691067529234,64,15.95926284790039,17.12799072265625,14.91093635559082,0.20424043383119214,1040143,2271606,1011387,1.190340,1.279150,0.003719
1747832341,12095435892,21777039619,691067533074,63,15.007972717285156,18.062829971313477,13.965129852294922,0.39862104022065736,1036126,1301252,1011044,1.161692,1.254799,0.003662
1747832342,12096688560,21778407941,691067536974,64,15.003442764282227,18.059492111206055,13.97085189819336,0.3608103507034758,1229457,1262109,1010872,1.194637,1.304934,0.003719
1747832343,12097912690,21779714681,691067540944,64,16.005516052246094,18.126726150512695,13.87333869934082,0.34746245848691204,1158455,2066924,1012561,1.167421,1.246204,0.003786
1747832344,12099153342,21781081501,691067544844,64,15.950202941894531,17.496824264526367,14.616012573242188,0.2685538458964998,1041966,1329605,1014738,1.183178,1.303501,0.003719
1747832345,12100381978,21782392747,691067548864,63,16.022443771362305,18.00370216369629,13.90218734741211,0.23876885222643907,1026145,3339973,1012308,1.171719,1.250502,0.003834
1747832346,12101609112,21783755061,691067552764,64,15.969991683959961,17.1506404876709,14.909029006958008,0.15911430162836063,1282541,4211734,1010002,1.170286,1.299204,0.003719
1747832347,12102830238,21785087335,691067556844,64,16.00193977355957,18.06640625,13.983488082885742,0.25696407347777367,1051306,1257299,1012977,1.164557,1.270555,0.003891
1747832348,12104069388,21786421111,691067560804,63,16.136646270751953,17.093181610107422,14.905214309692383,0.1364721471739847,1037011,1626375,1014837,1.181746,1.271988,0.003777
1747832349,12105307096,21787756389,691067564884,65,16.019344329833984,17.060041427612305,14.940500259399414,0.21067656640061383,1047601,1204802,1014314,1.180370,1.273420,0.003891
1747832350,12106556760,21789109691,691067568864,63,17.008543014526367,17.089128494262695,14.913320541381836,0.2185581007126291,1056961,1419964,1017561,1.191772,1.290609,0.003796
1747832351,12107768874,21790440463,691067572644,64,15.994071960449219,18.05853843688965,13.974666595458984,0.3183170895407249,1050608,1316458,1015745,1.155962,1.269123,0.003605
1747832352,12109012530,21791751709,691067576664,64,15.976428985595703,17.12322235107422,13.968944549560547,0.2426897995526528,1043568,1302320,1009244,1.186043,1.250502,0.003834
1747832353,12110259190,21793089991,691067580264,63,15.97285270690918,17.746448516845703,14.95814323425293,0.2730796324653734,1056413,1454731,1011248,1.188908,1.276285,0.003433
1747832354,12111451778,21794452305,691067584284,64,16.011476516723633,18.043994903564453,13.99993896484375,0.26019117688229726,1050876,1352872,1013652,1.137341,1.299204,0.003834
1747832355,12112719466,21795781575,691067587944,64,15.978813171386719,17.04692840576172,14.993667602539062,0.0985730947158124,1055548,1231523,1010132,1.208961,1.267691,0.003490
1747832356,12113969130,21797101833,691067591784,63,16.03984832763672,18.033981323242188,13.992071151733398,0.2976161788754791,1045084,1295692,1011455,1.191772,1.259096,0.003662
1747832357,12115160216,21798467151,691067595744,64,16.008853912353516,18.096923828125,13.951539993286133,0.36595378634106746,1024810,1300195,1010678,1.135908,1.302069,0.003777
1747832358,12116433912,21799788911,691067599524,64,16.00193977355957,17.28034019470215,14.763355255126953,0.21047506756038437,1253091,4637563,1010014,1.214691,1.260529,0.003605
1747832359,12117668556,21801115177,691067602884,64,17.045974731445312,18.015623092651367,12.944459915161133,0.34218079188551004,1064456,6716506,1013922,1.177448,1.264826,0.003204
1747832360,12118909208,21802506029,691067606544,63,15.977144241333008,20.19190788269043,11.82103157043457,0.7718557106640225,1019415,1334705,1010513,1.183178,1.326420,0.003490
1747832361,12120124326,21803806761,691067610324,64,16.013145446777344,18.0513858795166,14.017343521118164,0.23633381129690967,1048372,1170182,1013711,1.158827,1.240475,0.003605
1747832362,12121354464,21805151051,691067614164,64,15.917778015136719,17.13395118713379,13.894796371459961,0.20715045416171654,1079933,1277023,1010680,1.173151,1.282015,0.003662
1747832363,12122575590,21806496843,691067617884,63,14.018774032592773,18.037796020507812,14.018774032592773,0.3511901574090769,1027517,1235296,1013982,1.164557,1.283447,0.003548
1747832364,12123850788,21807802081,691067621484,64,14.95671272277832,16.782045364379883,14.95671272277832,0.054306021964029935,1044954,1298791,1011765,1.216124,1.244772,0.003433
1747832365,12125061400,21809165897,691067625084,64,15.993595123291016,17.093896865844727,14.95981216430664,0.17175785696686158,1024446,1479563,1012768,1.154530,1.300636,0.003433
1747832366,12126299048,21810507183,691067627646,64,17.00735092163086,17.074108123779297,14.973163604736328,0.05281019511618439,1051496,3806215,1015670,1.180313,1.279150,0.002443
1747832367,12127547210,21811833449,691067627946,4,15.21754264831543,17.037630081176758,14.948606491088867,0.8610071644296923,1026948,9123991,1014273,1.190340,1.264826,0.000286
1747832368,12128777348,21813216851,691067628366,4,0,17.037630081176758,14.948606491088867,0.8610071644296923,1036358,1237636,1012290,1.173151,1.319315,0.000401
1747832369,12130037526,21814510073,691067628606,4,0,17.037630081176758,14.948606491088867,0.8610071644296923,1097811,1200132,1010188,1.201799,1.233313,0.000229
1747832370,12131285688,21815822821,691067632646,4,0,17.037630081176758,14.948606491088867,0.8610071644296923,1300568,1333332,1011466,1.190340,1.251934,0.003853
1747832371,12132538356,21817173119,691067636546,4,0,17.037630081176758,14.948606491088867,0.8610071644296923,1020630,1229301,1016554,1.194637,1.287745,0.003719
1747832372,12133750470,21818512903,691067640446,59,16.00050926208496,4061.7918968200684,15.002012252807617,277348.66487025586,1024814,1327887,1015565,1.155962,1.277718,0.003719
1747832373,12135021162,21819858695,691067644166,64,16.00790023803711,19.03057098388672,13.208627700805664,0.3546463294474601,1073761,1303298,1011864,1.211826,1.283447,0.003548
1747832374,12136239284,21821213499,691067647886,64,15.000104904174805,18.178462982177734,14.822244644165039,0.20423537440886724,1162206,1362995,1013802,1.161692,1.292042,0.003548
1747832375,12137506972,21822512729,691067652188,63,15.994548797607422,18.275022506713867,14.005422592163086,0.397907127028018,1042959,1277451,1012022,1.208961,1.239042,0.004103
1747832376,12138689046,21823869035,691067655968,64,15.954732894897461,16.999483108520508,14.914989471435547,0.11388929928538111,1035147,1296306,1010729,1.127314,1.293474,0.003605
1747832377,12139961240,21825207317,691067659748,64,16.006946563720703,17.031192779541016,14.959573745727539,0.06723539489210942,1036018,1402211,1010069,1.213259,1.276285,0.003605
1747832378,12141189876,21826544097,691067663588,63,15.99431037902832,16.587257385253906,14.989852905273438,0.025640697643724706,1046067,1307237,1011252,1.171719,1.274853,0.003662
1747832379,12142391476,21827885383,691067667608,64,15.996932983398438,17.706871032714844,13.031482696533203,0.27141808191084654,1039799,6105190,1016252,1.145935,1.279150,0.003834
1747832380,12143653156,21829196629,691067671568,63,15.995025634765625,17.014503479003906,15.016794204711914,0.03446785334845391,1036547,3385653,1010282,1.203232,1.250502,0.003777
1747832381,12144887800,21830575465,691067675408,64,15.987396240234375,18.223285675048828,13.768434524536133,0.15856066786770553,1041966,1363867,1010570,1.177448,1.314960,0.003662
1747832382,12146137524,21831897225,691067679428,64,15.996456146240234,17.21501350402832,14.776229858398438,0.15162324490810197,1061065,1300551,1011252,1.191830,1.260529,0.003834
1747832383,12147367662,21833237009,691067683610,64,17.051219940185547,17.051219940185547,15.001535415649414,0.05011290322470644,1085859,1193925,1010344,1.173151,1.277718,0.003988
1747832384,12148609816,21834561773,691067687570,64,17.051219940185547,17.051219940185547,15.001535415649414,0.05011290322470644,1050005,1321187,1018843,1.184610,1.263393,0.003777
1747832385,12149847464,21835916577,691067691530,63,16.0214900970459,17.031431198120117,15.000581741333008,0.10619344215587133,1177290,1305929,1012299,1.180313,1.292042,0.003777
1747832386,12151097128,21837236835,691067695490,64,15.993595123291016,16.11161231994629,15.867233276367188,0.0016553357827825345,1034315,1306572,1010984,1.191772,1.259096,0.003777
1747832387,12152342286,21838579623,691067699030,64,17.05789566040039,17.13109016418457,14.932870864868164,0.17956849151264828,1034378,3160528,1013059,1.187475,1.280582,0.003376
1747832388,12153585942,21839898379,691067702750,63,15.991449356079102,16.67618751525879,14.973163604736328,0.04527185702281372,1033414,1424284,1012959,1.186043,1.257664,0.003548
1747832389,12154813076,21841272709,691067706710,64,16.03221893310547,17.264842987060547,14.976263046264648,0.10205094513935223,1024289,1213702,1011170,1.170286,1.310663,0.003777
1747832390,12156050724,21842627513,691067710610,64,15.97142219543457,17.00901985168457,14.93978500366211,0.1276610395208036,1024289,1213702,1011170,1.180313,1.292042,0.003719
1747832391,12157303392,21843940261,691067714210,64,15.012025833129883,17.099857330322266,14.925479888916016,0.0942630893798973,1024289,1213702,1011170,1.194637,1.251934,0.003433
1747832392,12158527842,21845284551,691067714630,22,8.556127548217773,16.078710556030273,8.556127548217773,2.513988415465027,1034814,1283394,1014721,1.167727,1.282015,0.000401
1747832393,12159786518,21846600303,691067715920,22,0,16.078710556030273,8.556127548217773,2.513988415465027,1024272,5377175,1012429,1.200367,1.254799,0.001230
1747832394,12161010648,21847949099,691067719700,22,0,16.078710556030273,8.556127548217773,2.513988415465027,1024746,1391459,1015280,1.167421,1.286312,0.003605
1747832395,12162249798,21849284377,691067723722,22,0,16.078710556030273,8.556127548217773,2.513988415465027,1036930,1223585,1009519,1.181746,1.273420,0.003836
1747832396,12163446892,21850621157,691067727740,22,0,16.078710556030273,8.556127548217773,2.513988415465027,1025181,1457368,1011674,1.141638,1.274853,0.003832
1747832397,12164707070,21851936909,691067731580,22,0,16.078710556030273,8.556127548217773,2.513988415465027,1350238,1351784,1014540,1.201799,1.254799,0.003662
1747832398,12165925192,21853293215,691067736178,16,16.004562377929688,6459.47790145874,14.31131362915039,2583369.968338185,1212667,1307051,1013567,1.161692,1.293474,0.004385
1747832399,12167156832,21854631497,691067740078,16,16.004562377929688,6459.47790145874,14.31131362915039,2583369.968338185,1212667,1307051,1013567,1.174583,1.276285,0.003719
1747832400,12168389974,21855950253,691067743792,64,15.952587127685547,17.027854919433594,15.012502670288086,0.034475204451632706,1061187,1428931,1017904,1.176016,1.257664,0.003542
1747832401,12169624618,21857327587,691067747572,64,16.02315902709961,16.122102737426758,15.898942947387695,0.0018941369475101084,1017280,1341069,1015743,1.177448,1.313528,0.003605
1747832402,12170862266,21858655355,691067751412,63,15.981435775756836,17.0135498046875,14.994621276855469,0.09796503283648483,1023213,1227472,1010522,1.180313,1.266258,0.003662
1747832403,12172105922,21859960593,691067755072,64,15.958786010742188,18.153667449951172,13.821601867675781,0.20945809806562582,1061367,1194573,1011896,1.186043,1.244772,0.003490
1747832404,12173331554,21861343995,691067759152,64,15.053749084472656,17.325162887573242,14.989376068115234,0.14178805401711955,1033885,4223103,1018397,1.168854,1.319315,0.003891
1747832405,12174563194,21862649233,691067762752,63,16.076326370239258,17.00282096862793,15.007734298706055,0.06714916204992079,1026131,1407130,1012047,1.174583,1.244772,0.003433
1747832406,12175802344,21863984511,691067766592,64,15.996217727661133,17.064809799194336,14.971733093261719,0.03621614676694399,1070713,1219468,1015479,1.181746,1.273420,0.003662
1747832407,12177044498,21865337813,691067770132,64,15.954732894897461,16.1287784576416,15.904664993286133,0.0012924404363565001,1070912,1228707,1009268,1.184610,1.290609,0.003376
1747832408,12178279142,21866691115,691067773912,63,16.01433753967285,17.007827758789062,15.012741088867188,0.06332084704741754,1025760,1251375,1011749,1.177448,1.290609,0.003605
1747832409,12179509280,21867997855,691067777632,64,14.943122863769531,17.047643661499023,14.943122863769531,0.10353846202072618,1054363,3019417,1015836,1.173151,1.246204,0.003548
1747832410,12180761948,21869360169,691067781172,64,15.993833541870117,17.867088317871094,14.002561569213867,0.26384051231416417,1021794,1427424,1009212,1.194637,1.299204,0.003376
1747832411,12182019122,21870686435,691067785012,63,16.048669815063477,17.05169677734375,15.185356140136719,0.03014619592550284,1021320,1235123,1014441,1.198935,1.264826,0.003662
1747832412,12183268786,21871997681,691067788612,64,16.006946563720703,17.03333854675293,14.965534210205078,0.12239437196275713,1030764,1141929,1012367,1.191772,1.250502,0.003433
1747832413,12184504932,21873349481,691067792392,63,15.78831672668457,17.067670822143555,14.988422393798828,0.13021311842673416,1036960,1339215,1010289,1.178881,1.289177,0.003605
1747832414,12185717046,21874705787,691067796172,63,15.78831672668457,17.067670822143555,14.988422393798828,0.13021311842673416,1036960,1339215,1010289,1.155962,1.293474,0.003605
1747832415,12186939734,21876030551,691067800152,64,15.995025634765625,16.993284225463867,14.991998672485352,0.05743144863293535,1041884,4746103,1010899,1.166046,1.263393,0.003796
1747832416,12188153350,21877346303,691067800992,64,15.9759521484375,16.21413230895996,15.782356262207031,0.002863232081372461,1045714,3073066,1010619,1.157394,1.254799,0.000801
1747832417,12189404516,21878684585,691067802580,24,10.55598258972168,16.09015464782715,10.55598258972168,1.2340367144883382,1334855,1352297,1012504,1.193205,1.276285,0.001514
1747832418,12190658686,21880042393,691067806708,24,0,16.09015464782715,10.55598258972168,1.2340367144883382,1033359,1302355,1011415,1.196070,1.294907,0.003937
1747832419,12191866294,21881382177,691067810368,40,15.985488891601562,2028.5084247589111,15.009641647338867,101188.37064088983,1170316,1274931,1011269,1.151665,1.277718,0.003490
1747832420,12193090424,21882758009,691067814610,64,15.959024429321289,17.039775848388672,14.967203140258789,0.07039200377820502,1044706,1244782,1014143,1.167421,1.312096,0.004045
1747832421,12194305542,21884072259,691067818270,64,15.982389450073242,16.974687576293945,15.025615692138672,0.03229874934378346,1035901,1185385,1010577,1.158827,1.253366,0.003490
1747832422,12195570226,21885401529,691067822170,63,16.003131866455078,16.86382293701172,14.986753463745117,0.03546993556910187,1021640,1283329,1018052,1.206097,1.267691,0.003719
1747832423,12196816886,21886744317,691067826652,64,16.020774841308594,17.039775848388672,14.96267318725586,0.06709064181553118,1037675,1212542,1010970,1.188908,1.280582,0.004274
1747832424,12198071056,21888081097,691067830492,64,16.03865623474121,17.498016357421875,13.045549392700195,0.30280033554610103,1035043,1155937,1010308,1.196070,1.274853,0.003662
1747832425,12199316214,21889413371,691067834272,64,16.04747772216797,16.600370407104492,15.029191970825195,0.026396898414088554,1027037,1172761,1008125,1.187475,1.270555,0.003605
1747832426,12200549356,21890763669,691067837932,63,15.942573547363281,16.162395477294922,15.882730484008789,0.0023559656988628407,1024029,2502420,1011371,1.176016,1.287745,0.003490
1747832427,12201787004,21892094441,691067842174,64,15.0146484375,17.008543014526367,15.0146484375,0.03473053048086942,1035078,1333904,1009358,1.180313,1.269123,0.004045
1747832428,12203039672,21893413197,691067846014,64,16.00050926208496,17.017126083374023,15.006065368652344,0.03295096033412997,1034486,2542091,1012641,1.194637,1.257664,0.003662
1747832429,12204274316,21894754483,691067849974,63,16.003131866455078,17.03619956970215,15.004396438598633,0.12812400230926715,1037431,3032130,1012296,1.177448,1.279150,0.003777
1747832430,12205490936,21896115295,691067853874,64,17.067432403564453,17.067432403564453,14.936685562133789,0.15125232273815997,1027917,1283537,1012098,1.160259,1.297771,0.003719
1747832431,12206748110,21897438557,691067857936,64,16.05510711669922,16.90077781677246,14.9993896484375,0.06311283059383027,1036126,1397312,1014643,1.198935,1.261961,0.003874
1747832432,12207967734,21898772333,691067861836,63,16.007184982299805,17.020463943481445,14.97793197631836,0.03707572151567748,1061035,3497852,1010677,1.163124,1.271988,0.003719
1747832433,12209224908,21900109113,691067865616,64,16.013383865356445,17.035961151123047,14.995574951171875,0.08690630580910905,1032376,2605930,1012018,1.198935,1.274853,0.003605
1747832434,12210455046,21901418857,691067867716,64,15.994548797607422,16.942501068115234,15.016794204711914,0.032552319858051605,1032419,2842293,1013142,1.173151,1.249069,0.002003
1747832435,12211722734,21902755637,691067869080,49,14.400720596313477,16.210079193115234,14.400720596313477,0.05632074715242493,1026723,1244891,1011677,1.208961,1.274853,0.001301
1747832436,12212942358,21904095421,691067872936,49,0,16.210079193115234,14.400720596313477,0.05632074715242493,1040205,1197484,1016303,1.163124,1.277718,0.003677
1747832437,12214166488,21905438209,691067876896,16,16.10112190246582,2018.5914039611816,15.027284622192383,249532.733762588,1040592,1446605,1012534,1.167421,1.280582,0.003777
1747832438,12215401132,21906805029,691067880976,63,15.96832275390625,17.854928970336914,14.034509658813477,0.15123348980897422,1039019,4394732,1013801,1.177448,1.303501,0.003891
1747832439,12216668820,21908134359,691067883076,64,15.995264053344727,16.68572425842285,14.981985092163086,0.027010565441754904,1052011,1255823,1013395,1.208961,1.267748,0.002003
1747832440,12217909472,21909486159,691067883376,42,10.141849517822266,17.165422439575195,10.141849517822266,0.8837524222343129,1026577,4327518,1012362,1.183178,1.289177,0.000286
1747832441,12219133602,21910780883,691067887772,42,0,17.165422439575195,10.141849517822266,0.8837524222343129,1043275,3185276,1015451,1.167421,1.234745,0.004192
1747832442,12220396784,21912140193,691067891612,23,15.997648239135742,2019.8571681976318,15.949010848999023,174223.728370854,1026838,1596555,1013876,1.204664,1.296339,0.003662
1747832443,12221626922,21913493495,691067895794,64,15.998363494873047,17.06528663635254,14.809131622314453,0.20011416647562383,1036079,1258008,1011356,1.173151,1.290609,0.003988
1747832444,12222864570,21914833279,691067899634,63,15.990972518920898,17.021894454956055,14.852285385131836,0.13565646049795962,1190338,1869053,1010300,1.180313,1.277718,0.003662
1747832445,12224099214,21916141521,691067903414,64,14.972925186157227,18.064498901367188,13.902902603149414,0.4224207930088954,1033552,1412039,1019158,1.177448,1.247637,0.003605
1747832446,12225368404,21917506839,691067907134,64,15.995502471923828,17.034053802490234,14.904260635375977,0.12834404297354032,1034057,4707438,1012186,1.210394,1.302069,0.003548
1747832447,12226568502,21918816583,691067910914,63,15.974760055541992,16.983985900878906,14.923095703125,0.0352940862975488,1063727,1342823,1016144,1.144503,1.249069,0.003605
1747832448,12227840696,21920174391,691067914814,64,15.985727310180664,17.930030822753906,14.078617095947266,0.1853460043595555,1038528,2846839,1011244,1.213259,1.294907,0.003719
1747832449,12229069332,21921512673,691067918774,64,16.025066375732422,17.035484313964844,14.980316162109375,0.0727438971543734,1042974,1343754,1010226,1.171719,1.276285,0.003777
1747832450,12230320498,21922834433,691067922554,63,14.88041877746582,17.002344131469727,14.703035354614258,0.1399365338694119,1024501,5408785,1010104,1.193205,1.260529,0.003605
1747832451,12231562652,21924157695,691067926736,64,15.99884033203125,17.070770263671875,14.763593673706055,0.20529716075025672,1056148,1532707,1018685,1.184610,1.261961,0.003988
1747832452,12232801802,21925497479,691067930696,64,16.0214900970459,17.10987091064453,14.887809753417969,0.14910586270943357,1020302,1315248,1011877,1.181746,1.277718,0.003777
1747832453,12234021426,21926829753,691067934296,64,16.98136329650879,16.98136329650879,14.851808547973633,0.09872570679247948,1054785,3277065,1014651,1.163124,1.270555,0.003433
1747832454,12235290676,21928195071,691067938016,63,16.032934188842773,17.05145835876465,14.987707138061523,0.0660395895304974,1019714,1257679,1012210,1.210451,1.302069,0.003548
1747832455,12236525320,21929504815,691067941916,64,15.99574089050293,18.034696578979492,13.99374008178711,0.2568525621575657,1149177,1324411,1011919,1.177448,1.249069,0.003719
1747832456,12237766292,21930880647,691067945696,64,15.996217727661133,17.040491104125977,14.755725860595703,0.18370296073337156,1051748,1299223,1018490,1.183483,1.312096,0.003605
1747832457,12238996430,21932190391,691067949416,63,16.00360870361328,17.024755477905273,14.9688720703125,0.12973771699594447,1029553,3049063,1015948,1.173151,1.249069,0.003548
1747832458,12240252102,21933519661,691067953598,64,17.053604125976562,17.212390899658203,14.820575714111328,0.19914735418721186,1029917,1706995,1009190,1.197502,1.267691,0.003988
1747832459,12241474730,21934890987,691067957318,64,15.991687774658203,17.1053409576416,14.917850494384766,0.12055987784000961,1027961,1306909,1014268,1.165989,1.307798,0.003548
1747832460,12242740916,21936188715,691067960918,63,16.002655029296875,17.059803009033203,14.960289001464844,0.12978115363420575,1023164,1382251,1018133,1.207529,1.237610,0.003433
1747832461,12243998090,21937526997,691067964878,64,15.970706939697266,17.023324966430664,14.583110809326172,0.16316330716267757,1072842,1474636,1013345,1.198935,1.276285,0.003777
1747832462,12245181666,21938868283,691067968658,64,16.001224517822266,18.843412399291992,13.13471794128418,0.2592109498048274,1039310,4459901,1011773,1.128746,1.279150,0.003605
1747832463,12246423820,21940232099,691067972318,64,16.04175567626953,19.114971160888672,12.947320938110352,0.4210043838215942,1038053,1160445,1012516,1.184610,1.300636,0.003490
1747832464,12247638938,21941570381,691067975738,64,15.996217727661133,17.14015007019043,13.921976089477539,0.17894222329152462,1044109,1175729,1011241,1.158827,1.276285,0.003262
1747832465,12248884096,21942877121,691067979518,63,15.082836151123047,17.049789428710938,14.828681945800781,0.10944185846254109,1200460,5023315,1010515,1.187475,1.246204,0.003605
1747832466,12250117238,21944242439,691067983118,64,15.978574752807617,17.03619956970215,14.857769012451172,0.1362306226470646,1082389,1224145,1016238,1.176016,1.302069,0.003433
1747832467,12251345874,21945552183,691067986778,64,15.96379280090332,17.249107360839844,14.696836471557617,0.163917492811746,1034118,1437306,1011238,1.171719,1.249069,0.003490
1747832468,12252586526,21946922007,691067990498,64,16.01099967956543,17.019033432006836,14.765024185180664,0.06887812163306138,1249875,1249875,1010305,1.183178,1.306366,0.003548
1747832469,12253797138,21948255783,691067994278,63,15.97142219543457,17.261743545532227,14.841318130493164,0.2715424883038505,1033559,1345962,1012693,1.154530,1.271988,0.003605
1747832470,12255078344,21949564025,691067998298,64,15.996694564819336,17.021656036376953,15.008926391601562,0.03379655423948804,1034252,5226650,1010645,1.221853,1.247637,0.003834
1747832471,12256300972,21950900805,691068002018,63,16.024112701416016,17.03786849975586,14.800548553466797,0.14749880220205192,1027473,1350819,1018029,1.165989,1.274853,0.003548
1747832472,12257537118,21952267625,691068005498,64,16.06583595275879,17.018795013427734,14.873266220092773,0.17349708942525907,1059507,2814785,1012814,1.178881,1.303501,0.003319
1747832473,12258782276,21953599899,691068009278,64,16.017436981201172,17.00115203857422,14.730453491210938,0.10752561292120134,1036661,1241829,1014836,1.187475,1.270555,0.003605
1747832474,12260030438,21954945691,691068011138,64,14.954328536987305,18.48578453063965,13.526201248168945,0.44062958913529854,1042946,3361825,1012399,1.190340,1.283447,0.001774
1747832475,12261259074,21956278025,691068011498,38,14.316320419311523,17.017602920532227,14.316320419311523,0.199031481776009,1046890,5210893,1011647,1.171719,1.270613,0.000343
1747832476,12262549292,21957601287,691068015894,38,0,17.017602920532227,14.316320419311523,0.199031481776009,1060628,1229996,1012566,1.230448,1.261961,0.004192
1747832477,12263735872,21958948581,691068019854,34,16.025781631469727,1898.6973762512207,14.416933059692383,104156.22038535899,1055903,4115110,1009652,1.131611,1.284880,0.003777
1747832478,12264985536,21960283859,691068023754,64,16.02339744567871,17.401456832885742,14.669418334960938,0.15765278781119402,1045349,1269359,1014635,1.191772,1.273420,0.003719
1747832479,12266241208,21961602615,691068027854,63,17.024993896484375,17.024993896484375,14.915227890014648,0.07151839547728668,1043471,2378232,1011771,1.197502,1.257664,0.003910
1747832480,12267505892,21962958921,691068031814,64,15.001296997070312,17.033815383911133,14.870882034301758,0.13426086023548756,1035758,1330025,1019583,1.206097,1.293474,0.003777
1747832481,12268718006,21964294199,691068034814,64,16.003847122192383,17.105579376220703,14.739990234375,0.14514498220480007,1164478,1345646,1010651,1.155962,1.273420,0.002861
1747832482,12269958658,21965632481,691068035054,52,8.114814758300781,17.0285701751709,8.114814758300781,1.236763547458311,1035752,1261923,1012178,1.183178,1.276285,0.000229
1747832483,12271199310,21966948233,691068038532,52,0,17.0285701751709,8.114814758300781,1.236763547458311,1036530,1207169,1010732,1.183178,1.254799,0.003317
1747832484,12272454982,21968315053,691068042432,13,17.035484313964844,2015.9144401550293,15.955448150634766,305502.50637935626,1218296,1278940,1010608,1.197502,1.303501,0.003719
1747832485,12273703144,21969657841,691068046212,64,15.972137451171875,17.035245895385742,14.801025390625,0.14692829430697069,1052661,1241792,1015955,1.190340,1.280582,0.003605
1747832486,12274927274,21970988613,691068050172,64,15.996456146240234,17.045021057128906,14.905214309692383,0.1346105204174865,1130406,1249821,1015473,1.167421,1.269123,0.003777
1747832487,12276185950,21972340413,691068054414,63,15.999317169189453,18.19753646850586,12.76087760925293,0.39278327427975396,1038222,3956214,1012226,1.200367,1.289177,0.004045
1747832488,12277437116,21973647153,691068058134,64,16.00027084350586,17.35544204711914,13.802289962768555,0.23826508279393538,1035985,1310810,1010572,1.193205,1.246204,0.003548
1747832489,12278667254,21974989941,691068062034,64,16.02339744567871,17.07005500793457,14.901161193847656,0.12535855723993392,1055665,1222180,1013050,1.173151,1.280582,0.003719
1747832490,12279888380,21976329725,691068065934,63,16.035795211791992,17.032384872436523,15.016555786132812,0.0651577329596112,1049057,1297757,1013345,1.164557,1.277718,0.003719
1747832491,12281153064,21977648481,691068069714,64,16.025543212890625,17.94910430908203,14.862537384033203,0.2618983134754665,1053837,1396403,1016716,1.206097,1.257664,0.003605
1747832492,12282332134,21979015301,691068073794,64,14.960527420043945,17.058372497558594,14.897823333740234,0.15387301745675702,1034624,1382176,1011782,1.124449,1.303501,0.003891
1747832493,12283607392,21980323543,691068077574,64,16.012907028198242,17.001628875732422,15.076160430908203,0.04305129081446452,1035728,1353049,1010436,1.216181,1.247637,0.003605
1747832494,12284793972,21981697873,691068081534,63,15.96379280090332,17.075061798095703,14.917850494384766,0.199477023526771,1037101,5825629,1010328,1.131611,1.310663,0.003777
1747832495,12286055652,21983024139,691068085716,64,15.982389450073242,17.016172409057617,14.831066131591797,0.06909014010940699,1061352,1310665,1012428,1.203232,1.264826,0.003988
1747832496,12287279782,21984338389,691068089736,64,15.97142219543457,17.051219940185547,14.976739883422852,0.09826801552823433,1048408,1336841,1018399,1.167421,1.253366,0.003834
1747832497,12288527944,21985672165,691068093696,63,15.960454940795898,18.08786392211914,13.973712921142578,0.1652553676613441,1043744,1256576,1012440,1.190340,1.271988,0.003777
1747832498,12289761086,21987014953,691068097676,64,15.958309173583984,17.992734909057617,14.882326126098633,0.17017342825769058,1019478,1226938,1012508,1.176016,1.280582,0.003796
1747832499,12290961184,21988384777,691068101516,64,16.004323959350586,17.05765724182129,14.778852462768555,0.1760093543986198,1067679,4225594,1018285,1.144503,1.306366,0.003662
1747832500,12292221362,21989700529,691068105416,63,16.033649444580078,17.03786849975586,14.857292175292969,0.10458226880181411,1055406,1297529,1018341,1.201799,1.254799,0.003719
1747832501,12293449998,21991025293,691068109256,64,15.939474105834961,17.49420166015625,14.460086822509766,0.11374371877829613,1034362,1400365,1011014,1.171719,1.263393,0.003662
1747832502,12294681638,21992362073,691068112856,64,15.993356704711914,16.95561408996582,14.908313751220703,0.06604940417671497,1033573,1193688,1011373,1.174583,1.274853,0.003433
1747832503,12295901262,21993697351,691068116756,64,16.030073165893555,17.045259475708008,14.90473747253418,0.16466808170028893,1046483,1363418,1011173,1.163124,1.273420,0.003719
1747832504,12297126894,21995037135,691068120416,63,15.97285270690918,17.030715942382812,15.022039413452148,0.033837250441297165,1020862,1516264,1014307,1.168854,1.277718,0.003490
1747832505,12298369048,21996372413,691068124016,64,15.913248062133789,16.959190368652344,14.88637924194336,0.0357729629915515,1040961,3011485,1020783,1.184610,1.273420,0.003433
1747832506,12299627724,21997722711,691068127976,64,16.995906829833984,17.06862449645996,14.880180358886719,0.18438973383999557,1039967,2710166,1012791,1.200367,1.287745,0.003777
1747832507,12300851854,21999079017,691068131996,63,16.06583595275879,16.989707946777344,14.771223068237305,0.08212694687108665,1057198,1221048,1012511,1.167421,1.293474,0.003834
1747832508,12302115036,22000427813,691068135836,64,15.969514846801758,17.058610916137695,14.764547348022461,0.1442872522796417,1061023,4719098,1013192,1.204664,1.286312,0.003662
1747832509,12303327150,22001749573,691068139376,63,15.924215316772461,17.06981658935547,14.783382415771484,0.044265513453347755,1057035,1380051,1012634,1.155962,1.260529,0.003376
1747832510,12304602348,22003089417,691068143336,64,15.98358154296875,18.222808837890625,12.854576110839844,0.4217571025695961,1040983,3370821,1011932,1.216124,1.277775,0.003777
1747832511,12305833988,22004427699,691068147338,64,15.012979507446289,17.055511474609375,14.948129653930664,0.18361739023461499,1058846,3701341,1014386,1.174583,1.276285,0.003817
1747832512,12307074640,22005761475,691068151058,64,15.893936157226562,17.31085777282715,14.532804489135742,0.1404759221267863,1025644,1318578,1002579,1.183178,1.271988,0.003548
1747832513,12308304778,22007131299,691068154778,63,16.979694366455078,17.107486724853516,14.756917953491211,0.1609718299171559,1046461,1524903,1010692,1.173151,1.306366,0.003548
1747832514,12309555944,22008445549,691068158378,64,15.98048210144043,17.017602920532227,14.778852462768555,0.1632144110718898,1060236,1277193,1012149,1.193205,1.253366,0.003433
1747832515,12310796596,22009782329,691068162458,64,16.005516052246094,17.149925231933594,13.879060745239258,0.2485909175760447,1032254,1280487,1011952,1.183178,1.274853,0.003891
1747832516,12312020726,22011116105,691068166178,63,16.00337028503418,16.97373390197754,14.908552169799805,0.0357211905341375,1060512,1266336,1009106,1.167421,1.271988,0.003548
1747832517,12313252366,22012421343,691068169838,64,15.95449447631836,17.030954360961914,14.851570129394531,0.07090479497669559,1050989,1514793,1011751,1.174583,1.244772,0.003490
1747832518,12314476496,22013792669,691068173618,64,15.964031219482422,17.024993896484375,14.643430709838867,0.0809741494171788,1032658,1336468,1014865,1.167421,1.307798,0.003605
1747832519,12315714144,22015138461,691068177098,63,16.000032424926758,17.048358917236328,14.994144439697266,0.0657104534179832,1101667,3589577,1013165,1.180313,1.283447,0.003319
1747832520,12316998354,22016458719,691068180878,64,15.998363494873047,19.14048194885254,11.866331100463867,0.5154108875002649,1055567,1195720,1012726,1.224718,1.259096,0.003605
1747832521,12318230314,22017771467,691068184598,64,16.010046005249023,17.029285430908203,14.89400863647461,0.09808809429201441,1028579,5569779,1011617,1.174889,1.251934,0.003548
1747832522,12319445432,22019108247,691068188438,63,16.04628562927246,20.07293701171875,11.989831924438477,0.6588331041292824,1049188,3044458,1010960,1.158827,1.274853,0.003662
1747832523,12320707112,22020485581,691068192338,64,15.975475311279297,18.311262130737305,12.616872787475586,0.28558182899966295,1021599,1405640,1010677,1.203232,1.313528,0.003719
1747832524,12321862142,22021724791,691068197212,64,15.961885452270508,17.693042755126953,13.684511184692383,0.37002070209235166,1042070,1184530,1010400,1.101522,1.181803,0.004648
1747832525,12323089276,22022933833,691068201366,64,16.941070556640625,16.941070556640625,14.78719711303711,0.05161635511091477,1011560,1203530,1011560,1.170286,1.153032,0.003962
1747832526,12324346450,22024294645,691068205520,64,16.46733283996582,17.017364501953125,14.877557754516602,0.0734726086451198,1231438,1308872,1016849,1.198935,1.297771,0.003962
1747832527,12325551054,22025637433,691068209600,64,16.000986099243164,16.980409622192383,14.885187149047852,0.06867160466587692,1195242,1297978,1015640,1.148800,1.280582,0.003891
1747832528,12326796212,22027029787,691068213694,64,16.063213348388672,17.010927200317383,14.772653579711914,0.10592927716995254,1093635,1898519,1012280,1.187475,1.327852,0.003904
1747832529,12328053446,22028378583,691068214894,64,16.99686050415039,19.995927810668945,12.021064758300781,0.5942101488490292,1048699,4741979,1010342,1.198992,1.286312,0.001144
1747832530,12329277576,22029749969,691068215824,12,12.475252151489258,16.699790954589844,12.475252151489258,1.1409204269752502,1054706,2981177,1016088,1.167421,1.307856,0.000887
1747832531,12330497200,22031101769,691068220190,12,0,16.699790954589844,12.475252151489258,1.1409204269752502,1120544,1382526,1011643,1.163124,1.289177,0.004164
1747832532,12331718386,22032494123,691068224464,52,15.94090461730957,2033.50830078125,14.939069747924805,78245.79273898843,1247943,2476954,1011876,1.164614,1.327852,0.004076
1747832533,12332978564,22033838413,691068228424,64,16.02911949157715,18.0056095123291,13.990640640258789,0.2955443459121557,1020569,1265996,996831,1.201799,1.282015,0.003777
1747832534,12334201192,22035202229,691068232264,63,16.143321990966797,17.15874671936035,14.808416366577148,0.13335532786261142,1036272,1230726,1012683,1.165989,1.300636,0.003662
1747832535,12335474888,22036554029,691068236164,64,15.980958938598633,18.0206298828125,14.753341674804688,0.18815188213306797,1295947,1296006,1014970,1.214691,1.289177,0.003719
1747832536,12336687002,22037920849,691068240184,64,15.967369079589844,19.418001174926758,14.497041702270508,0.3248551518930366,1042220,1310003,1011222,1.155962,1.303501,0.003834
1747832537,12337917140,22039302689,691068244264,64,15.005826950073242,16.993284225463867,15.005826950073242,0.03531288911585549,1043438,1291236,1011370,1.173151,1.317825,0.003891
1747832538,12339168306,22040671011,691068247984,63,15.987873077392578,18.397092819213867,14.625787734985352,0.2434035895515485,1034575,1312461,1010606,1.193205,1.304934,0.003548
1747832539,12340413464,22041991269,691068251944,64,15.946626663208008,17.140865325927734,14.935731887817383,0.09235626694052641,1044778,1306778,1010487,1.187475,1.259096,0.003777
1747832540,12341667634,22043367101,691068256098,64,15.99264144897461,17.150402069091797,14.863967895507812,0.17105498529988714,1017455,1155368,1010826,1.196070,1.312096,0.003962
1747832541,12342900776,22044732419,691068259938,64,16.005754470825195,17.200946807861328,14.828681945800781,0.14061731667247607,1059291,1276501,1013347,1.176016,1.302069,0.003662
1747832542,12344133918,22046111255,691068263418,63,15.993833541870117,17.97962188720703,14.01376724243164,0.19223369292594591,1051929,1344369,1011832,1.176016,1.314960,0.003319
1747832543,12345367060,22047463055,691068267258,64,16.00480079650879,17.02713966369629,14.984130859375,0.09943422060917272,1037744,1384918,1011819,1.176016,1.289177,0.003662
1747832544,12346594194,22048801337,691068271098,64,16.005992889404297,17.390727996826172,13.978958129882812,0.23493556576601668,1033894,1214154,1011161,1.170286,1.276285,0.003662
1747832545,12347878404,22050166655,691068274998,63,16.01266860961914,17.219066619873047,14.932394027709961,0.11113654024073061,1030386,1261136,1012780,1.224718,1.302069,0.003719
1747832546,12349069490,22051543989,691068278838,64,15.954017639160156,17.16160774230957,14.739036560058594,0.14836221384521364,1086914,1311994,1010586,1.135908,1.313528,0.003662
1747832547,12350304134,22052892785,691068282558,64,16.004562377929688,17.009973526000977,15.012264251708984,0.07777250696623253,1059247,1330961,1011248,1.177448,1.286312,0.003548
1747832548,12351525260,22054292649,691068285678,63,15.994071960449219,17.200231552124023,14.888286590576172,0.06858415653227853,1034108,1491561,1011717,1.164557,1.335014,0.002975
1747832549,12352798956,22055635437,691068289278,64,16.010761260986328,17.020463943481445,13.96632194519043,0.13263047162426966,1035268,2853586,1013390,1.214691,1.280582,0.003433
1747832550,12354011070,22056990241,691068292698,64,15.994548797607422,21.11339569091797,10.881662368774414,0.8559748558570985,1036424,4644902,1011081,1.155962,1.292042,0.003262
1747832551,12355250220,22058385599,691068296418,63,16.3118839263916,19.0122127532959,12.994050979614258,0.3282937810623285,1036233,1488477,1011906,1.181746,1.330717,0.003548
1747832552,12356465338,22059710363,691068300018,64,15.99884033203125,18.036603927612305,13.964653015136719,0.24827706445137335,1031020,1303285,1011065,1.158827,1.263393,0.003433
1747832553,12357730022,22061104219,691068303798,64,15.95616340637207,17.009496688842773,14.989614486694336,0.09090238065372432,1155221,1199004,1012732,1.206097,1.329285,0.003605
1747832554,12358969172,22062436493,691068307458,64,15.969038009643555,17.128467559814453,14.88637924194336,0.07299987921022752,1034584,1199432,1014620,1.181746,1.270555,0.003490
1747832555,12360202314,22063798807,691068308778,63,15.967130661010742,17.396926879882812,14.989376068115234,0.07358630737288595,1037490,1348499,1012804,1.176016,1.299204,0.001259
1747832556,12361459488,22065164125,691068309962,7,13.266801834106445,16.056060791015625,13.266801834106445,1.0506485384414395,1045012,1246327,1016898,1.198935,1.302069,0.001129
1747832557,12362706148,22066559483,691068314208,7,0,16.056060791015625,13.266801834106445,1.0506485384414395,1056112,1295920,1012434,1.188908,1.330717,0.004049
1747832558,12363934784,22067915789,691068318288,57,16.00337028503418,2039.6580696105957,13.968706130981445,71822.80542718853,1108756,1321575,1011769,1.171719,1.293474,0.003891
1747832559,12365169428,22069284171,691068321768,64,15.999317169189453,17.038822174072266,14.978408813476562,0.07191211228993376,1035992,1300148,1010150,1.177448,1.304991,0.003319
1747832560,12366413084,22070650991,691068325488,63,15.998363494873047,17.064571380615234,14.975547790527344,0.162258871154067,1150719,1371513,1014812,1.186043,1.303501,0.003548
1747832561,12367662748,22071998285,691068329208,64,16.017675399780273,20.148038864135742,11.990547180175781,0.7988849808605355,1024416,1257739,1011759,1.191772,1.284880,0.003548
1747832562,12368864348,22073359097,691068332348,64,15.982627868652344,22.053003311157227,10.013580322265625,1.3248584036647508,1043879,1285089,1016557,1.145935,1.297771,0.002995
1747832563,12370142550,22074713901,691068332648,30,13.117313385009766,17.023801803588867,13.117313385009766,0.3458601323190719,1025702,2028883,1013248,1.218988,1.292042,0.000286
1747832564,12371372688,22076068705,691068335318,30,0,17.023801803588867,13.117313385009766,0.3458601323190719,1038816,1414460,1015165,1.173151,1.292042,0.002546
1747832565,12372602826,22077455051,691068338858,30,0,17.023801803588867,13.117313385009766,0.3458601323190719,1038647,1189131,1013912,1.173151,1.322123,0.003376
1747832566,12373875020,22078805349,691068342938,30,0,17.023801803588867,13.117313385009766,0.3458601323190719,1042762,1400344,1010938,1.213259,1.287745,0.003891
1747832567,12375058596,22080175173,691068346598,30,0,17.023801803588867,13.117313385009766,0.3458601323190719,1019968,1161191,1009477,1.128746,1.306366,0.003490
1747832568,12376314268,22081549503,691068350554,30,0,17.023801803588867,13.117313385009766,0.3458601323190719,1025243,1231703,1009502,1.197502,1.310663,0.003773
1747832569,12377574446,22082925335,691068354454,22,15.996932983398438,6231.970310211182,14.992237091064453,1752305.1237526727,1041916,3537559,1010140,1.201799,1.312096,0.003719
1747832570,12378797074,22084280139,691068358708,64,16.04771614074707,16.997814178466797,14.99795913696289,0.06035280250141441,1027329,1218804,1009936,1.165989,1.292042,0.004057
1747832571,12380043794,22085643955,691068362248,64,16.01576805114746,17.26078987121582,14.087677001953125,0.09194774324285887,1034832,1320705,1011042,1.188965,1.300636,0.003376
1747832572,12381276936,22086973225,691068365788,63,15.955448150634766,17.08698272705078,14.960050582885742,0.10322191244933347,1221006,1351318,1013848,1.176016,1.267691,0.003376
1747832573,12382486046,22088347555,691068369508,64,15.986919403076172,17.133235931396484,14.780759811401367,0.045372397857994046,5031934,5031934,1011485,1.153097,1.310663,0.003548
1747832574,12383759742,22089694849,691068373348,64,14.996767044067383,18.177509307861328,14.930248260498047,0.28901311430845894,1045201,3093362,1012664,1.214691,1.284880,0.003662
1747832575,12384997390,22091099219,691068377368,64,15.957117080688477,16.991376876831055,14.994382858276367,0.06319387215155062,1470521,6205633,1009163,1.180313,1.339312,0.003834
1747832576,12386214010,22092445011,691068380968,63,15.995979309082031,18.268823623657227,14.105796813964844,0.2599974336581813,1023575,1370248,1016028,1.160259,1.283447,0.003433
1747832577,12387456164,22093801317,691068384928,64,15.974760055541992,17.0135498046875,14.931678771972656,0.09036920301921025,1046646,3188474,1010306,1.184610,1.293474,0.003777
1747832578,12388678792,22095174145,691068388528,64,15.995502471923828,17.044782638549805,14.949798583984375,0.18860330618481452,1036154,1313792,1011891,1.165989,1.309231,0.003433
1747832579,12389923950,22096551479,691068392428,63,16.008377075195312,19.120454788208008,12.825250625610352,0.41916122501798725,1141755,1302546,1010067,1.187475,1.313528,0.003719
1747832580,12391179622,22097891263,691068396388,64,16.06154441833496,17.431974411010742,15.002012252807617,0.10966520811531225,1150825,2497661,1013379,1.197502,1.277718,0.003777
1747832581,12392430788,22099256581,691068399868,64,16.12401008605957,17.111539840698242,14.935970306396484,0.12078297612843215,1043321,2709097,1012665,1.193205,1.302069,0.003319
1747832582,12393650412,22100600871,691068403768,64,15.921354293823242,17.06409454345703,14.949798583984375,0.07068341705742406,1047016,2763688,1012579,1.163124,1.282015,0.003719
1747832583,12394912092,22101963185,691068407548,63,15.984535217285156,16.0980224609375,15.895605087280273,0.002018339820630798,1020619,2365378,1011245,1.203232,1.299204,0.003605
1747832584,12396170768,22103346527,691068411328,64,15.954256057739258,17.267704010009766,14.996767044067383,0.1631513407422136,1038165,2686698,1012625,1.200367,1.319258,0.003605
1747832585,12397383202,22104707339,691068412768,64,12.144088745117188,16.99376106262207,12.144088745117188,0.292752610334414,1036802,1297209,1010409,1.156267,1.297771,0.001373
1747832586,12398607332,22106059139,691068413068,64,0,16.99376106262207,12.144088745117188,0.292752610334414,1026069,2585643,1010898,1.167421,1.289177,0.000286
1747832587,12399878024,22107427461,691068413188,64,0,16.99376106262207,12.144088745117188,0.292752610334414,1034746,1241828,1012558,1.211826,1.304934,0.000114
1747832588,12401124684,22108785269,691068413682,64,0,16.99376106262207,12.144088745117188,0.292752610334414,1024966,1241058,1014620,1.188908,1.294907,0.000471
1747832589,12402366838,22110165607,691068414042,64,0,16.99376106262207,12.144088745117188,0.292752610334414,1064033,3906513,1011110,1.184610,1.316393,0.000343
1747832590,12403587964,22111535431,691068414282,64,0,16.99376106262207,12.144088745117188,0.292752610334414,1041945,2525061,1012976,1.164557,1.306366,0.000229
1747832591,12404839130,22112870709,691068415812,64,0,16.99376106262207,12.144088745117188,0.292752610334414,1034607,3333269,1008698,1.193205,1.273420,0.001459
1747832592,12406099308,22114263063,691068419160,12,15.992164611816406,6852.864503860474,15.884637832641602,3863036.0094602318,1034607,3333269,1008698,1.201799,1.327852,0.003193
1747832593,12407341462,22115595337,691068419460,35,12.069940567016602,17.345428466796875,12.069940567016602,0.5839358562669353,1027745,2215626,1010067,1.184610,1.270555,0.000286
1747832594,12408600138,22116980241,691068419820,35,0,17.345428466796875,12.069940567016602,0.5839358562669353,1090458,1197454,1011782,1.200367,1.320747,0.000343
1747832595,12409836284,22118320025,691068420000,35,0,17.345428466796875,12.069940567016602,0.5839358562669353,1014079,1532007,1014079,1.178881,1.277718,0.000172
1747832596,12411087450,22119683841,691068423138,35,0,17.345428466796875,12.069940567016602,0.5839358562669353,1025035,1393978,1013080,1.193205,1.300636,0.002993
1747832597,12412316086,22121046155,691068427038,32,15.905618667602539,3989.9187088012695,14.992237091064453,492987.5877786041,1043848,1381834,1012522,1.171719,1.299204,0.003719
1747832598,12413556738,22122449023,691068430998,63,16.026735305786133,20.16425132751465,11.79647445678711,0.7672650320015161,1048434,1387363,1016598,1.183178,1.337879,0.003777
1747832599,12414767350,22123800823,691068434958,64,16.00360870361328,17.961740493774414,13.972759246826172,0.12883680861795963,1043005,2642541,1012856,1.154530,1.289177,0.003777
1747832600,12415988476,22125155627,691068438678,64,16.13140106201172,20.110130310058594,11.86060905456543,0.5423471551706466,1012698,2569311,1010491,1.164557,1.292042,0.003548
1747832601,12417236638,22126528455,691068442218,64,16.02911949157715,17.056941986083984,14.943361282348633,0.09450320981607152,1043172,1220936,1008360,1.190340,1.309231,0.003376
1747832602,12418501322,22127875749,691068442338,38,15.148162841796875,17.030000686645508,14.998674392700195,0.19791167738622065,1039074,1276412,1013345,1.206097,1.284880,0.000114
1747832603,12419752488,22129262095,691068444874,38,0,17.030000686645508,14.998674392700195,0.19791167738622065,1049810,1268548,1018024,1.193205,1.322123,0.002419
1747832604,12420964602,22130615397,691068448774,26,16.117572784423828,2019.8469161987305,15.001058578491211,154190.81857226536,1036418,1299600,1011476,1.155962,1.290609,0.003719
1747832605,12422185728,22131952177,691068452674,64,15.970230102539062,17.049312591552734,14.913082122802734,0.181460179481259,1052139,1195484,1010340,1.164557,1.274853,0.003719
1747832606,12423459424,22133315993,691068456034,64,15.93637466430664,18.73469352722168,13.004302978515625,0.37489613213809125,1067374,1264470,1014691,1.214691,1.300636,0.003204
1747832607,12424700076,22134688821,691068459754,63,16.00050926208496,18.26190948486328,13.694286346435547,0.33328974111635445,1067374,1264470,1014691,1.183178,1.309231,0.003548
1747832608,12425891162,22136076669,691068463594,64,15.985488891601562,18.572092056274414,13.524770736694336,0.2922307188325342,1066810,2382829,1010790,1.135908,1.323555,0.003662
1747832609,12427163356,22137437481,691068467314,64,16.01552963256836,19.052505493164062,12.948989868164062,0.8313941059072918,1041694,2462327,1014693,1.213259,1.297771,0.003548
1747832610,12428375530,22138790783,691068470914,63,15.997171401977539,23.02694320678711,8.955717086791992,1.6904807784647569,1048530,4248796,1010466,1.156019,1.290609,0.003433
1747832611,12429631202,22140157603,691068474874,64,15.069723129272461,21.008014678955078,11.000633239746094,0.8828118070039411,1050781,2967183,1011366,1.197502,1.303501,0.003777
1747832612,12430852328,22141524423,691068478294,64,16.02625846862793,20.099401473999023,11.885881423950195,0.6663995223116919,1044511,1281591,1014530,1.164557,1.303501,0.003262
1747832613,12432092980,22142900255,691068482314,64,15.939712524414062,16.999006271362305,14.963865280151367,0.062419262543214137,1069405,1215613,1013958,1.183178,1.312096,0.003834
1747832614,12433336636,22144222015,691068486094,64,16.057968139648438,17.2576904296875,14.767646789550781,0.1870166281146762,1038090,1289596,1013767,1.186043,1.260529,0.003605
1747832615,12434580292,22145615871,691068489754,63,15.93923568725586,17.980575561523438,14.008283615112305,0.1539964250039789,1046594,1352291,1012011,1.186043,1.329285,0.003490
1747832616,12435832960,22146958659,691068493834,64,15.97142219543457,16.209840774536133,15.8538818359375,0.0023051944953544415,1041313,1250649,1014054,1.194637,1.280582,0.003891
1747832617,12437060094,22148345005,691068497914,64,15.979290008544922,17.281770706176758,14.745473861694336,0.11794523802682082,1201965,1659163,1013318,1.170286,1.322123,0.003891
1747832618,12438320272,22149696805,691068501694,63,16.010046005249023,18.0356502532959,13.941287994384766,0.2617521071732352,1010149,1331781,1010149,1.201799,1.289177,0.003605
1747832619,12439550410,22151078645,691068505594,64,16.063213348388672,17.06719398498535,14.969348907470703,0.10194542141186208,1054504,1217492,1009498,1.173151,1.317825,0.003719
1747832620,12440795568,22152406413,691068509074,63,16.001224517822266,19.044160842895508,12.915611267089844,0.4980357955303236,1054504,1217492,1009498,1.187475,1.266258,0.003319
1747832621,12442030212,22153810783,691068512794,64,16.054153442382812,18.08762550354004,13.955116271972656,0.2658026416384992,1023262,1198261,1013578,1.177448,1.339312,0.003548
1747832622,12443273868,22155155073,691068516214,64,15.990734100341797,18.07856559753418,13.939857482910156,0.33593070493848515,1159522,1220487,1013918,1.186043,1.282015,0.003262
1747832623,12444504006,22156497861,691068519874,63,16.020774841308594,17.975807189941406,14.021873474121094,0.19864009503887534,1023977,1202882,1016723,1.173151,1.280582,0.003490
1747832624,12445773196,22157854167,691068523594,64,16.051292419433594,16.971111297607422,14.958858489990234,0.03347496539720451,1040349,1264041,1013665,1.210394,1.293474,0.003548
1747832625,12446958274,22159242015,691068527754,64,15.977144241333008,17.022132873535156,14.996528625488281,0.0850798574433619,1058229,1219093,1007785,1.130178,1.323555,0.003967
1747832626,12448200428,22160577293,691068531594,63,15.974044799804688,22.999048233032227,8.998394012451172,1.5829513286515078,1040830,5082555,1015048,1.184610,1.273420,0.003662
1747832627,12449468116,22161941109,691068535614,64,15.041351318359375,16.99686050415039,14.986753463745117,0.09421795209621588,1033545,1216317,1014265,1.208961,1.300636,0.003834
1747832628,12450704262,22163342475,691068539274,64,16.4945125579834,18.674373626708984,13.287067413330078,0.2651417114778103,1070963,1431481,1012773,1.178881,1.336447,0.003490
1747832629,12451938906,22164667299,691068542814,63,16.931772232055664,18.98360252380371,12.99428939819336,0.35952577760131726,1032589,1309512,1012711,1.177448,1.263451,0.003376
1747832630,12453178056,22166047637,691068546534,64,14.985799789428711,17.000198364257812,14.866352081298828,0.08552276941870322,1034386,1387604,1010476,1.181746,1.316393,0.003548
1747832631,12454381158,22167439991,691068550314,64,16.033172607421875,19.047021865844727,12.997150421142578,0.43861714383259853,1045941,1976818,1014583,1.147367,1.327852,0.003605
1747832632,12455642838,22168793293,691068554094,63,15.990972518920898,17.033100128173828,14.979124069213867,0.06884293202654762,1021656,1375150,1018447,1.203232,1.290609,0.003605
1747832633,12456886494,22170128571,691068557694,64,15.983104705810547,17.076492309570312,15.012741088867188,0.1160554235279274,1032025,1339686,1014789,1.186043,1.273420,0.003433
1747832634,12458122640,22171483375,691068561594,64,15.88749885559082,20.131587982177734,12.838125228881836,0.768110140617562,1023453,1367629,1011910,1.178881,1.292042,0.003719
1747832635,12459321236,22172872725,691068565374,64,15.049219131469727,18.0051326751709,14.106512069702148,0.33388095978348786,1023453,1367629,1011910,1.143070,1.324987,0.003605
1747832636,12460597936,22174239545,691068569394,63,16.016483306884766,19.111156463623047,11.863946914672852,0.48489193271913245,1174705,1191428,1010109,1.217556,1.303501,0.003834
1747832637,12461807046,22175585337,691068573054,64,15.992403030395508,17.048120498657227,15.002250671386719,0.12676042442272611,1032823,1384531,1015949,1.153097,1.283447,0.003490
1747832638,12463058212,22176949153,691068577014,64,16.057729721069336,19.001007080078125,13.00501823425293,0.38566216318652596,1025988,3845419,1011327,1.193205,1.300636,0.003777
1747832639,12464336414,22178300953,691068580974,63,15.93780517578125,18.976688385009766,13.005733489990234,0.40331915174701716,1071149,2977921,1013022,1.218988,1.289177,0.003777
1747832640,12465489950,22179678287,691068584754,64,15.763282775878906,16.260862350463867,15.763282775878906,0.004237259107736586,1036877,1309947,1012443,1.100098,1.313528,0.003605
1747832641,12466759140,22181036095,691068588414,64,16.010522842407227,17.001628875732422,14.910221099853516,0.13435777704728807,1024779,1387932,1016947,1.210394,1.294907,0.003490
1747832642,12468004298,22182389397,691068592494,64,15.978813171386719,17.964601516723633,14.032363891601562,0.32516574293015077,1035565,4901873,1013921,1.187475,1.290609,0.003891
1747832643,12469231432,22183778747,691068596214,64,15.999555587768555,17.024517059326172,14.949321746826172,0.09398519320502571,1020478,1508459,1017131,1.170286,1.324987,0.003548
1747832644,12470464574,22185132049,691068599514,63,15.985488891601562,16.77846908569336,14.968395233154297,0.0550845694986655,1049476,2814721,1011265,1.176016,1.290609,0.003147
1747832645,12471711234,22186507881,691068603354,64,15.976190567016602,17.061710357666016,14.927387237548828,0.07241597871361691,1034504,7522485,1015414,1.188908,1.312096,0.003662
1747832646,12472944376,22187841657,691068607134,64,17.66037940979004,17.66037940979004,14.952898025512695,0.17478471273633286,1043697,1195648,1019580,1.176016,1.271988,0.003605
1747832647,12474195542,22189220493,691068611214,63,16.027450561523438,19.01412010192871,12.908697128295898,0.47192188596256524,1051584,1251855,1019750,1.193205,1.314960,0.003891
1747832648,12475432008,22190566285,691068614994,64,16.143083572387695,16.166210174560547,15.831470489501953,0.0028509570537053166,1021656,1306964,1013933,1.179186,1.283447,0.003605
1747832649,12476657700,22191942117,691068618894,64,15.994071960449219,16.867637634277344,15.006303787231445,0.0348767335587324,1037340,1282197,1011246,1.168911,1.312096,0.003719
1747832650,12477922384,22193293917,691068622734,64,15.982627868652344,16.970157623291016,14.997720718383789,0.06399908775180281,1010125,1177683,1010125,1.206097,1.289177,0.003662
1747832651,12479142008,22194681765,691068626694,64,16.004562377929688,18.021821975708008,13.971328735351562,0.1632882399745687,1057687,1334761,1011223,1.163124,1.323555,0.003777
1747832652,12480385664,22196023051,691068630594,63,15.987873077392578,17.015457153320312,14.991521835327148,0.06708571793303966,1038209,1316487,1014716,1.186043,1.279150,0.003719
1747832653,12481626316,22197382361,691068631734,52,16.214847564697266,17.078876495361328,14.951467514038086,0.15958378190421235,1032770,3075269,1011036,1.183178,1.296339,0.001087
1747832654,12482851948,22198747679,691068632664,52,0,17.078876495361328,14.951467514038086,0.15958378190421235,1020268,1397773,1014595,1.168854,1.302069,0.000887
1747832655,12484133154,22200112997,691068637330,19,14.90020751953125,1916.858196258545,14.90020751953125,189585.17919067628,1024535,1296084,1019395,1.221853,1.302069,0.004450
1747832656,12485361790,22201505351,691068641230,64,16.016721725463867,19.1342830657959,13.731718063354492,0.5401886442225469,1093473,5421882,1013514,1.171719,1.327852,0.003719
1747832657,12486590426,22202842131,691068645070,64,16.301393508911133,17.00901985168457,14.989376068115234,0.09304120461626414,1163688,4030995,1015959,1.171719,1.274853,0.003662
1747832658,12487820564,22204225473,691068648730,64,15.948772430419922,17.00139045715332,14.989137649536133,0.16438521011505902,1273713,1351744,1010473,1.173151,1.319258,0.003490
1747832659,12489077738,22205601305,691068652270,63,15.999317169189453,17.03667640686035,14.89877700805664,0.09899234032980701,1042032,1364796,1012227,1.198935,1.312096,0.003376
1747832660,12490309378,22206924567,691068656050,64,16.010284423828125,17.032384872436523,14.98270034790039,0.03581796003568709,1028662,1391466,1012235,1.174583,1.261961,0.003605
1747832661,12491530504,22208289885,691068659710,64,15.996217727661133,17.449378967285156,14.893054962158203,0.05781979178548123,1036250,1445066,1012013,1.164557,1.302069,0.003490
1747832662,12492786176,22209674729,691068663370,63,16.00337028503418,17.510414123535156,14.969587326049805,0.08280765989894423,1035875,2781416,1013363,1.197502,1.320690,0.003490
1747832663,12494034338,22211028031,691068666970,64,16.517162322998047,17.995595932006836,14.003276824951172,0.16834084438316874,1061171,1363752,1013838,1.190340,1.290609,0.003433
1747832664,12495258468,22212378389,691068670750,64,15.947580337524414,17.07315444946289,14.970064163208008,0.11040066462408502,1074992,1366259,1011549,1.167421,1.287802,0.003605
1747832665,12496503626,22213769241,691068674710,63,15.981197357177734,18.303871154785156,13.71455192565918,0.20492644664602136,1117771,1320358,1015229,1.187475,1.326420,0.003777
1747832666,12497735266,22215140567,691068678310,64,15.999555587768555,17.057418823242188,14.914512634277344,0.15974465870874308,1119865,2974119,1013252,1.174583,1.307798,0.003433
1747832667,12498960898,22216511893,691068681970,63,15.960931777954102,16.635894775390625,15.028238296508789,0.02556940682817988,1036026,3131425,1011210,1.168854,1.307798,0.003490
1747832668,12500198546,22217850175,691068685630,64,15.998601913452148,17.90165901184082,14.104127883911133,0.14364661546295746,1041999,3116743,1011712,1.180313,1.276285,0.003490
1747832669,12501446708,22219224505,691068689590,64,15.978336334228516,17.020463943481445,14.997243881225586,0.03782923905293208,1042241,1321241,1013754,1.190340,1.310663,0.003777
1747832670,12502685858,22220585317,691068693490,64,16.000032424926758,17.05622673034668,15.021800994873047,0.07534801699656446,1025553,1359599,1010985,1.181746,1.297771,0.003719
1747832671,12503934020,22221925101,691068697510,63,16.00050926208496,16.564607620239258,14.956474304199219,0.02684835646948152,1027992,3275523,1009166,1.190340,1.277718,0.003834
1747832672,12505174672,22223306941,691068701610,64,16.016483306884766,17.04883575439453,15.002727508544922,0.03629250261666848,2310437,3009704,1010481,1.183178,1.317825,0.003910
1747832673,12506382280,22224646725,691068705270,64,15.957117080688477,16.0825252532959,15.907764434814453,0.001341607745140799,1072976,1292120,1016667,1.151665,1.277718,0.003490
1747832674,12507624434,22226036075,691068709050,63,16.008853912353516,19.17266845703125,12.830972671508789,0.3920287663092574,1033216,1246077,1009260,1.184610,1.324987,0.003605
1747832675,12508845560,22227401393,691068713010,64,15.998125076293945,16.89600944519043,15.053033828735352,0.03181607988684869,1034123,3161147,1012421,1.164557,1.302069,0.003777
1747832676,12510077200,22228733667,691068716790,64,15.998601913452148,17.44842529296875,14.960527420043945,0.12221067838014237,1031913,1226058,1015868,1.174583,1.270555,0.003605
1747832677,12511304334,22230132029,691068720750,63,15.994548797607422,18.465042114257812,13.599395751953125,0.2568824388963378,1020162,1231422,1008458,1.170286,1.333582,0.003777
1747832678,12512537476,22231459797,691068724710,64,17.02094078063965,19.808053970336914,13.345479965209961,0.37977820465741813,1021926,1483849,1015006,1.176016,1.266258,0.003777
1747832679,12513764610,22232850649,691068728610,64,16.047000885009766,17.017841339111328,14.97793197631836,0.05104935113079605,1044736,2944548,1010495,1.170286,1.326420,0.003719
1747832680,12514990242,22234206955,691068732570,64,16.008853912353516,16.921043395996094,14.965295791625977,0.056582085045046374,1037309,2790291,1013845,1.168854,1.293474,0.003777
1747832681,12516256428,22235572273,691068736590,63,15.903472900390625,17.038583755493164,14.99176025390625,0.06816090997342354,1026853,1414079,1020070,1.207529,1.302069,0.003834
1747832682,12517509096,22236931583,691068740550,64,16.034364700317383,17.05455780029297,14.970064163208008,0.06900047413469747,1024287,2443664,1010386,1.194637,1.296339,0.003777
1747832683,12518700182,22238304411,691068744330,64,15.941381454467773,17.034292221069336,14.994382858276367,0.034717783720138416,1034674,1252130,1013483,1.135908,1.309231,0.003605
1747832684,12519936328,22239666725,691068748170,63,16.054868698120117,17.00568199157715,15.015125274658203,0.03511252627350973,1039381,1236774,1012243,1.178881,1.299204,0.003662
1747832685,12521178482,22241008011,691068751830,64,16.01123809814453,17.059326171875,14.958620071411133,0.03840876637293669,1054818,4799309,1012003,1.184610,1.279150,0.003490
1747832686,12522429648,22242365819,691068756456,64,16.005992889404297,18.453121185302734,13.915538787841797,0.3439981104448588,1022437,1469921,1010955,1.193205,1.294907,0.004412
1747832687,12523661288,22243764181,691068760176,64,16.00956916809082,17.28510856628418,14.997005462646484,0.1241879366183601,1024445,1230083,1014852,1.174583,1.333582,0.003548
1747832688,12524918522,22245114479,691068761796,49,14.693975448608398,17.14348793029785,14.693975448608398,0.17316391518227037,1042895,2851907,1010560,1.198992,1.287745,0.001545
1747832689,12526141150,22246464777,691068762356,49,0,17.14348793029785,14.693975448608398,0.17316391518227037,1057745,1279895,1011398,1.165989,1.287745,0.000534
1747832690,12527407336,22247849621,691068762656,49,0,17.14348793029785,14.693975448608398,0.17316391518227037,1039337,1401723,1013679,1.207529,1.320690,0.000286
1747832691,12528623956,22249207429,691068762836,49,0,17.14348793029785,14.693975448608398,0.17316391518227037,1040321,3478416,1012355,1.160259,1.294907,0.000172
1747832692,12529864608,22250569743,691068766874,2,4237.298250198364,4237.298250198364,4237.298250198364,0,1036418,1203841,1010129,1.183178,1.299204,0.003851
1747832693,12531124786,22251935061,691068768794,61,10.614633560180664,18.590688705444336,10.614633560180664,0.7758075251097629,1023785,1315254,1010808,1.201799,1.302069,0.001831
1747832694,12532375952,22253274845,691068769034,61,0,18.590688705444336,10.614633560180664,0.7758075251097629,1062597,1372226,1012235,1.193205,1.277718,0.000229
1747832695,12533604588,22254634155,691068769334,61,0,18.590688705444336,10.614633560180664,0.7758075251097629,1034164,1237620,1013938,1.171719,1.296339,0.000286
1747832696,12534843738,22255996469,691068769574,61,0,18.590688705444336,10.614633560180664,0.7758075251097629,1033788,1331689,1015256,1.181746,1.299204,0.000229
1747832697,12536096406,22257390325,691068769994,61,0,18.590688705444336,10.614633560180664,0.7758075251097629,1019222,1229059,1012291,1.194637,1.329285,0.000401
1747832698,12537328046,22258751197,691068770354,61,0,18.590688705444336,10.614633560180664,0.7758075251097629,1024748,2347625,1011428,1.174583,1.297829,0.000343
1747832699,12538603244,22260090981,691068771826,61,0,18.590688705444336,10.614633560180664,0.7758075251097629,1026587,1217924,1011841,1.216124,1.277718,0.001404
1747832700,12539816860,22261447287,691068775486,61,0,18.590688705444336,10.614633560180664,0.7758075251097629,1020224,1223099,1011305,1.157394,1.293474,0.003490
1747832701,12541056010,22262841143,691068779088,61,0,18.590688705444336,10.614633560180664,0.7758075251097629,1024096,2654977,1011083,1.181746,1.329285,0.003435
1747832702,12542277136,22264191441,691068782688,61,0,18.590688705444336,10.614633560180664,0.7758075251097629,1042037,1299327,1011254,1.164557,1.287745,0.003433
1747832703,12543513282,22265570277,691068787002,61,0,18.590688705444336,10.614633560180664,0.7758075251097629,1116365,2783515,1010204,1.178881,1.314960,0.004114
1747832704,12544732906,22266926583,691068790836,37,15.996217727661133,10520.359516143799,15.874624252319336,2979903.2587320027,1041015,1339281,1010596,1.163124,1.293474,0.003656
1747832705,12545951028,22268266367,691068794796,64,15.97285270690918,18.820524215698242,13.221502304077148,0.35568960219238216,1035015,1258351,1014459,1.161692,1.277718,0.003777
1747832706,12547214210,22269669235,691068798756,63,16.025543212890625,20.08795738220215,11.884450912475586,0.9413814324185982,1041034,1366250,1017808,1.204664,1.337879,0.003777
1747832707,12548469882,22270989493,691068802176,64,16.01719856262207,17.030715942382812,14.888525009155273,0.15348769426658826,1072891,1227033,1010035,1.197502,1.259096,0.003262
1747832708,12549701522,22272377341,691068804456,64,16.122102737426758,17.9903507232666,14.002323150634766,0.25989538134641993,1078540,4275084,1010113,1.174583,1.323555,0.002174
1747832709,12550930158,22273753173,691068804756,5,10.077238082885742,16.004323959350586,10.077238082885742,6.483573130822151,1048448,2968068,1009463,1.171719,1.312096,0.000286
1747832710,12552193340,22275101969,691068808672,9,15.987634658813477,1825.9570598602295,15.037059783935547,358308.34506595007,1022463,2602953,1012151,1.204664,1.286312,0.003735
1747832711,12553418972,22276444757,691068809092,23,10.134220123291016,17.084598541259766,10.134220123291016,1.5985351313788707,1048317,1247121,1011623,1.168854,1.280582,0.000401
1747832712,12554671960,22277834107,691068809512,23,0,17.084598541259766,10.134220123291016,1.5985351313788707,1047041,3635792,1011696,1.194942,1.324987,0.000401
1747832713,12555935142,22279167883,691068809812,23,0,17.084598541259766,10.134220123291016,1.5985351313788707,1059023,3333879,1010052,1.204664,1.271988,0.000286
1747832714,12557186308,22280566245,691068811516,23,0,17.084598541259766,10.134220123291016,1.5985351313788707,1035995,2458512,1013259,1.193205,1.333582,0.001625
1747832715,12558402928,22281937571,691068815416,23,0,17.084598541259766,10.134220123291016,1.5985351313788707,1035565,1324475,1010181,1.160259,1.307798,0.003719
1747832716,12559636070,22283259331,691068819376,39,15.862226486206055,4085.8261585235596,14.937400817871094,424410.5386053574,1029767,1257915,1012552,1.176016,1.260529,0.003777
1747832717,12560878224,22284651685,691068823166,63,16.00480079650879,17.03786849975586,14.990091323852539,0.129532240266083,1025863,3078201,1009488,1.184610,1.327852,0.003614
1747832718,12562099350,22286012497,691068827186,64,15.98048210144043,18.11361312866211,13.871908187866211,0.24025269214855063,1028257,2571143,1010593,1.164557,1.297771,0.003834
1747832719,12563329488,22287350779,691068831200,64,16.01576805114746,17.022132873535156,14.982223510742188,0.03581917610388952,1038073,3999190,1014361,1.173151,1.276285,0.003828
1747832720,12564591168,22288746137,691068834980,63,15.967369079589844,18.839359283447266,13.15927505493164,0.5880716995146358,1049191,4469965,1012224,1.203232,1.330717,0.003605
1747832721,12565792768,22290103945,691068838820,64,15.967845916748047,16.99352264404297,14.961957931518555,0.036017791076794314,1021652,1238807,1011193,1.145935,1.294907,0.003662
1747832722,12567057452,22291439223,691068842600,64,15.991926193237305,17.006635665893555,14.960289001464844,0.12485899922945531,1026636,5912507,1008495,1.206097,1.273420,0.003605
1747832723,12568292096,22292818059,691068846560,64,15.991687774658203,17.092466354370117,14.882564544677734,0.09486160185757114,1024163,5352250,1014832,1.177448,1.314960,0.003777
1747832724,12569532748,22294181875,691068846920,63,15.986204147338867,18.125534057617188,13.830184936523438,0.21164511895292928,1035168,5014012,1011191,1.183178,1.300636,0.000343
1747832725,12570792926,22295547193,691068849162,27,0,17.574071884155273,3.087282180786133,6.682947854542847,1085167,4943621,1009299,1.201799,1.302069,0.002138
1747832726,12572017056,22296905001,691068850116,15,8.044242858886719,1920.4201698303223,8.044242858886719,240714.5748903306,1039797,1297177,1017127,1.167421,1.294907,0.000910
1747832727,12573268282,22298255299,691068851764,15,0,1920.4201698303223,8.044242858886719,240714.5748903306,1045226,1249778,1009948,1.193262,1.287745,0.001572
1747832728,12574522452,22299640143,691068855424,15,0,1920.4201698303223,8.044242858886719,240714.5748903306,1012432,3070490,1012257,1.196070,1.320690,0.003490
1747832729,12575797650,22300978425,691068859326,15,0,1920.4201698303223,8.044242858886719,240714.5748903306,1035218,3233173,1011064,1.216124,1.276285,0.003721
1747832730,12577000752,22302366273,691068862926,15,0,1920.4201698303223,8.044242858886719,240714.5748903306,1109502,1523532,1015333,1.147367,1.323555,0.003433
1747832731,12578226384,22303730089,691068866706,15,0,1920.4201698303223,8.044242858886719,240714.5748903306,1039370,1387530,1006270,1.168854,1.300636,0.003605
1747832732,12579468538,22305072877,691068871196,15,0,1920.4201698303223,8.044242858886719,240714.5748903306,1033625,1255927,1013601,1.184610,1.280582,0.004282
1747832733,12580668636,22306456279,691068875096,32,16.01696014404297,6013.997554779053,13.001680374145508,1123080.1684673205,1162779,4241784,1013891,1.144503,1.319315,0.003719
1747832734,12581934822,22307809581,691068878996,64,14.938592910766602,18.507719039916992,14.461517333984375,0.3111077812290068,1028000,2274939,1010007,1.207529,1.290609,0.003719
1747832735,12583178478,22309176401,691068883016,64,15.998601913452148,17.006635665893555,14.96744155883789,0.16782000003760367,1058510,3149968,1010861,1.186043,1.303501,0.003834
1747832736,12584378576,22310522193,691068887036,64,15.988349914550781,19.183874130249023,12.802839279174805,0.5546409089418549,1029510,1329357,1012773,1.144503,1.283447,0.003834
1747832737,12585643260,22311916049,691068890936,64,16.06893539428711,17.176389694213867,14.800310134887695,0.09018299767070992,1025579,1199413,1010281,1.206097,1.329285,0.003719
1747832738,12586861382,22313266347,691068894716,64,15.993595123291016,17.03786849975586,15.000343322753906,0.09581724900432954,1069662,1258690,1014090,1.161692,1.287745,0.003605
1747832739,12588105038,22314612139,691068898496,64,15.980958938598633,17.081737518310547,15.008211135864258,0.06706306893345002,1029278,3138571,1012341,1.186043,1.283447,0.003605
1747832740,12589383240,22315990975,691068902096,63,15.997648239135742,17.84968376159668,12.99428939819336,0.21768177451545073,1040805,1210361,1009711,1.218988,1.314960,0.003433
1747832741,12590592350,22317383329,691068906056,64,15.983343124389648,17.211198806762695,14.804840087890625,0.11280721836830791,1042247,1321344,1009937,1.153097,1.327852,0.003777
1747832742,12591845018,22318732125,691068909656,64,16.007661819458008,17.99917221069336,13.992071151733398,0.22487881807586818,1030392,1314705,1012844,1.194637,1.286312,0.003433
1747832743,12593076658,22320061395,691068913496,64,17.02880859375,17.56739616394043,14.960289001464844,0.16424630241523752,1065603,1478612,1011951,1.174583,1.267691,0.003662
1747832744,12594312804,22321428215,691068917336,64,17.02880859375,17.56739616394043,14.960289001464844,0.16424630241523752,1028087,1228066,1015515,1.178881,1.303501,0.003662
1747832745,12595571480,22322820569,691068921116,64,16.00050926208496,17.499446868896484,14.96124267578125,0.20105167683376302,1077208,1192926,1016363,1.200367,1.327852,0.003605
1747832746,12596818140,22324187389,691068924896,63,16.02649688720703,17.18902587890625,14.867305755615234,0.16492075748618842,1036530,1585489,1010735,1.188908,1.303501,0.003605
1747832747,12598048278,22325558715,691068928376,64,15.999794006347656,17.208576202392578,13.995885848999023,0.1628743756021048,1020657,1255735,1012544,1.173151,1.307798,0.003319
1747832748,12599285926,22326883479,691068931016,64,15.985727310180664,18.928050994873047,14.17684555053711,0.2897104659624432,1163740,1237852,1011108,1.180313,1.263393,0.002518
1747832749,12600547606,22328242789,691068931376,63,4.279851913452148,17.038583755493164,4.279851913452148,2.2683227313506946,1037897,4084635,1012973,1.203232,1.296339,0.000343
1747832750,12601795768,22329618621,691068931436,63,0,17.038583755493164,4.279851913452148,2.2683227313506946,1022052,3400839,1014057,1.190340,1.312096,0.000057
1747832751,12603018396,22330995955,691068931676,63,0,17.038583755493164,4.279851913452148,2.2683227313506946,1024157,1301263,1011038,1.165989,1.313528,0.000229
1747832752,12604265056,22332337241,691068931976,63,0,17.038583755493164,4.279851913452148,2.2683227313506946,1039058,1338929,1012600,1.188908,1.279150,0.000286
1747832753,12605535748,22333690543,691068932596,63,0,17.038583755493164,4.279851913452148,2.2683227313506946,1038688,1292025,1010411,1.211826,1.290609,0.000591
1747832754,12606786914,22335085901,691068932776,63,0,17.038583755493164,4.279851913452148,2.2683227313506946,1019741,1299220,1009403,1.193205,1.330717,0.000172
1747832755,12608020056,22336428689,691068936574,63,0,17.038583755493164,4.279851913452148,2.2683227313506946,1036462,2975415,1011548,1.176016,1.280582,0.003622
1747832756,12609211142,22337800015,691068940354,14,16.001224517822266,6851.7656326293945,12.986183166503906,3317948.7695394554,1024424,1368448,1014017,1.135908,1.307798,0.003605
1747832757,12610480332,22339150313,691068944014,64,16.001224517822266,21.163463592529297,10.808467864990234,1.2377672139268647,1026290,1278343,1011468,1.210394,1.287745,0.003490
1747832758,12611725490,22340535157,691068947794,63,15.966415405273438,16.085147857666016,15.877246856689453,0.0011260472032211376,1034380,1437268,1010613,1.187475,1.320690,0.003605
1747832759,12612945114,22341886957,691068951334,64,16.03412628173828,16.282081604003906,15.70892333984375,0.003497527985322989,1048485,1315400,1012404,1.163124,1.289177,0.003376
1747832760,12614199284,22343235753,691068954634,64,16.012191772460938,17.085552215576172,15.028238296508789,0.06467417643517058,1027004,3894375,1013141,1.196070,1.286312,0.003147
1747832761,12615421912,22344637119,691068958474,63,16.00193977355957,17.156124114990234,14.812231063842773,0.05654726565409795,1041234,1462712,1011414,1.165989,1.336447,0.003662
1747832762,12616662564,22345979907,691068962134,65,15.943050384521484,17.042160034179688,14.989614486694336,0.07861051720681189,1028814,3196512,1018937,1.183178,1.280582,0.003490
1747832763,12617879184,22347361747,691068965854,64,16.00956916809082,18.995285034179688,12.994050979614258,0.4672847512763001,1037615,7494502,1014754,1.160259,1.317825,0.003548
1747832764,12619100310,22348731571,691068969634,63,15.990018844604492,16.049623489379883,15.930652618408203,0.0006158853119947456,1037148,4942765,1015078,1.164557,1.306366,0.003605
1747832765,12620374006,22350068351,691068973174,64,16.034364700317383,17.07935333251953,14.590740203857422,0.10951564006172869,1053810,1504350,1010394,1.214691,1.274853,0.003376
1747832766,12621590686,22351442681,691068974794,64,16.01719856262207,17.18449592590332,14.775991439819336,0.18596888577846063,1033791,1550112,1012623,1.160316,1.310663,0.001545
1747832767,12622849362,22352812505,691068974974,37,15.128374099731445,20.12038230895996,10.820627212524414,1.3242319005187564,1034675,1355413,1010894,1.200367,1.306366,0.000172
1747832768,12624093018,22354143337,691068975274,37,0,20.12038230895996,10.820627212524414,1.3242319005187564,1010906,1310842,1010906,1.186043,1.269180,0.000286
1747832769,12625326160,22355538695,691068975454,37,0,20.12038230895996,10.820627212524414,1.3242319005187564,1033560,1212142,1015691,1.176016,1.330717,0.000172
1747832770,12626568314,22356899507,691068975694,37,0,20.12038230895996,10.820627212524414,1.3242319005187564,1039058,1352209,1014149,1.184610,1.297771,0.000229
1747832771,12627799954,22358255813,691068975814,37,0,20.12038230895996,10.820627212524414,1.3242319005187564,1022314,1159603,1010820,1.174583,1.293474,0.000114
1747832772,12629072148,22359609115,691068977224,37,0,20.12038230895996,10.820627212524414,1.3242319005187564,1036981,1428057,1012393,1.213259,1.290609,0.001345
1747832773,12630308294,22360990955,691068980884,37,0,20.12038230895996,10.820627212524414,1.3242319005187564,1025790,2006889,1011362,1.178881,1.317825,0.003490
1747832774,12631526416,22362318723,691068984364,37,0,20.12038230895996,10.820627212524414,1.3242319005187564,1021588,5316684,1009443,1.161692,1.266258,0.003319
1747832775,12632755052,22363709575,691068988254,37,0,20.12038230895996,10.820627212524414,1.3242319005187564,1042361,1267126,1013814,1.171719,1.326420,0.003710
1747832776,12634000210,22365080901,691068991434,33,15.9912109375,8953.869104385376,14.961481094360352,2418409.30323454,1080156,1205962,1011877,1.187475,1.307798,0.003033
1747832777,12635259206,22366446219,691068991734,60,6.417989730834961,17.885923385620117,6.417989730834961,1.692895898917415,1156962,1259654,1016477,1.200672,1.302069,0.000286
1747832778,12636513376,22367770983,691068993804,60,0,17.885923385620117,6.417989730834961,1.692895898917415,1059092,1182435,1011868,1.196070,1.263393,0.001974
1747832779,12637739008,22369164839,691068997524,60,0,17.885923385620117,6.417989730834961,1.692895898917415,1027725,1411055,1013601,1.168854,1.329285,0.003548
1747832780,12638981162,22370513635,691069001844,60,0,17.885923385620117,6.417989730834961,1.692895898917415,1037672,1205307,1012100,1.184610,1.286312,0.004120
1747832781,12640197782,22371887965,691069005324,60,0,17.885923385620117,6.417989730834961,1.692895898917415,1042689,1336938,1011639,1.160259,1.310663,0.003319
1747832782,12641462466,22373227749,691069009166,60,0,17.885923385620117,6.417989730834961,1.692895898917415,1015757,1336829,1013818,1.206097,1.277718,0.003664
1747832783,12642680588,22374588561,691069012886,60,0,17.885923385620117,6.417989730834961,1.692895898917415,1148233,2839897,1010919,1.161692,1.297771,0.003548
1747832784,12643922742,22375967397,691069016906,60,0,17.885923385620117,6.417989730834961,1.692895898917415,1033402,1221561,1011325,1.184610,1.314960,0.003834
1747832785,12645179916,22377346233,691069020386,60,0,17.885923385620117,6.417989730834961,1.692895898917415,1051149,1166023,1012805,1.198935,1.314960,0.003319
1747832786,12646420568,22378716057,691069023866,60,0,17.885923385620117,6.417989730834961,1.692895898917415,1076870,4282452,1010780,1.183178,1.306366,0.003319
1747832787,12647638750,22380073865,691069027468,60,0,17.885923385620117,6.417989730834961,1.692895898917415,1064352,1308946,1012438,1.161749,1.294907,0.003435
1747832788,12648907940,22381422661,691069031350,60,0,17.885923385620117,6.417989730834961,1.692895898917415,1019821,1288095,1010396,1.210394,1.286312,0.003702
1747832789,12650106536,22382766951,691069035132,60,0,17.885923385620117,6.417989730834961,1.692895898917415,1072455,1312749,1012308,1.143070,1.282015,0.003607
1747832790,12651341180,22384129265,691069038792,60,0,17.885923385620117,6.417989730834961,1.692895898917415,1023345,3584150,1016303,1.177448,1.299204,0.003490
1747832791,12652562306,22385493081,691069042742,60,0,17.885923385620117,6.417989730834961,1.692895898917415,1041975,1403432,1017325,1.164557,1.300636,0.003767
1747832792,12653832998,22386894447,691069046744,31,17.096519470214844,14657.618284225464,12.832164764404297,6907670.552011207,1033560,1366735,1013582,1.211826,1.336447,0.003817
1747832793,12655058630,22388243243,691069049984,63,15.992879867553711,17.049312591552734,14.89710807800293,0.5471031013385508,1022380,1268542,1017463,1.168854,1.286312,0.003090
1747832794,12656276752,22389584529,691069053524,64,14.947891235351562,18.21756362915039,12.779474258422852,0.768490680195575,1038841,1307251,1011812,1.161692,1.279150,0.003376
1747832795,12657505388,22390951349,691069057064,64,15.991687774658203,18.088102340698242,13.926267623901367,0.7556890620565226,1171407,4275015,1015927,1.171719,1.303501,0.003376
1747832796,12658737028,22392309157,691069059746,64,14.930963516235352,17.994165420532227,14.888525009155273,0.5725053578625998,1043410,6912074,1014727,1.174583,1.294907,0.002558
1747832797,12659967166,22393675977,691069059866,44,14.115095138549805,20.241975784301758,11.720657348632812,1.4441649950662703,1023606,1212974,1012669,1.173151,1.303501,0.000114
1747832798,12661240862,22395038291,691069060286,44,0,20.241975784301758,11.720657348632812,1.4441649950662703,1021923,1245509,1016063,1.214691,1.299204,0.000401
1747832799,12662489024,22396451673,691069060526,44,0,20.241975784301758,11.720657348632812,1.4441649950662703,1049426,3577975,1010223,1.190340,1.347906,0.000229
1747832800,12663744696,22397762919,691069060646,44,0,20.241975784301758,11.720657348632812,1.4441649950662703,1036672,1514526,1010618,1.197502,1.250502,0.000114
1747832801,12664965822,22399134245,691069060826,44,0,20.241975784301758,11.720657348632812,1.4441649950662703,1055055,1297131,1014107,1.164557,1.307798,0.000172
1747832802,12666226000,22400486045,691069061248,44,0,20.241975784301758,11.720657348632812,1.4441649950662703,1023964,3874494,1009348,1.201799,1.289177,0.000402
1747832803,12667468154,22401864941,691069061548,44,0,20.241975784301758,11.720657348632812,1.4441649950662703,1035888,1170047,1014529,1.184610,1.315018,0.000286
1747832804,12668726830,22403248283,691069064266,44,0,20.241975784301758,11.720657348632812,1.4441649950662703,1040351,1255384,1014901,1.200367,1.319258,0.002592
1747832805,12669953964,22404589569,691069066468,7,15.983819961547852,8251.919984817505,15.928983688354492,9420888.269348055,1066086,3241394,1013955,1.170286,1.279150,0.002100
1747832806,12671173588,22405975915,691069066768,28,9.286880493164062,16.0677433013916,9.286880493164062,1.6077858806489527,1020706,5515124,1011887,1.163124,1.322123,0.000286
1747832807,12672429320,22407321707,691069071164,28,0,16.0677433013916,9.286880493164062,1.6077858806489527,1023702,1384865,1011578,1.197559,1.283447,0.004192
1747832808,12673668470,22408665997,691069074944,38,15.96379280090332,2013.7207508087158,15.017509460449219,104946.79102623076,1220694,2921597,1012791,1.181746,1.282015,0.003605
1747832809,12674901612,22410074873,691069078844,64,16.00027084350586,17.142772674560547,14.98866081237793,0.17330938343341576,1043996,3998459,1008949,1.176016,1.343609,0.003719
1747832810,12676139260,22411429677,691069082624,63,15.978574752807617,16.99662208557129,15.01607894897461,0.0331209154143904,1043348,3586117,1012634,1.180313,1.292042,0.003605
1747832811,12677415960,22412816023,691069086524,64,16.02458953857422,17.09771156311035,14.9383544921875,0.13555840397631444,1019269,1194389,1011019,1.217556,1.322123,0.003719
1747832812,12678647600,22414119759,691069090364,64,16.003131866455078,17.013072967529297,14.988422393798828,0.033899024176393684,1233844,1827795,1010913,1.174583,1.243340,0.003662
1747832813,12679888252,22415513615,691069093964,63,16.00360870361328,17.02094078063965,14.98270034790039,0.06708977471061511,1023834,1317039,1013484,1.183178,1.329285,0.003433
1747832814,12681101868,22416883439,691069097264,64,16.00956916809082,17.040729522705078,15.000104904174805,0.06319426955421793,1047698,3844338,1013979,1.157394,1.306366,0.003147
1747832815,12682359042,22418226227,691069101044,64,16.00956916809082,17.087936401367188,14.91546630859375,0.10558878119543333,1106419,1328440,1015245,1.198935,1.280582,0.003605
1747832816,12683592184,22419575023,691069104224,63,16.034364700317383,17.023086547851562,15.003681182861328,0.06695015568043813,1029561,1459996,1011436,1.176016,1.286312,0.003033
1747832817,12684807302,22420932831,691069108444,64,15.993595123291016,17.063617706298828,14.972209930419922,0.12941366279348362,1042935,1604799,1013560,1.158827,1.294907,0.004025
1747832818,12686073488,22422326687,691069112104,64,15.017509460449219,17.029285430908203,15.017509460449219,0.033888317849496155,1227139,5670407,1011357,1.207529,1.329285,0.003490
1747832819,12687237538,22423670977,691069113004,63,15.995264053344727,17.090797424316406,14.921426773071289,0.10632608021087937,1053848,1370833,1012112,1.110125,1.282015,0.000858
1747832820,12688514238,22425024279,691069114412,11,12.049198150634766,17.02713966369629,12.049198150634766,1.806297805160284,1036695,3945155,1012902,1.217556,1.290609,0.001343
1747832821,12689703822,22426385091,691069118462,11,0,17.02713966369629,12.049198150634766,1.806297805160284,1031452,1233945,1012135,1.134476,1.297771,0.003862
1747832822,12690970008,22427777445,691069122242,52,16.435623168945312,2052.032947540283,10.970354080200195,79689.64805503507,1060048,1291943,1011394,1.207529,1.327852,0.003605
1747832823,12692177616,22429136755,691069125842,65,15.983819961547852,20.999431610107422,11.02447509765625,0.8169568803118032,1041459,1339262,1011099,1.151665,1.296339,0.003433
1747832824,12693346167,22430517093,691069130102,64,15.959739685058594,17.038822174072266,14.976739883422852,0.06711310850012855,1026300,1165702,1010445,1.114417,1.316393,0.004063
1747832825,12694604843,22431657106,691069133642,63,16.006946563720703,16.95704460144043,14.990806579589844,0.06257549165109881,1019782,2303983,1010136,1.200367,1.087201,0.003376
1747832826,12695797431,22433071990,691069136402,64,15.988588333129883,16.962289810180664,15.003442764282227,0.06154246307605192,1052335,4322881,1010345,1.137341,1.349339,0.002632
1747832827,12697024565,22434401260,691069136642,43,10.41722297668457,16.277790069580078,10.41722297668457,0.733332197010945,1101525,1243117,1015789,1.170286,1.267691,0.000229
1747832828,12698286305,22435789108,691069140018,43,0,16.277790069580078,10.41722297668457,0.733332197010945,1053511,1390651,1013570,1.203289,1.323555,0.003220
1747832829,12699490969,22437178458,691069143858,22,18.044471740722656,2014.5998001098633,13.983726501464844,181134.55982684693,1042116,1336045,1013859,1.148857,1.324987,0.003662
1747832830,12700751147,22438566366,691069145718,65,15.03753662109375,18.0509090423584,13.977527618408203,0.5525964724556465,1056445,1302498,1015389,1.201799,1.323612,0.001774
1747832831,12701985791,22439976744,691069145898,27,7.060527801513672,17.997026443481445,7.060527801513672,3.4202101529107223,1056445,1302498,1015389,1.177448,1.345041,0.000172
1747832832,12703227945,22441351074,691069149754,27,0,17.997026443481445,7.060527801513672,3.4202101529107223,1059050,1438751,1012199,1.184610,1.310663,0.003677
1747832833,12704506147,22442737420,691069153354,35,15.95926284790039,2064.931869506836,14.982223510742188,119842.83353604382,1039097,1397571,1017860,1.218988,1.322123,0.003433
1747832834,12705707747,22444162818,691069156654,64,15.992403030395508,17.020702362060547,14.990568161010742,0.15706649542257436,1029972,1404797,1012950,1.145935,1.359365,0.003147
1747832835,12706937885,22445540152,691069160074,63,15.912294387817383,16.97564125061035,15.04826545715332,0.032489528307612,1304176,1304176,1011179,1.173151,1.313528,0.003262
1747832836,12708177035,22446923494,691069163674,64,16.024112701416016,18.659114837646484,13.33475112915039,0.2595723402972869,1070549,4550050,1013848,1.181746,1.319258,0.003433
1747832837,12709402667,22448287310,691069167514,64,16.016006469726562,17.035722732543945,14.991521835327148,0.09802521533088523,1035326,1238888,1010087,1.168854,1.300636,0.003662
1747832838,12710668853,22449711206,691069171354,64,15.957355499267578,17.993927001953125,14.752388000488281,0.26270603989636215,1032803,1279543,1014428,1.207529,1.357933,0.003662
1747832839,12711886975,22451100556,691069174954,64,16.020774841308594,17.057180404663086,15.002012252807617,0.09620689060435358,1043686,1305478,1017976,1.161692,1.324987,0.003433
1747832840,12713127947,22452476388,691069178914,63,16.008853912353516,17.055988311767578,14.996528625488281,0.07171939729624502,1038764,1238313,1019129,1.183483,1.312096,0.003777
1747832841,12714346069,22453844710,691069182574,64,16.124963760375977,16.718387603759766,15.014886856079102,0.030765037739325634,1186506,1513813,1010317,1.161692,1.304934,0.003490
1747832842,12715589725,22455246076,691069186114,64,16.021013259887695,17.91071891784668,14.010190963745117,0.15387314884540024,1033980,1365324,1013637,1.186043,1.336447,0.003376
1747832843,12716833381,22456659458,691069189414,63,16.030073165893555,17.000436782836914,15.022039413452148,0.0901820267060508,1036218,1329511,1014910,1.186043,1.347906,0.003147
1747832844,12718053005,22458026278,691069192534,64,16.10732078552246,17.034530639648438,14.974594116210938,0.13213932927550862,1021586,2359841,1013190,1.163124,1.303501,0.002975
1747832845,12719298163,22459399106,691069192774,49,9.037017822265625,17.009735107421875,9.037017822265625,1.032561543798691,1045860,1952651,1014349,1.187475,1.309231,0.000229
1747832846,12720565851,22460804978,691069192894,49,0,17.009735107421875,9.037017822265625,1.032561543798691,1045860,1952651,1014349,1.208961,1.340744,0.000114
1747832847,12721803499,22462177806,691069193074,49,0,17.009735107421875,9.037017822265625,1.032561543798691,1021678,1243006,1009985,1.180313,1.309231,0.000172
1747832848,12723069745,22463601702,691069193314,49,0,17.009735107421875,9.037017822265625,1.032561543798691,1063250,3743510,1009908,1.207586,1.357933,0.000229
1747832849,12724281859,22464988048,691069197536,49,0,17.009735107421875,9.037017822265625,1.032561543798691,1023975,3339297,1012769,1.155962,1.322123,0.004026
1747832850,12725521009,22466354868,691069201076,50,16.001224517822266,4494.936466217041,14.988899230957031,401050.35113680863,1041746,1289703,1013308,1.181746,1.303501,0.003376
1747832851,12726742135,22467732202,691069205030,63,16.003131866455078,17.052888870239258,14.990091323852539,0.10409357047685715,1040345,1246481,1011503,1.164557,1.313528,0.003771
1747832852,12727978281,22469145584,691069208750,64,16.00050926208496,17.0440673828125,14.978408813476562,0.035786825567541626,1045105,4552311,1015961,1.178881,1.347906,0.003548
1747832853,12729247471,22470546950,691069212292,64,16.037702560424805,17.03643798828125,14.98270034790039,0.09675203531813664,1042410,2818808,1010899,1.210394,1.336447,0.003378
1747832854,12730444565,22471900252,691069215934,64,15.958547592163086,17.039060592651367,14.938831329345703,0.06848091093581692,1015842,1302559,1015842,1.141638,1.290609,0.003473
1747832855,12731704743,22473321144,691069219890,63,15.942573547363281,17.01068878173828,15.00248908996582,0.06397469790733361,1030516,1381908,1010000,1.201799,1.355068,0.003773
1747832856,12732934881,22474704486,691069223550,64,16.011714935302734,17.301559448242188,14.795303344726562,0.1867159986110217,1045926,3104818,1010023,1.173151,1.319258,0.003490
1747832857,12734156007,22476095398,691069226010,64,15.958070755004883,17.006874084472656,15.01011848449707,0.09231221806008502,1032408,1815877,1011703,1.164557,1.326477,0.002346
1747832858,12735384643,22477472732,691069226130,28,13.084650039672852,16.066789627075195,13.084650039672852,0.30394629564632747,1027390,1273213,1015675,1.171719,1.313528,0.000114
1747832859,12736628299,22478847062,691069229740,28,0,16.066789627075195,13.084650039672852,0.30394629564632747,1051590,1223246,1011299,1.186043,1.310663,0.003443
1747832860,12737908003,22480248428,691069233160,28,0,16.066789627075195,13.084650039672852,0.30394629564632747,1051590,1223246,1011299,1.220421,1.336447,0.003262
1747832861,12739112607,22481658806,691069237524,28,0,16.066789627075195,13.084650039672852,0.30394629564632747,1030731,1240826,1012622,1.148800,1.345041,0.004162
1747832862,12740335235,22483048156,691069240944,28,0,16.066789627075195,13.084650039672852,0.30394629564632747,1029444,2870904,1010190,1.165989,1.324987,0.003262
1747832863,12741590907,22484439008,691069244924,28,0,16.066789627075195,13.084650039672852,0.30394629564632747,1015431,1421321,1010386,1.197502,1.326420,0.003796
1747832864,12742810531,22485816342,691069248584,28,0,16.066789627075195,13.084650039672852,0.30394629564632747,1035105,1343810,1012179,1.163124,1.313528,0.003490
1747832865,12744060195,22487175652,691069252762,28,0,16.066789627075195,13.084650039672852,0.30394629564632747,1045971,1248518,1011238,1.191772,1.296339,0.003984
1747832866,12745299345,22488602552,691069256536,12,15.998125076293945,8430.915594100952,14.954090118408203,5852132.644690634,1042487,1402584,1013504,1.181746,1.360798,0.003599
1747832867,12746549009,22489949846,691069259896,64,15.889406204223633,17.88806915283203,14.031171798706055,0.18464512970256822,1019345,1618567,1015179,1.191772,1.284880,0.003204
1747832868,12747782151,22491364730,691069263718,63,15.998363494873047,17.035722732543945,14.992952346801758,0.0656856933918345,1044479,1399858,1013705,1.176016,1.349339,0.003645
1747832869,12748991321,22492770602,691069267438,64,16.022920608520508,17.04573631286621,15.036821365356445,0.07791570279952038,1021082,1470995,1010174,1.153154,1.340744,0.003548
1747832870,12750237981,22494131414,691069270858,64,16.019821166992188,17.96889305114746,14.033317565917969,0.16858049812756998,1028477,1305993,1013995,1.188908,1.297771,0.003262
1747832871,12751472625,22495511752,691069274218,63,15.96212387084961,17.241716384887695,14.770746231079102,0.18587867267952005,1043073,1756230,1014995,1.177448,1.316393,0.003204
1747832872,12752702763,22496899600,691069277038,64,16.01409912109375,17.0135498046875,15.001535415649414,0.06626156641578126,1029662,1318688,1013231,1.173151,1.323555,0.002689
1747832873,12753950925,22498315986,691069277158,44,5.135536193847656,18.138647079467773,5.135536193847656,2.8972269963146227,1040943,3780347,1013890,1.190340,1.350771,0.000114
1747832874,12755220115,22499676798,691069280174,44,0,18.138647079467773,5.135536193847656,2.8972269963146227,1060912,2789738,1010229,1.210394,1.297771,0.002876
1747832875,12756457763,22501091682,691069282454,29,15.974044799804688,1902.7745723724365,14.894485473632812,122599.45945933503,1060977,1302102,1013543,1.180313,1.349339,0.002174
1747832876,12757728455,22502482534,691069282976,24,5.596399307250977,17.053604125976562,5.596399307250977,4.607851102068252,1044677,1275466,1013285,1.211826,1.326420,0.000498
1747832877,12758973613,22503873386,691069285886,24,0,17.053604125976562,5.596399307250977,4.607851102068252,1028229,1331142,1010805,1.187475,1.326420,0.002775
1747832878,12760182723,22505288270,691069289126,24,0,17.053604125976562,5.596399307250977,4.607851102068252,1045111,1172630,1015577,1.153097,1.349339,0.003090
1747832879,12761438395,22506629556,691069292546,24,0,17.053604125976562,5.596399307250977,4.607851102068252,1034960,1311735,1010889,1.197502,1.279150,0.003262
1747832880,12762668533,22508066970,691069296526,24,0,17.053604125976562,5.596399307250977,4.607851102068252,1019873,3653329,1010037,1.173151,1.370825,0.003796
1747832881,12763937723,22509438296,691069299766,24,0,17.053604125976562,5.596399307250977,4.607851102068252,1036021,1358961,1014176,1.210394,1.307798,0.003090
1747832882,12765164857,22510818634,691069303366,24,0,17.053604125976562,5.596399307250977,4.607851102068252,1067393,1259239,1012111,1.170286,1.316393,0.003433
1747832883,12766394995,22512209486,691069307088,24,0,17.053604125976562,5.596399307250977,4.607851102068252,1028609,1247971,1017170,1.173151,1.326420,0.003550
1747832884,12767634145,22513573302,691069311210,24,0,17.053604125976562,5.596399307250977,4.607851102068252,1042001,1245065,1010567,1.181746,1.300636,0.003931
1747832885,12768856773,22514983680,691069313610,24,0,17.053604125976562,5.596399307250977,4.607851102068252,1031989,1238178,1013206,1.165989,1.345041,0.002289
1747832886,12770101931,22516377536,691069313730,2,10115.076780319214,10115.076780319214,10115.076780319214,0,1034424,1290103,1015660,1.187475,1.329285,0.000114
1747832887,12771365113,22517730838,691069314090,2,0,10115.076780319214,10115.076780319214,0,1037086,1345795,1011123,1.204664,1.290609,0.000343
1747832888,12772611773,22519147224,691069314330,2,0,10115.076780319214,10115.076780319214,0,1023303,1201805,1012408,1.188908,1.350771,0.000229
1747832889,12773813433,22520511040,691069317108,2,0,10115.076780319214,10115.076780319214,0,1050252,3866353,1013252,1.145992,1.300636,0.002649
1747832890,12775052583,22521936498,691069320588,30,15.988349914550781,4127.333879470825,13.988494873046875,562766.1993558512,1038546,1326853,1014435,1.181746,1.359423,0.003319
1747832891,12776320271,22523313832,691069324308,64,15.917301177978516,17.43173599243164,15.013456344604492,0.11426170362348075,1169042,2541972,1008992,1.208961,1.313528,0.003548
1747832892,12777538393,22524706186,691069327668,63,15.968799591064453,17.95196533203125,13.97705078125,0.16114455518147036,1035812,1951106,1019764,1.161692,1.327852,0.003204
1747832893,12778780547,22526062492,691069331490,64,15.999317169189453,17.746448516845703,14.981985092163086,0.1605187650186604,1037305,2620153,1009500,1.184610,1.293474,0.003645
1747832894,12779989657,22527466862,691069335270,64,15.964031219482422,17.3947811126709,15.004158020019531,0.05235845604104621,1024640,3124392,1015832,1.153097,1.339312,0.003605
1747832895,12781228807,22528842694,691069337610,63,16.026735305786133,17.090559005737305,14.905929565429688,0.17918351451641804,1031923,1348786,1010845,1.181746,1.312096,0.002232
1747832896,12782479973,22530289120,691069337850,32,10.098934173583984,16.033411026000977,10.098934173583984,1.0867771181199506,1119571,1388049,1008479,1.193205,1.379419,0.000229
1747832897,12783726633,22531651434,691069338090,32,0,16.033411026000977,10.098934173583984,1.0867771181199506,1046286,3498615,1017053,1.188908,1.299204,0.000229
1747832898,12784995823,22533039282,691069338330,32,0,16.033411026000977,10.098934173583984,1.0867771181199506,1025712,1376132,1011661,1.210394,1.323555,0.000229
1747832899,12786221455,22534434640,691069338630,32,0,16.033411026000977,10.098934173583984,1.0867771181199506,1033463,1192704,1013078,1.168854,1.330717,0.000286
1747832900,12787466613,22535792448,691069343086,32,0,16.033411026000977,10.098934173583984,1.0867771181199506,1023458,2271443,1012450,1.187475,1.294907,0.004250
1747832901,12788701257,22537184802,691069346806,60,15.044689178466797,4613.957166671753,14.994144439697266,352252.54816161754,1035837,1240295,1012642,1.177448,1.327852,0.003548
1747832902,12789910367,22538608698,691069350286,64,15.941381454467773,17.030715942382812,14.956951141357422,0.15746643385918793,1042407,1470768,1011237,1.153097,1.357933,0.003319
1747832903,12791160031,22540007060,691069353886,63,16.00170135498047,17.465829849243164,13.99993896484375,0.23982555695039326,1156349,1274335,1011834,1.191772,1.333582,0.003433
1747832904,12792405189,22541376884,691069355446,64,15.994787216186523,17.403602600097656,14.828205108642578,0.1173063680680096,1050066,1394640,1010794,1.187475,1.306366,0.001488
1747832905,12793632643,22542727182,691069355626,10,12.093782424926758,16.95728302001953,12.093782424926758,1.7207698748380709,1021848,5992865,1012656,1.170591,1.287745,0.000172
1747832906,12794910845,22544142066,691069355866,10,0,16.95728302001953,12.093782424926758,1.7207698748380709,1052668,4086409,1012139,1.218988,1.349339,0.000229
1747832907,12796195055,22545540428,691069356046,10,0,16.95728302001953,12.093782424926758,1.7207698748380709,1036011,1678591,1014514,1.224718,1.333582,0.000172
1747832908,12797405667,22546917762,691069356978,10,0,16.95728302001953,12.093782424926758,1.7207698748380709,1039693,1467401,1011839,1.154530,1.313528,0.000889
1747832909,12798628295,22548310116,691069357158,10,0,16.95728302001953,12.093782424926758,1.7207698748380709,1040928,1425001,1012582,1.165989,1.327852,0.000172
1747832910,12799876517,22549697964,691069357338,10,0,16.95728302001953,12.093782424926758,1.7207698748380709,1046334,1595599,1008136,1.190397,1.323555,0.000172
1747832911,12801148711,22551121860,691069357638,10,0,16.95728302001953,12.093782424926758,1.7207698748380709,1035457,2966504,1019938,1.213259,1.357933,0.000286
1747832912,12802359323,22552473660,691069357820,10,0,16.95728302001953,12.093782424926758,1.7207698748380709,1038008,1295225,1015934,1.154530,1.289177,0.000174
1747832913,12803628513,22553853998,691069358120,10,0,16.95728302001953,12.093782424926758,1.7207698748380709,1054171,1240743,1012285,1.210394,1.316393,0.000286
1747832914,12804852643,22555243348,691069358360,10,0,16.95728302001953,12.093782424926758,1.7207698748380709,1114182,2171298,1016456,1.167421,1.324987,0.000229
1747832915,12806118829,22556631196,691069358540,10,0,16.95728302001953,12.093782424926758,1.7207698748380709,1044856,1170210,1013432,1.207529,1.323555,0.000172
1747832916,12807359481,22558040072,691069359410,2,11765.181303024292,11765.181303024292,11765.181303024292,0,1080669,1309169,1010702,1.183178,1.343609,0.000830
1747832917,12808601635,22559426418,691069360280,2,0,11765.181303024292,11765.181303024292,0,1031524,1318893,1017580,1.184610,1.322123,0.000830
1747832918,12809852801,22560820274,691069363940,2,0,11765.181303024292,11765.181303024292,0,1083812,1265000,1012577,1.193205,1.329285,0.003490
1747832919,12811093453,22562218636,691069367600,2,0,11765.181303024292,11765.181303024292,0,1039308,1222371,1011499,1.183178,1.333582,0.003490
1747832920,12812347623,22563567432,691069372268,2,0,11765.181303024292,11765.181303024292,0,1029940,1363879,1018730,1.196070,1.286312,0.004452
1747832921,12813567247,22564968798,691069374788,59,15.964031219482422,4231.109380722046,14.837026596069336,301049.63193025696,1034005,1498344,1013715,1.163124,1.336447,0.002403
1747832922,12814810903,22566355144,691069374968,25,12.263774871826172,16.043424606323242,12.263774871826172,0.5579705562771172,1079611,1290383,1013682,1.186043,1.322123,0.000172
1747832923,12816042543,22567756570,691069378116,25,0,16.043424606323242,12.263774871826172,0.5579705562771172,1035303,1369454,1015474,1.174583,1.336504,0.003002
1747832924,12817277187,22569145920,691069381296,25,0,16.043424606323242,12.263774871826172,0.5579705562771172,1035793,1168863,1015289,1.177448,1.324987,0.003033
1747832925,12818504321,22570541278,691069385768,25,0,16.043424606323242,12.263774871826172,0.5579705562771172,1112231,1268673,1014912,1.170286,1.330717,0.004265
1747832926,12819750981,22571905094,691069389248,39,16.048192977905273,4048.7349033355713,14.800310134887695,416710.0220340922,1022884,1314549,1011668,1.188908,1.300636,0.003319
1747832927,12820978115,22573322982,691069392848,63,15.984058380126953,20.055532455444336,10.823249816894531,0.9615349686209508,1025389,3494457,1015689,1.170286,1.352203,0.003433
1747832928,12822206751,22574685296,691069397110,64,15.988588333129883,17.019271850585938,14.890432357788086,0.1978598799665866,1021762,1278863,1014778,1.171719,1.299204,0.004065
1747832929,12823459419,22576062630,691069400830,64,16.170978546142578,19.994735717773438,11.872053146362305,0.8604982976183461,1034839,1170087,1009849,1.194637,1.313528,0.003548
1747832930,12824710645,22577488028,691069404310,63,16.027212142944336,17.03166961669922,14.835834503173828,0.11402559961054627,6274275,6274275,1011810,1.193262,1.359365,0.003319
1747832931,12825933273,22578839828,691069407910,64,15.996456146240234,18.451452255249023,13.525724411010742,0.32968420824986655,1036111,1438810,1011565,1.165989,1.289177,0.003433
1747832932,12827178431,22580248704,691069411270,64,16.134977340698242,17.635345458984375,14.348268508911133,0.20484583775347695,1013318,1277035,1013318,1.187475,1.343609,0.003204
1747832933,12828408569,22581617026,691069414630,63,15.978097915649414,20.44081687927246,11.532306671142578,0.8893978721156889,1051187,3784464,1010200,1.173151,1.304934,0.003204
1747832934,12829643213,22583019894,691069418350,64,17.009258270263672,17.009258270263672,14.945030212402344,0.1372394365075969,1017710,3022538,1009230,1.177448,1.337879,0.003548
1747832935,12830879359,22584457308,691069421830,64,15.99740982055664,19.134521484375,10.858774185180664,0.8256332024810905,1032318,3619346,1011204,1.178881,1.370825,0.003319
1747832936,12832169577,22585812112,691069423318,50,4.620552062988281,18.018722534179688,4.620552062988281,2.988506892638291,1183299,1359323,1015744,1.230448,1.292042,0.001419
1747832937,12833390703,22587183438,691069423618,50,0,18.018722534179688,4.620552062988281,2.988506892638291,1055810,4676045,1014005,1.164557,1.307798,0.000286
1747832938,12834638865,22588560772,691069423918,50,0,18.018722534179688,4.620552062988281,2.988506892638291,1024234,5686064,1012054,1.190340,1.313528,0.000286
1747832939,12835893035,22589950122,691069424280,50,0,18.018722534179688,4.620552062988281,2.988506892638291,1035531,4105325,1010597,1.196070,1.324987,0.000345
1747832940,12837136691,22591339472,691069424520,50,0,18.018722534179688,4.620552062988281,2.988506892638291,1036128,1205994,1012355,1.186043,1.324987,0.000229
1747832941,12838381849,22592760364,691069424820,50,0,18.018722534179688,4.620552062988281,2.988506892638291,1035660,4461485,1010667,1.187475,1.355068,0.000286
1747832942,12839631513,22594139200,691069425060,50,0,18.018722534179688,4.620552062988281,2.988506892638291,1025494,1334131,1013358,1.191772,1.314960,0.000229
1747832943,12840879675,22595519538,691069425560,50,0,18.018722534179688,4.620552062988281,2.988506892638291,1042974,1226696,1013748,1.190340,1.316393,0.000477
1747832944,12842132343,22596943434,691069426552,50,0,18.018722534179688,4.620552062988281,2.988506892638291,1036408,4046798,1010911,1.194637,1.357933,0.000946
1747832945,12843377501,22598304246,691069426732,50,0,18.018722534179688,4.620552062988281,2.988506892638291,1098463,3927672,1011715,1.187475,1.297771,0.000172
1747832946,12844606137,22599701106,691069426972,50,0,18.018722534179688,4.620552062988281,2.988506892638291,1020756,1226726,1011261,1.171719,1.332150,0.000229
1747832947,12845843785,22601061918,691069427212,50,0,18.018722534179688,4.620552062988281,2.988506892638291,1042890,1165338,1014303,1.180313,1.297771,0.000229
1747832948,12847084437,22602458778,691069427392,50,0,18.018722534179688,4.620552062988281,2.988506892638291,1038161,4091824,1017007,1.183178,1.332150,0.000172
1747832949,12848356631,22603842120,691069427632,50,0,18.018722534179688,4.620552062988281,2.988506892638291,1046433,1439674,1013325,1.213259,1.319258,0.000229
1747832950,12849565741,22605250996,691069427812,50,0,18.018722534179688,4.620552062988281,2.988506892638291,1113161,2365011,1010630,1.153097,1.343609,0.000172
1747832951,12850821473,22606650860,691069428174,50,0,18.018722534179688,4.620552062988281,2.988506892638291,1129314,2521126,1018151,1.197559,1.335014,0.000345
1747832952,12852081651,22608052226,691069429178,2,15976.035356521606,15976.035356521606,15976.035356521606,0,1036526,1264967,1012696,1.201799,1.336447,0.000957
1747832953,12853353845,22609408532,691069431302,2,0,15976.035356521606,15976.035356521606,0,1016681,1175493,1011488,1.213259,1.293474,0.002026
1747832954,12854544931,22610782862,691069435684,19,15.894889831542969,2029.3445587158203,14.954566955566406,212687.01213386343,1057021,2332865,1014285,1.135908,1.310663,0.004179
1747832955,12855809615,22612182786,691069439164,63,16.165494918823242,17.04120635986328,15.10167121887207,0.032261774355020124,1036606,1329594,1011704,1.206097,1.335072,0.003319
1747832956,12857027737,22613567630,691069440879,60,15.991926193237305,18.065690994262695,13.848066329956055,0.4176984188429111,1032878,4038968,1013398,1.161692,1.320690,0.001636
1747832957,12858278903,22614970498,691069441179,60,0,18.065690994262695,13.848066329956055,0.4176984188429111,1061860,1397127,1014643,1.193205,1.337879,0.000286
1747832958,12859554101,22616337318,691069441989,60,0,18.065690994262695,13.848066329956055,0.4176984188429111,1046081,2391884,1011914,1.216124,1.303501,0.000772
1747832959,12860743685,22617768724,691069445587,60,0,18.065690994262695,13.848066329956055,0.4176984188429111,1034784,1300298,1011706,1.134476,1.365095,0.003431
1747832960,12861991847,22619156572,691069449741,60,0,18.065690994262695,13.848066329956055,0.4176984188429111,1060090,1608910,1009941,1.190340,1.323555,0.003962
1747832961,12863199455,22620514380,691069453403,60,0,18.065690994262695,13.848066329956055,0.4176984188429111,1042585,1330195,1010594,1.151665,1.294907,0.003492
1747832962,12864447617,22621924758,691069457003,60,0,18.065690994262695,13.848066329956055,0.4176984188429111,1031366,4389524,1014374,1.190340,1.345041,0.003433
1747832963,12865715305,22623282566,691069461193,60,0,18.065690994262695,13.848066329956055,0.4176984188429111,1027870,1320164,1012411,1.208961,1.294907,0.003996
1747832964,12866942439,22624682430,691069464913,57,15.960454940795898,7206.046104431152,14.736413955688477,906671.9290426231,1037572,1231969,1013355,1.170286,1.335014,0.003548
1747832965,12868132023,22626059764,691069468813,64,15.402793884277344,23.95009994506836,8.047103881835938,2.217798959277994,1027373,1212313,1012028,1.134476,1.313528,0.003719
1747832966,12869402715,22627470142,691069472353,63,15.967845916748047,17.07625389099121,14.934778213500977,0.11164966241122122,1147240,1264323,1011888,1.211826,1.345041,0.003376
1747832967,12870598307,22628842970,691069474693,64,16.005277633666992,17.84372329711914,14.02735710144043,0.19930955700466688,1028015,1313189,1014455,1.140205,1.309231,0.002232
1747832968,12871838959,22630226312,691069475247,12,14.040946960449219,16.739845275878906,14.040946960449219,0.4139855788204187,1048183,1260106,1013421,1.183178,1.319258,0.000528
1747832969,12873097955,22631635188,691069475547,12,0,16.739845275878906,14.040946960449219,0.4139855788204187,1020619,1234859,1016977,1.200672,1.343609,0.000286
1747832970,12874281531,22633026040,691069475847,12,0,16.739845275878906,14.040946960449219,0.4139855788204187,1023751,1160496,1013025,1.128746,1.326420,0.000286
1747832971,12875535761,22634412386,691069476207,12,0,16.739845275878906,14.040946960449219,0.4139855788204187,1047554,2586717,1013069,1.196127,1.322123,0.000343
1747832972,12876807955,22635821262,691069476447,12,0,16.739845275878906,14.040946960449219,0.4139855788204187,1021940,1318470,1015874,1.213259,1.343609,0.000229
1747832973,12878032085,22637201600,691069476809,12,0,16.739845275878906,14.040946960449219,0.4139855788204187,1038991,1306601,1009920,1.167421,1.316393,0.000345
1747832974,12879275741,22638589448,691069480905,10,16.012907028198242,6725.005865097046,15.94686508178711,4445509.339434024,1024860,1360655,1012829,1.186043,1.323555,0.003906
1747832975,12880493863,22639950260,691069481385,38,4.538297653198242,17.101287841796875,4.538297653198242,3.507678853892372,1030443,3535937,1010940,1.161692,1.297771,0.000458
1747832976,12881749535,22641369650,691069481685,38,0,17.101287841796875,4.538297653198242,3.507678853892372,1022330,1343478,1014293,1.197502,1.353636,0.000286
1747832977,12882991689,22642755996,691069481865,38,0,17.101287841796875,4.538297653198242,3.507678853892372,1060434,1218536,1014004,1.184610,1.322123,0.000172
1747832978,12884232341,22644115306,691069482105,38,0,17.101287841796875,4.538297653198242,3.507678853892372,1038227,1267833,1017098,1.183178,1.296339,0.000229
1747832979,12885492519,22645504656,691069484887,38,0,17.101287841796875,4.538297653198242,3.507678853892372,1025313,1228648,1015508,1.201799,1.324987,0.002653
1747832980,12886716649,22646904520,691069488427,52,16.978979110717773,4624.587297439575,14.80865478515625,408284.3823287097,1032451,1211409,1010179,1.167421,1.335014,0.003376
1747832981,12887961807,22648284858,691069492323,64,16.013622283935547,17.01974868774414,14.84060287475586,0.13070704451904677,1059146,1305170,1013320,1.187475,1.316393,0.003716
1747832982,12889243013,22649696738,691069495383,64,15.996932983398438,19.001483917236328,14.004230499267578,0.2627331398709879,1036516,1441915,1008468,1.221853,1.346474,0.002918
1747832983,12890440107,22651111622,691069499037,63,16.000747680664062,16.97540283203125,14.972925186157227,0.09124606294451942,1079878,1541057,1009929,1.141638,1.349339,0.003485
1747832984,12891701787,22652476940,691069502831,64,15.997171401977539,17.095565795898438,14.849185943603516,0.10442044230220573,1039143,1223381,1017892,1.203232,1.302069,0.003618
1747832985,12892933427,22653878306,691069506431,64,15.92254638671875,18.006324768066406,14.00446891784668,0.19994231886672248,1032151,1358147,1011476,1.174583,1.336447,0.003433
1747832986,12894204119,22655251134,691069509971,63,16.073942184448242,18.079757690429688,13.988018035888672,0.242867884868946,1053196,1226168,1012185,1.211826,1.309231,0.003376
1747832987,12895417735,22656613448,691069513391,64,16.004562377929688,17.03810691833496,14.3890380859375,0.19086947155053063,1037598,1213112,1010099,1.157394,1.299204,0.003262
1747832988,12896670403,22658023886,691069516751,64,15.92254638671875,16.950607299804688,14.645099639892578,0.09030755407576443,1034767,3656190,1011307,1.194637,1.345098,0.003204
1747832989,12897896035,22659411734,691069520171,64,15.939712524414062,17.041683197021484,14.87421989440918,0.20923312126619512,1021045,5555834,1011548,1.168854,1.323555,0.003262
1747832990,12899129177,22660816104,691069523471,63,15.998601913452148,18.1887149810791,12.804508209228516,0.3248990646570189,1025335,2934472,1009036,1.176016,1.339312,0.003147
1747832991,12900374335,22662208458,691069527251,64,15.978574752807617,17.728805541992188,14.53089714050293,0.25191193246692134,1038571,1699796,1013534,1.187475,1.327852,0.003605
1747832992,12901628565,22663566266,691069531051,64,15.938997268676758,18.100261688232422,13.889074325561523,0.23460025845418808,1018031,1218448,1012448,1.196127,1.294907,0.003624
1747832993,12902830165,22664982652,691069534411,63,16.38340950012207,17.244338989257812,13.752460479736328,0.2048133136915196,1018031,1218448,1012448,1.145935,1.350771,0.003204
1747832994,12904078327,22666337456,691069535971,64,15.979766845703125,17.000675201416016,15.050411224365234,0.062127990849794756,1018031,1218448,1012448,1.190340,1.292042,0.001488
1747832995,12905356529,22667755344,691069536091,63,16.027212142944336,17.075777053833008,14.918088912963867,0.23304633232463204,1018031,1218448,1012448,1.218988,1.352203,0.000114
1747832996,12906585165,22669128172,691069536961,36,16.673564910888672,17.926692962646484,14.073371887207031,0.3996158007720048,1039518,1245803,1013085,1.171719,1.309231,0.000830
1747832997,12907837833,22670525032,691069538489,36,0,17.926692962646484,14.073371887207031,0.3996158007720048,1022971,2375617,1012147,1.194637,1.332150,0.001457
1747832998,12909061963,22671942920,691069542197,29,16.00813865661621,2016.2394046783447,15.942573547363281,137788.04746729202,1039568,4445306,1014978,1.167421,1.352203,0.003536
1747832999,12910328149,22673278198,691069544357,65,2.1119117736816406,17.037391662597656,2.1119117736816406,3.0792720906308575,1036145,4141267,1014900,1.207529,1.273420,0.002060
1747833000,12911582319,22674672054,691069544597,65,0,17.037391662597656,2.1119117736816406,3.0792720906308575,1026532,1288044,1011069,1.196070,1.329285,0.000229
1747833001,12912806449,22676059902,691069548047,65,0,17.037391662597656,2.1119117736816406,3.0792720906308575,1157753,1240849,1011077,1.167421,1.323555,0.003290
1747833002,12914065125,22677468778,691069551527,65,0,17.037391662597656,2.1119117736816406,3.0792720906308575,1037470,1313790,1010031,1.200367,1.343609,0.003319
1747833003,12915289255,22678835598,691069555129,65,0,17.037391662597656,2.1119117736816406,3.0792720906308575,1043536,1241932,1009776,1.167421,1.303501,0.003435
1747833004,12916547931,22680248980,691069558669,65,0,17.037391662597656,2.1119117736816406,3.0792720906308575,1020660,1332107,1012789,1.200367,1.347906,0.003376
1747833005,12917769057,22681639832,691069561969,65,0,17.037391662597656,2.1119117736816406,3.0792720906308575,1023299,1337765,1014898,1.164557,1.326420,0.003147
1747833006,12919020223,22683041198,691069565809,65,0,17.037391662597656,2.1119117736816406,3.0792720906308575,1036005,1332604,1011195,1.193205,1.336447,0.003662
1747833007,12920235341,22684396002,691069570117,65,0,17.037391662597656,2.1119117736816406,3.0792720906308575,1047374,4665765,1010622,1.158827,1.292042,0.004108
1747833008,12921495519,22685824404,691069574457,52,16.000747680664062,8227.946519851685,13.962030410766602,1296349.6061023918,1022827,1156396,1014942,1.201799,1.362230,0.004139
1747833009,12922742179,22687168694,691069578177,63,15.93470573425293,18.004655838012695,13.982772827148438,0.13143301895002982,1014886,1372598,1014886,1.188908,1.282015,0.003548
1747833010,12923955795,22688558044,691069581897,64,15.989065170288086,18.628358840942383,13.37289810180664,0.2295756346707116,1025411,1222722,1015100,1.157394,1.324987,0.003548
1747833011,12925203957,22689990952,691069585437,64,16.000747680664062,17.017364501953125,14.957427978515625,0.09742900932971273,1034798,3030415,1009871,1.190340,1.366528,0.003376
1747833012,12926408621,22691368286,691069589037,64,15.989065170288086,17.058134078979492,14.777183532714844,0.04841663181638428,1032445,1214224,1010535,1.148857,1.313528,0.003433
1747833013,12927658285,22692760640,691069592757,63,15.98978042602539,17.00568199157715,14.974117279052734,0.035657687503577715,1034912,1200637,1010950,1.191772,1.327852,0.003548
1747833014,12928904945,22694140978,691069596357,64,16.061067581176758,16.99662208557129,14.995098114013672,0.06305079516096616,1201710,1371769,1012140,1.188908,1.316393,0.003433
1747833015,12930106545,22695521316,691069597617,46,7.039546966552734,17.116546630859375,7.039546966552734,1.860789441056068,1187874,2958140,1012993,1.145935,1.316393,0.001202
1747833016,12931354707,22696913670,691069598291,46,0,17.116546630859375,7.039546966552734,1.860789441056068,1046971,1328629,1010979,1.190340,1.327852,0.000643
1747833017,12932598363,22698300016,691069602387,19,16.010522842407227,2017.948865890503,15.928268432617188,210286.27676778528,1037249,1391303,1011191,1.186043,1.322123,0.003906
1747833018,12933814983,22699692370,691069602507,21,10.063886642456055,16.96300506591797,10.063886642456055,1.767038247066921,1034107,1231229,1010499,1.160259,1.327852,0.000114
1747833019,12935057137,22701068202,691069602807,21,0,16.96300506591797,10.063886642456055,1.767038247066921,1039518,1215557,1010377,1.184610,1.312096,0.000286
1747833020,12936309805,22702459054,691069603047,21,0,16.96300506591797,10.063886642456055,1.767038247066921,1028370,1427357,1010416,1.194637,1.326420,0.000229
1747833021,12937580497,22703848464,691069603229,21,0,16.96300506591797,10.063886642456055,1.767038247066921,1388559,3498244,1015375,1.211826,1.325045,0.000174
1747833022,12938825655,22705227300,691069603469,21,0,16.96300506591797,10.063886642456055,1.767038247066921,1046116,1211262,1012114,1.187475,1.314960,0.000229
1747833023,12940079825,22706645188,691069603771,21,0,16.96300506591797,10.063886642456055,1.767038247066921,1039597,1186606,1013172,1.196070,1.352203,0.000288
1747833024,12941317473,22708036040,691069604011,21,0,16.96300506591797,10.063886642456055,1.767038247066921,1063471,2773170,1015436,1.180313,1.326420,0.000229
1747833025,12942570141,22709422386,691069604251,21,0,16.96300506591797,10.063886642456055,1.767038247066921,1027972,3155419,1015878,1.194637,1.322123,0.000229
1747833026,12943837829,22710781696,691069604431,21,0,16.96300506591797,10.063886642456055,1.767038247066921,1030047,1390563,1014695,1.208961,1.296339,0.000172
1747833027,12945076979,22712196580,691069604671,21,0,16.96300506591797,10.063886642456055,1.767038247066921,1021731,1316328,1014394,1.181746,1.349339,0.000229
1747833028,12946295101,22713584428,691069604731,21,0,16.96300506591797,10.063886642456055,1.767038247066921,1255040,1255040,1010238,1.161692,1.323555,0.000057
1747833029,12947544765,22714960260,691069607387,21,0,16.96300506591797,10.063886642456055,1.767038247066921,1060426,1227345,1014980,1.191772,1.312096,0.002533
1747833030,12948791425,22716336092,691069610927,53,16.019821166992188,11913.009643554688,14.98556137084961,2669557.40294539,1033495,1268138,1013167,1.188908,1.312096,0.003376
1747833031,12950033579,22717765996,691069614047,63,16.02482795715332,18.037796020507812,14.930963516235352,0.19816354733481398,1023936,3572738,1009365,1.184610,1.363663,0.002975
1747833032,12951279057,22719123804,691069617347,64,15.928030014038086,16.97683334350586,14.962911605834961,0.06758924286870024,1041364,3950791,1011796,1.187780,1.294907,0.003147
1747833033,12952483721,22720526672,691069620767,64,15.949010848999023,21.039247512817383,12.893199920654297,0.6135973487485827,1035723,1327744,1014197,1.148857,1.337879,0.003262
1747833034,12953749907,22721907010,691069621007,25,10.261774063110352,16.084671020507812,10.261774063110352,1.316225908314866,1022294,1238144,1011137,1.207529,1.316393,0.000229
1747833035,12955002575,22723317388,691069621307,25,0,16.084671020507812,10.261774063110352,1.316225908314866,1048872,1233755,1011617,1.194637,1.345041,0.000286
1747833036,12956244729,22724669188,691069621427,25,0,16.084671020507812,10.261774063110352,1.316225908314866,1017386,1196463,1011619,1.184610,1.289177,0.000114
1747833037,12957494393,22726084072,691069621607,25,0,16.084671020507812,10.261774063110352,1.316225908314866,1038794,1159400,1010579,1.191772,1.349339,0.000172
1747833038,12958708009,22727465912,691069622027,25,0,16.084671020507812,10.261774063110352,1.316225908314866,1022238,1394227,1010472,1.157394,1.317825,0.000401
1747833039,12959944155,22728843246,691069622207,25,0,16.084671020507812,10.261774063110352,1.316225908314866,1044550,1381156,1014006,1.178881,1.313528,0.000172
1747833040,12961183305,22730249118,691069625345,25,0,16.084671020507812,10.261774063110352,1.316225908314866,1062366,1336184,1016086,1.181746,1.340744,0.002993
1747833041,12962441981,22731632460,691069628765,25,0,16.084671020507812,10.261774063110352,1.316225908314866,1026408,1211577,1012630,1.200367,1.319258,0.003262
1747833042,12963688641,22733030822,691069632245,60,15.958309173583984,6722.751140594482,14.991283416748047,749459.91484216,1036321,1349888,1018563,1.188908,1.333582,0.003319
1747833043,12964905261,22734427682,691069635725,63,16.011953353881836,17.000675201416016,14.981269836425781,0.06120024718798717,1036738,1254889,1012166,1.160259,1.332150,0.003319
1747833044,12966135399,22735796004,691069639685,64,16.004562377929688,16.130685806274414,15.913963317871094,0.001366296922916714,1027553,1321364,1014199,1.173151,1.304934,0.003777
1747833045,12967389569,22737204880,691069643405,64,16.007423400878906,17.027616500854492,15.002965927124023,0.05832879050105718,1037126,1262426,1013647,1.196070,1.343609,0.003548
1747833046,12968639233,22738592728,691069646885,63,15.001535415649414,17.323017120361328,14.632225036621094,0.12118696272596495,1024819,1292578,1014688,1.191772,1.323555,0.003319
1747833047,12969882889,22739944528,691069650365,64,16.064882278442383,17.066001892089844,14.969825744628906,0.07221480242122887,1029036,1273819,1012162,1.186043,1.289177,0.003319
1747833048,12971129549,22741347396,691069654085,63,16.0067081451416,17.035245895385742,14.989852905273438,0.03586911673311863,1020932,1322243,1011386,1.188908,1.337879,0.003548
1747833049,12972370201,22742744256,691069657985,64,16.003131866455078,16.364097595214844,15.758514404296875,0.004122081594678938,1189340,1189340,1016045,1.183178,1.332150,0.003719
1747833050,12973585319,22744112578,691069659905,51,14.675617218017578,17.04716682434082,14.675617218017578,0.11589321493374882,1040146,1169987,1012850,1.158827,1.304934,0.001831
1747833051,12974848501,22745516948,691069660025,51,0,17.04716682434082,14.675617218017578,0.11589321493374882,1028219,1331871,1012387,1.204664,1.339312,0.000114
1747833052,12976077137,22746889776,691069660835,51,0,17.04716682434082,14.675617218017578,0.11589321493374882,1046744,4309818,1012559,1.171719,1.309231,0.000772
1747833053,12977284745,22748309166,691069661135,51,0,17.04716682434082,14.675617218017578,0.11589321493374882,1023976,2496069,1015959,1.151665,1.353636,0.000286
1747833054,12978535911,22749668536,691069661435,51,0,17.04716682434082,14.675617218017578,0.11589321493374882,1039035,2320907,1012461,1.193205,1.296396,0.000286
1747833055,12979781069,22751083420,691069661995,51,0,17.04716682434082,14.675617218017578,0.11589321493374882,1044586,5265810,1012607,1.187475,1.349339,0.000534
1747833056,12981030733,22752480280,691069662357,51,0,17.04716682434082,14.675617218017578,0.11589321493374882,1037447,1280142,1010238,1.191772,1.332150,0.000345
1747833057,12982304429,22753835084,691069662537,51,0,17.04716682434082,14.675617218017578,0.11589321493374882,1025507,1253817,1011657,1.214691,1.292042,0.000172
1747833058,12983531563,22755225936,691069663349,51,0,17.04716682434082,14.675617218017578,0.11589321493374882,1023627,1260761,1010759,1.170286,1.326420,0.000774
1747833059,12984778223,22756610780,691069663649,2,8166.931390762329,8166.931390762329,8166.931390762329,0,1037314,3439855,1010164,1.188908,1.320690,0.000286
1747833060,12986047413,22758000130,691069663949,2,0,8166.931390762329,8166.931390762329,0,1040728,1238186,1013082,1.210394,1.324987,0.000286
1747833061,12987270041,22759387978,691069664069,2,0,8166.931390762329,8166.931390762329,0,1023613,1384181,1012638,1.165989,1.323555,0.000114
1747833062,12988522709,22760796854,691069664249,2,0,8166.931390762329,8166.931390762329,0,1021657,2979867,1012006,1.194637,1.343609,0.000172
1747833063,12989754349,22762171184,691069664489,2,0,8166.931390762329,8166.931390762329,0,1057179,1323432,1015690,1.174583,1.310663,0.000229
1747833064,12991020535,22763556028,691069666017,2,0,8166.931390762329,8166.931390762329,0,1046539,1247269,1009877,1.207529,1.320690,0.001457
1747833065,12992237155,22764952888,691069669557,2,0,8166.931390762329,8166.931390762329,0,1034183,1308708,1015620,1.160259,1.332150,0.003376
1747833066,12993462787,22766339234,691069672977,2,0,8166.931390762329,8166.931390762329,0,1161283,2313952,1012609,1.168854,1.322123,0.003262
1747833067,12994734981,22767757122,691069677765,2,0,8166.931390762329,8166.931390762329,0,1040799,1207945,1019008,1.213259,1.352203,0.004566
1747833068,12995969625,22769126946,691069680585,27,15.979528427124023,8683.414697647095,14.98723030090332,2778258.7704448793,1112766,2530228,1011164,1.177448,1.306366,0.002689
1747833069,12997201265,22770519300,691069680885,63,15.951395034790039,17.162084579467773,14.870166778564453,0.20667852034361603,1040156,4981042,1010326,1.174583,1.327852,0.000286
1747833070,12998425395,22771889124,691069683135,7,7.515907287597656,17.04096794128418,7.515907287597656,10.71554518558868,1032924,3267174,1011941,1.167421,1.306366,0.002146
1747833071,12999688577,22773293494,691069686375,7,0,17.04096794128418,7.515907287597656,10.71554518558868,1054970,2563491,1012050,1.204664,1.339312,0.003090
1747833072,13000909703,22774682844,691069691243,7,0,17.04096794128418,7.515907287597656,10.71554518558868,1022313,1376829,1013624,1.164557,1.324987,0.004642
1747833073,13002127885,22776057174,691069691903,7,0,17.04096794128418,7.515907287597656,10.71554518558868,1029546,1230511,1008912,1.161749,1.310663,0.000629
1747833074,13003379051,22777493086,691069693611,26,12.046098709106445,3997.511863708496,12.046098709106445,608772.0222772955,1166280,1373642,1011921,1.193205,1.369392,0.001629
1747833075,13004636225,22778858404,691069697025,26,0,3997.511863708496,12.046098709106445,608772.0222772955,1036150,3876023,1013630,1.198935,1.302069,0.003256
1747833076,13005870869,22780256766,691069700145,44,16.028642654418945,1895.965814590454,14.002323150634766,80281.39605326558,1038212,2686561,1011395,1.177448,1.333582,0.002975
1747833077,13007088991,22781655128,691069703799,64,16.00933074951172,19.71888542175293,13.240337371826172,0.4492622412163383,1053361,1277820,1018211,1.161692,1.333582,0.003485
1747833078,13008338655,22782999418,691069707399,63,15.997648239135742,17.017602920532227,14.958858489990234,0.12161399271416495,1028511,1355946,1014808,1.191772,1.282015,0.003433
1747833079,13009550769,22784391772,691069711059,64,16.0062313079834,18.00227165222168,14.025449752807617,0.31844594238591833,1117606,1373845,1012353,1.155962,1.327852,0.003490
1747833080,13010822963,22785776616,691069714719,64,15.946388244628906,21.057605743408203,10.960817337036133,0.981478978279739,1037686,1189331,1010871,1.213259,1.320690,0.003490
1747833081,13012044089,22787177982,691069718199,63,16.141653060913086,17.9443359375,14.002084732055664,0.18486851526267767,1036519,4246382,1014822,1.164557,1.336447,0.003319
1747833082,13013299761,22788576344,691069721739,64,16.000986099243164,17.003774642944336,15.00391960144043,0.033780770587954374,1021049,1163147,1011416,1.197502,1.333582,0.003376
1747833083,13014528397,22789941662,691069725339,64,15.96212387084961,18.0051326751709,13.992547988891602,0.1948791286352628,1019094,3334382,1011787,1.171719,1.302069,0.003433
1747833084,13015779563,22791361052,691069728699,63,16.04747772216797,19.42729949951172,11.989831924438477,0.5213150058261439,1038165,1350505,1012305,1.193205,1.353636,0.003204
1747833085,13016991677,22792721864,691069732539,64,14.997720718383789,17.034530639648438,14.960050582885742,0.0876140453007118,1028476,1336694,1011111,1.155962,1.297771,0.003662
1747833086,13018221815,22794135246,691069735479,64,15.994071960449219,16.814708709716797,15.157938003540039,0.023027454591676957,1025810,1184872,1011759,1.173151,1.347906,0.002804
1747833087,13019475985,22795541178,691069739079,64,16.04604721069336,17.02737808227539,14.99032974243164,0.03564329741006851,1039524,1338675,1012388,1.196070,1.340801,0.003433
1747833088,13020721143,22796939540,691069739979,64,16.016006469726562,17.03929901123047,14.964580535888672,0.03728999886514233,1030360,4134437,1011344,1.187475,1.333582,0.000858
1747833089,13021943771,22798309364,691069740789,63,17.129898071289062,17.129898071289062,15.01154899597168,0.05421003551060148,3055627,3055627,1018370,1.165989,1.306366,0.000772
1747833090,13023167901,22799685196,691069741029,64,16.017675399780273,17.136335372924805,14.879941940307617,0.0901617362556408,1213966,4359363,1018484,1.167421,1.312096,0.000229
1747833091,13024423573,22801055020,691069743505,8,10.065793991088867,16.045331954956055,10.065793991088867,4.3176535919716414,1042820,4027790,1013289,1.197502,1.306366,0.002361
1747833092,13025673237,22802444370,691069746865,8,0,16.045331954956055,10.065793991088867,4.3176535919716414,1041154,1730713,1011514,1.191772,1.324987,0.003204
1747833093,13026900371,22803869768,691069749865,58,15.957355499267578,2012.937307357788,14.992475509643555,68733.50350252449,1052711,8866801,1012611,1.170286,1.359365,0.002861
1747833094,13028139521,22805241094,691069750105,62,7.949590682983398,17.009735107421875,7.949590682983398,1.0935718675479078,1638112,1638112,1011095,1.181746,1.307798,0.000229
1747833095,13029360647,22806609416,691069750345,62,0,17.009735107421875,7.949590682983398,1.0935718675479078,1026395,4916444,1009751,1.164557,1.304934,0.000229
1747833096,13030619643,22808028806,691069750705,62,0,17.009735107421875,7.949590682983398,1.0935718675479078,1022501,3663041,1009894,1.200672,1.353636,0.000343
1747833097,13031863299,22809412148,691069750885,62,0,17.009735107421875,7.949590682983398,1.0935718675479078,1028243,4089241,1014821,1.186043,1.319258,0.000172
1747833098,13033108457,22810775964,691069751185,62,0,17.009735107421875,7.949590682983398,1.0935718675479078,1035379,1322609,1009711,1.187475,1.300636,0.000286
1747833099,13034334089,22812165314,691069755221,62,0,17.009735107421875,7.949590682983398,1.0935718675479078,1022062,3577580,1011601,1.168854,1.324987,0.003849
1747833100,13035580749,22813569684,691069758161,29,17.074108123779297,5609.126567840576,13.657331466674805,1077351.1859942588,1015880,1254168,1011055,1.188908,1.339312,0.002804
1747833101,13036843931,22814977058,691069758461,64,17.00878143310547,18.98980140686035,12.991905212402344,0.9695100204711146,1043857,1389758,1013418,1.204664,1.342176,0.000286
1747833102,13038098101,22816370914,691069758761,4,5.082368850708008,17.017126083374023,5.082368850708008,27.121066876942578,1022915,1195547,1011450,1.196070,1.329285,0.000286
1747833103,13039338753,22817757260,691069758941,4,0,17.017126083374023,5.082368850708008,27.121066876942578,1035216,3810639,1012187,1.183178,1.322123,0.000172
1747833104,13040600433,22819149614,691069759181,4,0,17.017126083374023,5.082368850708008,27.121066876942578,1081286,2800941,1015164,1.203232,1.327852,0.000229
1747833105,13041803535,22820493904,691069763337,4,0,17.017126083374023,5.082368850708008,27.121066876942578,1100137,1250767,1014739,1.147367,1.282015,0.003963
1747833106,13043026163,22821902780,691069767177,33,15.962362289428711,4494.913816452026,14.816999435424805,607305.9320878244,1019327,1271987,1014173,1.165989,1.343609,0.003662
1747833107,13044275827,22823311656,691069770897,63,15.96522331237793,17.048120498657227,14.778614044189453,0.20843092559331639,1020719,3265421,1013696,1.191772,1.343609,0.003548
1747833108,13045489443,22824679978,691069774617,64,15.995264053344727,17.027616500854492,14.832258224487305,0.07300923057563055,1037773,1360497,1015116,1.157394,1.304934,0.003548
1747833109,13046715075,22826079842,691069778157,64,15.999555587768555,17.10677146911621,14.93692398071289,0.03866901639709368,1200035,1451188,1013066,1.168854,1.335014,0.003376
1747833110,13047960233,22827473698,691069781457,63,16.010761260986328,19.036054611206055,12.993574142456055,0.3746314409650167,1023671,3323617,1016054,1.187475,1.329285,0.003147
1747833111,13049218909,22828831506,691069784877,64,16.008377075195312,16.99995994567871,14.91093635559082,0.035804668214025115,1067923,1221786,1009998,1.200367,1.294907,0.003262
1747833112,13050470075,22830258406,691069788297,64,15.991687774658203,19.216299057006836,13.883352279663086,0.45785512765233044,1067923,1221786,1009998,1.193205,1.360798,0.003262
1747833113,13051712289,22831611708,691069789017,64,16.028642654418945,17.075061798095703,14.91999626159668,0.13422700682158822,1155737,1340834,1011236,1.184668,1.290609,0.000687
1747833114,13052964957,22833016078,691069790545,21,1.0633468627929688,16.063690185546875,1.0633468627929688,10.59756639222087,1036752,8738205,1011698,1.194637,1.339312,0.001457
1747833115,13054177071,22834423452,691069794313,21,0,16.063690185546875,1.0633468627929688,10.59756639222087,1038878,1379864,1011765,1.155962,1.342176,0.003593
1747833116,13055431241,22835773750,691069797733,53,16.00480079650879,1884.9868774414062,15.833139419555664,65883.5037222092,1183440,1317681,1010271,1.196070,1.287745,0.003262
1747833117,13056674897,22837163100,691069801153,63,15.953540802001953,17.039060592651367,14.946699142456055,0.18802713785127417,1034337,1282944,1011176,1.186043,1.324987,0.003262
1747833118,13057915549,22838580988,691069804933,64,16.00170135498047,17.041444778442383,14.962911605834961,0.1336612810378531,1040184,1353350,1011360,1.183178,1.352203,0.003605
1747833119,13059156201,22839988422,691069808413,64,15.999555587768555,16.074180603027344,15.931844711303711,0.0009413101165531072,1053475,2940846,1013876,1.183178,1.342234,0.003319
1747833120,13060408869,22841329708,691069812213,63,16.002178192138672,19.03223991394043,12.924432754516602,0.37392760847359513,1053429,1459998,1013406,1.194637,1.279150,0.003624
